idx,tag,time,mag,depth,lat,lon,t,r,km_safod,cl
1,ev_20240510T122958,2024-05-10 12:29:58+00:00,1.12,1.732,36.00191,-120.5592,-2.532442716134414,0.5983332273313198,2.6021661671443965,104
2,ev_20240512T042912,2024-05-12 04:29:12+00:00,1.03,0.387,36.03855,-120.60439,-8.28827607797206,0.6040081813431182,8.310255485110753,122
3,ev_20240513T093029,2024-05-13 09:30:29+00:00,0.78,4.723,35.99192,-120.55047,-1.1915766603589004,0.3683076871638864,1.247199057863692,57
4,ev_20240522T154439,2024-05-22 15:44:39+00:00,0.95,3.9,36.0378,-120.5946,-7.606449073900488,1.1679003809139297,7.695586970048517,195
5,ev_20240522T213127,2024-05-22 21:31:27+00:00,2.03,2.369,35.98474,-120.54271,-0.1333551669919785,0.2974999854491943,0.3260212292255358,178
6,ev_20240525T045628,2024-05-25 04:56:28+00:00,1.44,3.851,35.9197,-120.48831,8.441335988730323,-1.355115105086226,8.549414612864824,110
7,ev_20240526T183337,2024-05-26 18:33:37+00:00,1.72,6.625,35.97633,-120.53383,1.0928295314425718,0.201242409420748,1.1112042531157171,76
8,ev_20240609T163544,2024-06-09 16:35:44+00:00,1.85,2.792,35.99685,-120.56016,-2.195686450704866,0.1394226783994847,2.200108559380882,51
9,ev_20240619T021347,2024-06-19 02:13:47+00:00,1.11,4.697,36.08166,-120.63307,-13.50240196913867,2.168774852847698,13.675468668332517,25
10,ev_20240619T074904,2024-06-19 07:49:04+00:00,2.52,11.084,35.97862,-120.52664,1.3702247394825149,0.8387318872016305,1.6065450554835785,118
11,ev_20240622T104525,2024-06-22 10:45:25+00:00,1.7,4.182,36.04703,-120.60334,-8.88819771562271,1.3375360665745086,8.988273547316435,26
12,ev_20240623T035208,2024-06-23 03:52:08+00:00,0.99,4.644,36.03639,-120.589,-7.139307030785624,1.4133249915684356,7.277856306057227,111
13,ev_20240625T072136,2024-06-25 07:21:36+00:00,1.73,2.559,36.08282,-120.64144,-14.126121214265858,1.7274614386806153,14.231353540062884,10
14,ev_20240625T212012,2024-06-25 21:20:12+00:00,3.24,4.676,36.08075,-120.63366,-13.468391847777106,2.059690744749412,13.624973575360622,28
15,ev_20240703T025446,2024-07-03 02:54:46+00:00,1.03,10.829,35.95752,-120.50406,4.465759594402263,0.6163675755162694,4.508094691013452,155
16,ev_20240704T004415,2024-07-04 00:44:15+00:00,0.93,4.28,35.99841,-120.55597,-2.051762372448392,0.528651150016023,2.118773435600965,77
17,ev_20240704T181644,2024-07-04 18:16:44+00:00,0.96,6.095,36.0677,-120.61829,-11.464488560372178,2.01152843385092,11.639619606803963,79
18,ev_20240705T080457,2024-07-05 08:04:57+00:00,1.2,11.206,35.96265,-120.50876,3.763399056519627,0.7206811004140596,3.8317820537064526,15
19,ev_20240708T083036,2024-07-08 08:30:36+00:00,0.65,2.231,35.99938,-120.55994,-2.380606309310537,0.3523362269745052,2.406538430353392,103
20,ev_20240709T142549,2024-07-09 14:25:49+00:00,0.87,4.142,36.07206,-120.62599,-12.297175299918957,1.8644360244650395,12.437710482490733,39
21,ev_20240710T203038,2024-07-10 20:30:38+00:00,1.55,11.219,35.95767,-120.50721,4.253556742579493,0.4277516845932043,4.275010697766239,55
23,ev_20240712T034644,2024-07-12 03:46:44+00:00,2.68,11.509,35.97184,-120.51913,2.381091445984437,0.7834679610218981,2.5066747934441094,181
27,ev_20240831T060450,2024-08-31 06:04:50+00:00,1.29,11.634,35.96894,-120.51778,2.694988465272962,0.6413504029101604,2.7702514628219834,17
28,ev_20240831T134943,2024-08-31 13:49:43+00:00,0.83,4.848,36.01474,-120.56985,-4.218752951933421,0.9294943805158636,4.319934753310231,74
29,ev_20240901T023735,2024-09-01 02:37:35+00:00,0.53,5.204,36.07516,-120.62213,-12.29532622175913,2.353748961225107,12.51859341427566,157
30,ev_20240901T113911,2024-09-01 11:39:11+00:00,0.79,3.101,36.00365,-120.55121,-2.160907128316921,1.24347756158897,2.493141805711447,84
31,ev_20240901T170140,2024-09-01 17:01:40+00:00,1.46,4.995,35.99467,-120.55464,-1.673094303093026,0.3192176609303179,1.703274629087207,84
32,ev_20240901T210556,2024-09-01 21:05:56+00:00,0.65,10.416,35.96961,-120.51522,2.8051832972674693,0.8569003269247666,2.933143621023724,80
33,ev_20240902T090001,2024-09-02 09:00:01+00:00,1.01,0.944,36.04389,-120.61045,-9.093673439300114,0.6383066280559744,9.116048045729714,113
34,ev_20240902T194504,2024-09-02 19:45:04+00:00,2.2,2.26,36.06255,-120.62349,-11.390413582743022,1.2757844205786473,11.461638079861356,3
35,ev_20240902T212200,2024-09-02 21:22:00+00:00,2.2,6.164,36.06487,-120.61626,-11.112832189885587,1.9181774753562912,11.2771647193575,135
36,ev_20240902T215343,2024-09-02 21:53:43+00:00,0.99,6.057,36.06323,-120.61631,-10.987071238098228,1.7860543213029247,11.13129482269202,136
38,ev_20240919T212508,2024-09-19 21:25:08+00:00,0.62,3.399,35.96996,-120.52646,2.0625536415420336,0.1693069132990161,2.069490844417811,78
39,ev_20240928T041147,2024-09-28 04:11:47+00:00,1.75,3.337,36.08632,-120.64643,-14.718776317829278,1.6851687561185145,14.81493064549713,6
40,ev_20241002T021658,2024-10-02 02:16:58+00:00,1.05,5.07,35.93813,-120.48358,7.293242524609579,0.3948426933782452,7.303922732017892,16
41,ev_20241003T182157,2024-10-03 18:21:57+00:00,0.92,10.036,35.98647,-120.53756,0.0582801085067478,0.7611715433275765,0.763399429800182,159
42,ev_20241004T102546,2024-10-04 10:25:46+00:00,1.28,8.119,35.96845,-120.517,2.783139012417119,0.6524502111131942,2.858593017625942,116
43,ev_20241006T141305,2024-10-06 14:13:05+00:00,0.77,2.233,35.99684,-120.55331,-1.7590893634675442,0.5744473015763046,1.850509413905519,49
44,ev_20241006T183847,2024-10-06 18:38:47+00:00,1.44,1.568,36.03631,-120.59867,-7.748242133648375,0.7918101762261385,7.788595477800809,148
45,ev_20241007T174227,2024-10-07 17:42:27+00:00,0.71,2.202,35.98007,-120.5441,0.1453805795243685,-0.1581049840563842,0.2147852389860875,156
46,ev_20241009T230411,2024-10-09 23:04:11+00:00,0.7,3.681,36.03988,-120.5947,-7.776347538406726,1.3250744408881507,7.888434782133867,45
47,ev_20241010T154707,2024-10-10 15:47:07+00:00,2.05,5.181,35.96104,-120.50926,3.8581714020206617,0.5622867322547553,3.898929716812013,108
48,ev_20241020T232837,2024-10-20 23:28:37+00:00,1.05,10.39,35.94192,-120.48801,6.713415024864162,0.4109790723741739,6.725982834798304,174
49,ev_20241023T170230,2024-10-23 17:02:30+00:00,0.81,0.934,36.06082,-120.63263,-11.835900728646584,0.5582609922943123,11.84905909318939,36
50,ev_20241027T014005,2024-10-27 01:40:05+00:00,0.37,2.327,36.07312,-120.64181,-13.387016293548642,0.941276221196027,13.42006729373314,154
51,ev_20241031T155654,2024-10-31 15:56:54+00:00,1.1,2.366,36.08364,-120.64276,-14.274573310634366,1.7079513952330272,14.376388321451026,5
52,ev_20241202T222706,2024-12-02 22:27:06+00:00,0.37,3.331,35.95111,-120.49039,5.839447375367103,0.9821058940190248,5.921459080053551,60
53,ev_20241209T175058,2024-12-09 17:50:58+00:00,0.91,2.229,36.00297,-120.56162,-2.769748606146518,0.5277085276787716,2.819571533307052,89
54,ev_20241211T064659,2024-12-11 06:46:59+00:00,2.03,4.716,35.99936,-120.55885,-2.309685840554001,0.4201117676111543,2.347582283827558,90
55,ev_20241219T000022,2024-12-19 00:00:22+00:00,0.71,2.565,35.97973,-120.54131,0.3496179117599732,-0.0073314298599627,0.3496947727478865,192
56,ev_20241221T065440,2024-12-21 06:54:40+00:00,1.79,10.769,35.93294,-120.48463,7.63449382438981,-0.0800148539827265,7.63491311879212,8
57,ev_20241223T074943,2024-12-23 07:49:43+00:00,0.73,3.649,35.97849,-120.54428,0.2581532761858913,-0.293781608874812,0.3910891812855248,70
58,ev_20241223T081615,2024-12-23 08:16:15+00:00,0.96,3.048,35.97823,-120.54177,0.4382865858372633,-0.1545323647830782,0.4647315172121805,71
59,ev_20241229T012630,2024-12-29 01:26:30+00:00,1.45,10.755,35.9606,-120.50644,4.072179715235981,0.707106626830343,4.133115945008896,56
60,ev_20241230T032120,2024-12-30 03:21:20+00:00,0.81,0.125,36.02703,-120.58548,-6.179444330949172,0.901361331243384,6.244836626266591,18
61,ev_20241230T043933,2024-12-30 04:39:33+00:00,0.98,6.957,36.05554,-120.60536,-9.685797658923123,1.8781030383365231,9.866202274036832,189
62,ev_20241230T043933,2024-12-30 04:39:33+00:00,1.02,6.742,36.05514,-120.6064,-9.720515281286731,1.7804868535729557,9.88223409809113,189
63,ev_20241230T181733,2024-12-30 18:17:33+00:00,1.79,4.22,35.9939,-120.56107,-2.021644042473083,-0.1504118110703866,2.0272316955336858,59
64,ev_20250102T001400,2025-01-02 00:14:00+00:00,1.01,0.001,36.10876,-120.49076,-6.579040725986268,13.35351369860683,14.886238778585616,63
65,ev_20250107T174631,2025-01-07 17:46:31+00:00,0.57,5.278,36.03561,-120.59314,-7.341376106250015,1.088603719424012,7.42164814521427,184
66,ev_20250110T170322,2025-01-10 17:03:22+00:00,1.69,4.84,36.01593,-120.57193,-4.44464837063119,0.8907221849574714,4.533021635656497,46
67,ev_20250110T230532,2025-01-10 23:05:32+00:00,0.85,0.812,36.063,-120.63676,-12.270058264763808,0.4669006212580946,12.278938309594595,68
68,ev_20250115T030006,2025-01-15 03:00:06+00:00,1.04,2.4,36.06859,-120.62816,-12.162412574675798,1.4535537208872666,12.248963142084198,188
69,ev_20250116T195254,2025-01-16 19:52:54+00:00,0.28,9.861,35.91007,-120.45988,11.007251537787695,-0.3034824458116105,11.011434421139027,96
70,ev_20250119T060854,2025-01-19 06:08:54+00:00,2.15,6.237,36.06607,-120.61676,-11.23899104481522,1.9807143076276537,11.412192991440234,29
71,ev_20250119T153852,2025-01-19 15:38:52+00:00,0.91,4.959,36.05774,-120.62004,-10.79273999814242,1.1171027923181214,10.850398855162338,21
72,ev_20250119T185345,2025-01-19 18:53:45+00:00,2.08,6.144,36.06572,-120.61729,-11.245192595773394,1.919476514568677,11.407837069577102,31
73,ev_20250120T051448,2025-01-20 05:14:48+00:00,1.01,4.646,36.02134,-120.57536,-5.088223436579661,1.0978501754711851,5.205313895274774,129
74,ev_20250120T052429,2025-01-20 05:24:29+00:00,2.1,4.687,36.02148,-120.5773,-5.222657408955113,0.9854306999349364,5.31481176295906,129
75,ev_20250122T182736,2025-01-22 18:27:36+00:00,1.67,6.236,36.06536,-120.61676,-11.183168570684726,1.92489183349716,11.347619479477393,30
76,ev_20250122T211700,2025-01-22 21:17:00+00:00,1.31,3.017,36.01086,-120.57117,-3.997675994200774,0.5404552829671192,4.034043290235768,138
77,ev_20250123T102223,2025-01-23 10:22:23+00:00,1.05,5.565,36.0615,-120.61903,-11.024104998537846,1.476984278483651,11.12260642015508,22
78,ev_20250123T195604,2025-01-23 19:56:04+00:00,1.87,11.271,35.96866,-120.51753,2.7329084677783024,0.635241411734859,2.805765554075616,140
79,ev_20250124T021718,2025-01-24 02:17:18+00:00,0.68,3.289,36.01293,-120.56955,-4.057358347705584,0.8062729898822656,4.1366934737674095,185
80,ev_20250124T085520,2025-01-24 08:55:20+00:00,1.05,2.552,36.05755,-120.62074,-10.822337005432368,1.0576289678875757,10.873893382448893,150
81,ev_20250203T071922,2025-02-03 07:19:22+00:00,1.01,4.001,36.03899,-120.59189,-7.52759500406807,1.43387767388684,7.662942759080333,44
82,ev_20250203T193712,2025-02-03 19:37:12+00:00,1.31,4.186,36.03736,-120.58877,-7.200938472484481,1.5042225636902056,7.356371415692784,9
83,ev_20250204T010854,2025-02-04 01:08:54+00:00,2.17,4.916,35.98647,-120.54294,-0.2840063733932628,0.418885061427566,0.5060872600798889,43
84,ev_20250204T052750,2025-02-04 05:27:50+00:00,0.79,4.184,35.98904,-120.54859,-0.8455324331217426,0.2614822651206673,0.8850412817679236,75
85,ev_20250206T213008,2025-02-06 21:30:08+00:00,1.3,7.67,35.98099,-120.53244,0.8148800169564755,0.6560611468960758,1.0461575744129468,120
86,ev_20250207T125057,2025-02-07 12:50:57+00:00,0.81,3.989,35.98682,-120.54255,-0.2867119056073183,0.4712157713143127,0.5515868199588552,97
87,ev_20250208T205342,2025-02-08 20:53:42+00:00,1.19,10.449,35.88707,-120.4412,14.00404459004146,-0.9233567315633238,14.03445234177639,173
88,ev_20250211T011936,2025-02-11 01:19:36+00:00,1.18,13.558,35.94917,-120.50071,5.335397115357403,0.1729976063691882,5.338201059380732,1
89,ev_20250211T013548,2025-02-11 01:35:48+00:00,1.85,5.006,36.01226,-120.56869,-3.949965862209495,0.8083103833582559,4.031822911347318,37
90,ev_20250211T052714,2025-02-11 05:27:14+00:00,0.84,5.101,36.00974,-120.56471,-3.4986197404707866,0.8633955619767741,3.603580439625715,98
91,ev_20250214T131847,2025-02-14 13:18:47+00:00,0.52,6.409,36.07906,-120.6346,-13.39532333600509,1.8670128303804263,13.524807731902426,145
92,ev_20250217T164240,2025-02-17 16:42:40+00:00,1.94,4.285,36.05584,-120.60974,-9.988049079065128,1.623025539995047,10.119058074212736,53
93,ev_20250218T074425,2025-02-18 07:44:25+00:00,0.57,1.872,35.98899,-120.54817,-0.8148800234549152,0.2842723544872207,0.8630412644547137,41
94,ev_20250221T210348,2025-02-21 21:03:48+00:00,0.83,1.802,36.00064,-120.56944,-3.0840807603411595,-0.1530077524965807,3.0878739463635103,102
95,ev_20250224T043042,2025-02-24 04:30:42+00:00,1.66,4.782,36.00155,-120.55667,-2.3431746457292046,0.7309925915763427,2.454550384353045,87
96,ev_20250225T105231,2025-02-25 10:52:31+00:00,0.66,4.005,35.92931,-120.47423,8.581565086922591,0.2962519547689162,8.586677154859915,193
97,ev_20250228T000011,2025-02-28 00:00:11+00:00,1.1,4.582,36.04821,-120.60367,-9.001968362639268,1.4093161786379445,9.111619312357652,139
98,ev_20250301T193338,2025-03-01 19:33:38+00:00,0.82,3.831,36.00901,-120.57262,-3.94447500150513,0.3027504245626726,3.956076447324012,61
99,ev_20250302T112059,2025-03-02 11:20:59+00:00,0.82,7.767,36.10596,-120.59776,-13.166452181988769,6.325812305804617,14.607236712974355,166
100,ev_20250302T113833,2025-03-02 11:38:33+00:00,1.06,8.171,36.10725,-120.60601,-13.792757800787198,5.902354550746112,15.002598341417045,146
101,ev_20250302T132254,2025-03-02 13:22:54+00:00,1.69,7.976,36.09965,-120.61145,-13.541325261245706,4.958714404685026,14.420691328021755,147
102,ev_20250303T170008,2025-03-03 17:00:08+00:00,0.92,8.684,36.10491,-120.6035,-13.449088228895038,5.878067532597058,14.6775220015633,161
103,ev_20250303T173227,2025-03-03 17:32:27+00:00,0.73,6.616,36.08396,-120.61656,-12.632835741956018,3.4000078138306744,13.082377154682211,34
104,ev_20250303T192641,2025-03-03 19:26:41+00:00,0.96,6.417,36.0812,-120.61347,-12.219243651662914,3.379599823563836,12.677997096786902,167
105,ev_20250303T234203,2025-03-03 23:42:03+00:00,1.19,8.57,36.10436,-120.59744,-13.020296009938512,6.220374228253919,14.42987053739382,143
106,ev_20250304T011324,2025-03-04 01:13:24+00:00,0.85,8.571,36.10245,-120.59674,-12.825590276346928,6.114739326384638,14.20865239797074,163
107,ev_20250304T025205,2025-03-04 02:52:05+00:00,1.79,7.932,36.09834,-120.61262,-13.51276663182574,4.781280242245181,14.33371908476887,144
108,ev_20250304T075905,2025-03-04 07:59:05+00:00,1.08,8.106,36.10571,-120.60304,-13.482720660872642,5.970232225420489,14.745420619452377,35
109,ev_20250304T133912,2025-03-04 13:39:12+00:00,0.61,1.158,36.0543,-120.62769,-11.008984653154917,0.3599305006639639,11.014866910621691,194
110,ev_20250304T152933,2025-03-04 15:29:33+00:00,1.04,8.339,36.10226,-120.60071,-13.063231297729924,5.847221487862162,14.312163046377988,23
111,ev_20250304T201048,2025-03-04 20:10:48+00:00,1.2,7.822,36.09697,-120.61293,-13.424775670739349,4.653843627110987,14.20854891659513,186
112,ev_20250304T233823,2025-03-04 23:38:23+00:00,0.57,8.435,36.10421,-120.60326,-13.378782701358018,5.838300575934706,14.597177130702912,153
113,ev_20250305T162544,2025-03-05 16:25:44+00:00,0.75,8.708,36.10695,-120.6004,-13.412251292775466,6.2356871369573135,14.790952599835212,164
114,ev_20250306T101126,2025-03-06 10:11:26+00:00,0.44,4.021,36.01513,-120.57862,-4.807381139813412,0.4021922909753299,4.824175790987896,69
115,ev_20250307T061016,2025-03-07 06:10:16+00:00,1.07,6.319,36.04691,-120.6009,-8.723525195976604,1.4833390175001813,8.84873925967293,11
116,ev_20250322T015835,2025-03-22 01:58:35+00:00,2.23,4.554,36.03122,-120.5873,-6.624667632756449,1.1150004705762937,6.717845435396403,197
117,ev_20250322T184603,2025-03-22 18:46:03+00:00,1.52,4.41,35.98905,-120.54949,-0.9035784855436972,0.2050086767580973,0.9265433811125888,42
118,ev_20250323T000218,2025-03-23 00:02:18+00:00,1.19,4.764,36.0171,-120.57364,-4.645431176886792,0.8739176737224761,4.726918966899719,47
119,ev_20250325T094316,2025-03-25 09:43:16+00:00,1.48,5.503,36.07215,-120.61803,-11.797820087831752,2.3779434130922894,12.035080959458288,170
120,ev_20250325T120542,2025-03-25 12:05:42+00:00,0.04,6.566,35.98362,-120.5433,-0.0828341730001735,0.1719050047206667,0.1908214633227487,64
121,ev_20250325T121040,2025-03-25 12:10:40+00:00,0.87,4.428,36.0699,-120.62159,-11.847412281743091,1.9745468056797837,12.010828983105924,198
122,ev_20250329T064347,2025-03-29 06:43:47+00:00,0.79,4.888,36.00677,-120.56445,-3.2485671016687734,0.6464263749583636,3.312258334171184,81
123,ev_20250329T064358,2025-03-29 06:43:58+00:00,0.79,3.847,36.0063,-120.56999,-3.5640802017845177,0.2570074640224997,3.573334650059472,82
124,ev_20250329T064647,2025-03-29 06:46:47+00:00,0.75,3.826,36.00781,-120.56519,-3.377415529555982,0.6811142093108258,3.445410313070277,83
125,ev_20250401T130147,2025-04-01 13:01:47+00:00,0.76,3.491,36.04095,-120.59191,-7.682968922401299,1.5867067113147515,7.845103546181877,94
126,ev_20250402T154647,2025-04-02 15:46:47+00:00,1.09,2.02,36.00199,-120.56274,-2.7639545325834503,0.3794011233618288,2.7898727337634623,123
127,ev_20250402T154714,2025-04-02 15:47:14+00:00,1.08,1.749,36.00276,-120.56288,-2.8334014820660043,0.4310339064999222,2.865999683727549,123
128,ev_20250406T061118,2025-04-06 06:11:18+00:00,3.17,3.271,35.99478,-120.5568,-1.8191664243635184,0.1904426443197588,1.8291076732404383,105
129,ev_20250406T061257,2025-04-06 06:12:57+00:00,1.07,2.718,35.99871,-120.55787,-2.1962311763982845,0.4313562678666588,2.238191146888854,101
130,ev_20250406T061956,2025-04-06 06:19:56+00:00,1.77,3.172,35.99799,-120.5582,-2.1606177377155618,0.3537522942290078,2.1893856887728576,99
131,ev_20250406T081710,2025-04-06 08:17:10+00:00,1.61,3.526,35.99954,-120.55899,-2.3327451002653743,0.425356860979875,2.371208165048941,124
132,ev_20250406T082321,2025-04-06 08:23:21+00:00,1.86,3.133,35.99934,-120.55943,-2.34501414963508,0.3816385304090728,2.3758660168202947,127
133,ev_20250406T125841,2025-04-06 12:58:41+00:00,1.14,2.541,36.00104,-120.5606,-2.553111361244868,0.4408602090007871,2.5908947000597764,126
134,ev_20250406T135122,2025-04-06 13:51:22+00:00,1.62,3.292,36.00073,-120.561,-2.5541869773783845,0.391038207006241,2.583946979863941,125
135,ev_20250406T142416,2025-04-06 14:24:16+00:00,1.18,3.536,36.00072,-120.56104,-2.555945626254914,0.3877070940703262,2.5851837140064307,125
136,ev_20250406T145218,2025-04-06 14:52:18+00:00,0.81,1.75,36.00144,-120.56096,-2.6074645706017523,0.4494055620438617,2.645909455393238,103
137,ev_20250406T220114,2025-04-06 22:01:14+00:00,0.53,1.178,36.00719,-120.56694,-3.4400076833475906,0.5210292837993926,3.4792419254870683,109
138,ev_20250408T040907,2025-04-08 04:09:07+00:00,0.94,1.799,35.99923,-120.55795,-2.2422050037712715,0.4671505716129484,2.290352142246958,50
139,ev_20250408T131133,2025-04-08 13:11:33+00:00,1.62,2.747,35.99836,-120.55627,-2.066917819095374,0.5056333830687666,2.1278661586123184,100
140,ev_20250410T010144,2025-04-10 01:01:44+00:00,1.42,5.0,36.02176,-120.57632,-5.182322323590727,1.0697947789799644,5.291590076217127,119
141,ev_20250410T202759,2025-04-10 20:27:59+00:00,0.6,5.008,36.04648,-120.60903,-9.20696426289679,0.9322839960007644,9.25404475823722,106
142,ev_20250414T190630,2025-04-14 19:06:30+00:00,2.05,4.49,36.03919,-120.59395,-7.674381011343483,1.3185409478114083,7.786826962140922,196
143,ev_20250415T042402,2025-04-15 04:24:02+00:00,0.9,3.708,36.0344,-120.58899,-6.982210636588636,1.2575010378250115,7.0945453859865095,112
144,ev_20250415T042436,2025-04-15 04:24:36+00:00,0.33,12.886,35.87747,-120.63095,2.686548539493298,-13.750418279713855,14.010408485199228,40
145,ev_20250416T172648,2025-04-16 17:26:48+00:00,0.78,4.664,36.00426,-120.55896,-2.7019379577464746,0.7983670398198568,2.817420568140637,180
146,ev_20250416T183517,2025-04-16 18:35:17+00:00,0.22,3.273,35.9281,-120.46087,9.52668938526358,1.051108101849528,9.5844999287948,92
147,ev_20250417T042322,2025-04-17 04:23:22+00:00,0.64,3.602,35.97675,-120.5291,1.360739953353954,0.5351963218530931,1.4622066624040533,162
148,ev_20250422T005122,2025-04-22 00:51:22+00:00,0.42,1.684,36.03633,-120.59635,-7.602211505142,0.9409857328524,7.660226753715921,199
149,ev_20250423T174424,2025-04-23 17:44:24+00:00,1.43,4.625,36.0364,-120.59104,-7.269882189038636,1.2843222973759234,7.382456962694613,111
151,ev_20250504T160744,2025-05-04 16:07:44+00:00,0.55,1.665,36.05371,-120.62582,-10.843623781015008,0.4325159932644347,10.852246163289136,158
152,ev_20250509T223833,2025-05-09 22:38:33+00:00,1.04,0.926,36.0588,-120.63183,-11.626184240459024,0.4503397403610716,11.63490291643408,175
153,ev_20250511T093453,2025-05-11 09:34:53+00:00,1.13,0.155,36.05728,-120.63971,-12.008018510443662,-0.1705090667438549,12.00922902975039,107
154,ev_20250511T121311,2025-05-11 12:13:11+00:00,1.07,0.21,36.01223,-120.5722,-4.170920465648778,0.5826383877397017,4.211418409708983,176
155,ev_20250511T140932,2025-05-11 14:09:32+00:00,0.82,1.766,36.0029,-120.56214,-2.7973284337182327,0.4891214516868973,2.839768680823986,123
156,ev_20250513T122116,2025-05-13 12:21:16+00:00,0.8,0.367,36.0463,-120.61857,-9.79976618251382,0.3111777233036417,9.8047054421549,187
157,ev_20250515T000724,2025-05-15 00:07:24+00:00,0.49,5.266,35.95572,-120.49605,5.11689376129296,0.9844582116060332,5.210735047453226,52
158,ev_20250516T103030,2025-05-16 10:30:30+00:00,0.7,4.106,36.00836,-120.57136,-3.813206171005856,0.3318090911617335,3.8276152596067856,62
159,ev_20250516T104932,2025-05-16 10:49:32+00:00,0.83,3.9,36.00969,-120.57066,-3.873239615135458,0.4809133670118282,3.902981268572183,93
160,ev_20250519T125043,2025-05-19 12:50:43+00:00,1.89,10.051,35.93047,-120.47191,8.637965264009761,0.5350579628161922,8.654520837447457,27
161,ev_20250519T145612,2025-05-19 14:56:12+00:00,2.0,4.812,36.01102,-120.56726,-3.761493598088832,0.8017971040392688,3.845999568968908,91
162,ev_20250521T013309,2025-05-21 01:33:09+00:00,1.02,3.698,36.03863,-120.59823,-7.902654274639132,1.0022096971555934,7.96595059371729,65
163,ev_20250525T133211,2025-05-25 13:32:11+00:00,0.9,4.341,36.03514,-120.5905,-7.136461061022953,1.2196129538309548,7.239926258785315,66
164,ev_20250526T080251,2025-05-26 08:02:51+00:00,0.91,4.76,36.02331,-120.57961,-5.513504742786216,0.982344289085156,5.6003334589133456,48
165,ev_20250527T121449,2025-05-27 12:14:49+00:00,1.75,2.916,35.97996,-120.54167,0.3086306469134432,-0.0121520213272424,0.3088697910714937,72
166,ev_20250527T175144,2025-05-27 17:51:44+00:00,0.62,3.259,36.02062,-120.57664,-5.113050919421301,0.959805280309172,5.20235676215159,165
167,ev_20250527T223638,2025-05-27 22:36:38+00:00,0.79,2.375,36.03841,-120.60214,-8.134119278572149,0.7361504839027098,8.167362730587474,95
168,ev_20250529T100922,2025-05-29 10:09:22+00:00,2.57,3.736,36.05031,-120.60573,-9.29813845561542,1.4433635382632528,9.409499298229536,2
169,ev_20250531T095921,2025-05-31 09:59:21+00:00,0.75,3.79,35.98872,-120.54688,-0.7115793494162372,0.3451164989057586,0.7908543281367334,14
170,ev_20250602T204939,2025-06-02 20:49:39+00:00,1.7,6.664,36.0547,-120.60643,-9.687829732646652,1.743983983572186,9.843552461571424,190
171,ev_20250602T210152,2025-06-02 21:01:52+00:00,0.67,6.141,36.05206,-120.60261,-9.237228350172616,1.7794548542055972,9.407063684880027,191
172,ev_20250602T234113,2025-06-02 23:41:13+00:00,1.88,2.453,36.01052,-120.57085,-3.950585057929941,0.5340824411976521,3.986523090856864,177
173,ev_20250607T150930,2025-06-07 15:09:30+00:00,1.16,4.913,36.02541,-120.58009,-5.709152039961959,1.116914444509756,5.8173804149081,160
174,ev_20250618T225624,2025-06-18 22:56:24+00:00,3.35,11.08,35.94331,-120.48973,6.494698893723308,0.4108354455726748,6.507680038498332,114
175,ev_20250618T230616,2025-06-18 23:06:16+00:00,2.38,11.001,35.94512,-120.4904,6.309764141111785,0.5105166878225869,6.330383148357253,117
176,ev_20250619T004739,2025-06-19 00:47:39+00:00,0.72,11.542,35.95337,-120.48849,5.782640779637359,1.280676175849833,5.92275829776248,115
177,ev_20250619T060448,2025-06-19 06:04:48+00:00,0.86,10.835,35.944,-120.4893,6.467806353395325,0.4924429253857942,6.486525962314762,171
178,ev_20250621T122202,2025-06-21 12:22:02+00:00,2.28,10.991,35.93904,-120.48583,7.078545858898997,0.323240257127515,7.085922363416354,121
179,ev_20250621T162159,2025-06-21 16:21:59+00:00,2.41,8.028,36.05394,-120.60452,-9.506558035089263,1.805748412569426,9.67653724242393,137
180,ev_20250626T213259,2025-06-26 21:32:59+00:00,1.53,4.198,36.03069,-120.58456,-6.408672993083551,1.2476545150694145,6.528991600641831,168
181,ev_20250627T134234,2025-06-27 13:42:34+00:00,0.94,4.573,36.03481,-120.59715,-7.533601854708108,0.7705808461659993,7.572909067573661,38
182,ev_20250630T041215,2025-06-30 04:12:15+00:00,1.08,10.938,35.94037,-120.48685,6.909082535797662,0.3629146540069925,6.918607412807671,183
183,ev_20250701T112654,2025-07-01 11:26:54+00:00,1.86,5.004,35.99345,-120.54749,-1.1222765334280498,0.6781948152755304,1.3112790797347036,85
184,ev_20250703T073029,2025-07-03 07:30:29+00:00,0.67,4.559,35.99858,-120.56574,-2.68671547832672,-0.0795700668427137,2.6878934980794407,73
185,ev_20250708T104307,2025-07-08 10:43:07+00:00,2.25,8.206,36.03485,-120.58956,-7.053855630854455,1.2566169262594258,7.164912097178778,132
186,ev_20250708T233415,2025-07-08 23:34:15+00:00,2.83,10.599,35.93142,-120.47368,8.450662241054307,0.4971390255614789,8.465272560474189,141
187,ev_20250711T021610,2025-07-11 02:16:10+00:00,3.15,10.547,35.94125,-120.48597,6.895881497097532,0.4880904525863276,6.913133436576936,134
188,ev_20250712T050505,2025-07-12 05:05:05+00:00,2.22,4.509,36.03866,-120.59333,-7.593265059704888,1.316316304270225,7.706514314514876,169
189,ev_20250713T115335,2025-07-13 11:53:35+00:00,1.57,4.052,35.9891,-120.54926,-0.8928765804823781,0.2235729021196908,0.9204419756487237,182
190,ev_20250713T201505,2025-07-13 20:15:05+00:00,1.04,4.64,36.03657,-120.59647,-7.628715716580544,0.9522206588536092,7.687914389972784,20
192,ev_20250726T102107,2025-07-26 10:21:07+00:00,1.0,4.896,36.02194,-120.57772,-5.285545331852172,0.9948761237986136,5.378361084639896,54
193,ev_20250727T130010,2025-07-27 13:00:10+00:00,0.84,4.885,35.98859,-120.55298,-1.089452671240148,-0.0531988556979714,1.090750769479384,58
194,ev_20250729T161251,2025-07-29 16:12:51+00:00,0.86,3.82,36.04587,-120.59739,-8.418443765327849,1.6248841859092638,8.573823187330454,67
195,ev_20250730T125930,2025-07-30 12:59:30+00:00,0.76,6.993,35.97163,-120.5276,1.8587237867015347,0.2280785564785147,1.872664930833975,19
196,ev_20250731T004600,2025-07-31 00:46:00+00:00,1.29,4.237,35.99481,-120.55813,-1.9061424105894464,0.1081840502742186,1.909209961785628,12
197,ev_20250731T015100,2025-07-31 01:51:00+00:00,1.27,4.153,35.99403,-120.54867,-1.2429519779047986,0.6487222862788341,1.4020592798067737,13
198,ev_20250806T004423,2025-08-06 00:44:23+00:00,0.93,3.204,36.04023,-120.60346,-8.361194577940608,0.7952636434550713,8.398929636137265,142
199,ev_20250807T090509,2025-08-07 09:05:09+00:00,0.81,2.945,36.00135,-120.57095,-3.2359724886849364,-0.1932545325793688,3.241738000191912,88
200,ev_20250808T143140,2025-08-08 14:31:40+00:00,0.8,5.836,36.04544,-120.492,-1.6795108201146087,8.296201176542157,8.464497064595244,128
201,ev_20250811T070249,2025-08-11 07:02:49+00:00,0.88,0.502,36.03068,-120.60118,-7.465284777628903,0.1894702664635597,7.467688785224756,149
202,ev_20260105T071336,2026-01-05 07:13:36+00:00,1.71,0.625,36.03317,-120.60177,-7.698593546467724,0.3477050485656581,7.70644155200781,172
203,ev_20260106T051034,2026-01-06 05:10:34+00:00,1.55,3.059,36.08588,-120.64734,-14.742078149128456,1.5926785061796045,14.827862050176254,7
204,ev_20260106T130643,2026-01-06 13:06:43+00:00,1.69,3.051,35.98474,-120.54255,-0.1231756433670892,0.3076795090740836,0.3314195519624113,179
205,ev_20260107T053346,2026-01-07 05:33:46+00:00,1.08,0.189,36.03142,-120.60433,-7.723875319221952,0.0472420653107712,7.724019792803539,130
206,ev_20260113T153149,2026-01-13 15:31:49+00:00,1.13,4.631,36.02558,-120.58472,-6.017087949378515,0.8357104241127922,6.074846442794001,133
207,ev_20260115T040600,2026-01-15 04:06:00+00:00,1.92,2.031,36.06809,-120.63032,-12.260524542116972,1.276818550445583,12.32682958666236,151
208,ev_20260115T061110,2026-01-15 06:11:10+00:00,1.95,0.633,36.06255,-120.64014,-12.449720259998069,0.2164777433236038,12.45160219271242,152
209,ev_20260115T131425,2026-01-15 13:14:25+00:00,0.7,1.927,36.06715,-120.63047,-12.196162034695863,1.193369436226452,12.254407329115358,24
210,ev_20260116T124633,2026-01-16 12:46:33+00:00,0.91,0.281,36.0588,-120.63786,-12.009825037087182,0.0666989437329137,12.010010248561043,32
211,ev_20260117T023950,2026-01-17 02:39:50+00:00,0.91,3.177,36.01932,-120.58755,-5.704957022719217,0.1634788492108305,5.707298832653903,131
212,ev_20260121T094534,2026-01-21 09:45:34+00:00,2.01,2.024,36.06477,-120.62853,-11.885612087599176,1.1296729370432723,11.93917650600625,4
213,ev_20260124T225802,2026-01-24 22:58:02+00:00,0.6,11.273,35.8868,-120.43716,14.282305826389024,-0.6875520248358988,14.298845670380592,33
214,ev_20260126T024629,2026-01-26 02:46:29+00:00,0.78,5.065,35.99136,-120.55266,-1.2868798962996872,0.184946463862933,1.3001019429243603,86
