k,t,tag,has_das
4,2024-05-10 12:29:58+00:00,ev_20240510T122958,True
12,2024-06-19 02:13:46+00:00,ev_20240619T021346,True
15,2024-06-23 03:52:07+00:00,ev_20240623T035207,True
25,2024-07-11 18:51:17+00:00,ev_20240711T185117,True
61,2024-09-02 21:22:00+00:00,ev_20240902T212200,True
102,2024-12-30 04:39:32+00:00,ev_20241230T043932,True
110,2025-01-19 06:08:54+00:00,ev_20250119T060854,True
112,2025-01-19 18:53:45+00:00,ev_20250119T185345,True
113,2025-01-20 05:14:48+00:00,ev_20250120T051448,True
124,2025-02-04 05:27:50+00:00,ev_20250204T052750,True
141,2025-03-02 13:22:54+00:00,ev_20250302T132254,True
147,2025-03-04 02:52:05+00:00,ev_20250304T025205,True
167,2025-04-02 15:47:14+00:00,ev_20250402T154714,True
169,2025-04-06 06:12:56+00:00,ev_20250406T061256,True
170,2025-04-06 06:19:55+00:00,ev_20250406T061955,True
176,2025-04-06 14:52:17+00:00,ev_20250406T145217,True
180,2025-04-10 01:01:44+00:00,ev_20250410T010144,True
182,2025-04-14 19:06:30+00:00,ev_20250414T190630,True
218,2025-06-21 12:22:02+00:00,ev_20250621T122202,True
288,2026-01-15 04:06:00+00:00,ev_20260115T040600,True
17,2024-06-25 21:20:11+00:00,ev_20240625T212011,True
189,2025-04-23 17:44:23+00:00,ev_20250423T174423,True
129,2025-02-11 01:35:47+00:00,ev_20250211T013547,True
115,2025-01-22 18:27:35+00:00,ev_20250122T182735,True
210,2025-06-02 20:49:38+00:00,ev_20250602T204938,True
114,2025-01-20 05:24:29+00:00,ev_20250120T052429,True
229,2025-07-13 11:53:34+00:00,ev_20250713T115334,True
151,2025-03-04 20:10:47+00:00,ev_20250304T201047,True
195,2025-05-11 14:09:31+00:00,ev_20250511T140931,True
179,2025-04-08 13:11:32+00:00,ev_20250408T131132,True
172,2025-04-06 08:23:21+00:00,ev_20250406T082321,True
232,2025-07-26 10:21:06+00:00,ev_20250726T102106,True
228,2025-07-12 05:05:05+00:00,ev_20250712T050505,True
222,2025-06-30 04:12:15+00:00,ev_20250630T041215,True
290,2026-01-15 13:14:25+00:00,ev_20260115T131425,True
