k,t,has_das,tag,cached
37,2024-08-13 19:49:51+00:00,False,ev_20240813T194951,False
167,2025-04-02 15:47:14+00:00,True,ev_20250402T154714,True
70,2024-09-13 14:38:01+00:00,False,ev_20240913T143801,False
110,2025-01-19 06:08:54+00:00,True,ev_20250119T060854,True
52,2024-08-30 15:12:54+00:00,False,ev_20240830T151254,False
182,2025-04-14 19:06:30+00:00,True,ev_20250414T190630,False
309,2026-02-23 00:17:07+00:00,False,ev_20260223T001707,False
172,2025-04-06 08:23:21+00:00,True,ev_20250406T082321,True
35,2024-08-07 07:00:43+00:00,False,ev_20240807T070043,False
276,2025-12-07 19:10:29+00:00,False,ev_20251207T191029,False
112,2025-01-19 18:53:45+00:00,True,ev_20250119T185345,False
25,2024-07-11 18:51:17+00:00,True,ev_20240711T185117,False
244,2025-09-01 11:13:34+00:00,False,ev_20250901T111334,False
61,2024-09-02 21:22:00+00:00,True,ev_20240902T212200,False
116,2025-01-22 21:17:00+00:00,True,ev_20250122T211700,False
27,2024-07-12 16:11:12+00:00,False,ev_20240712T161112,False
118,2025-01-23 19:56:04+00:00,True,ev_20250123T195604,True
180,2025-04-10 01:01:44+00:00,True,ev_20250410T010144,True
4,2024-05-10 12:29:58+00:00,True,ev_20240510T122958,True
44,2024-08-20 03:59:14+00:00,False,ev_20240820T035914,False
106,2025-01-10 17:03:22+00:00,True,ev_20250110T170322,False
136,2025-02-25 10:52:31+00:00,True,ev_20250225T105231,False
15,2024-06-23 03:52:07+00:00,True,ev_20240623T035207,False
141,2025-03-02 13:22:54+00:00,True,ev_20250302T132254,False
107,2025-01-10 23:05:32+00:00,True,ev_20250110T230532,True
170,2025-04-06 06:19:55+00:00,True,ev_20250406T061955,False
176,2025-04-06 14:52:17+00:00,True,ev_20250406T145217,False
90,2024-11-09 21:34:01+00:00,False,ev_20241109T213401,False
275,2025-12-07 18:51:19+00:00,False,ev_20251207T185119,False
69,2024-09-13 14:31:03+00:00,False,ev_20240913T143103,False
281,2025-12-23 22:22:10+00:00,False,ev_20251223T222210,False
190,2025-05-02 20:02:46+00:00,False,ev_20250502T200246,False
195,2025-05-11 14:09:31+00:00,True,ev_20250511T140931,False
115,2025-01-22 18:27:35+00:00,True,ev_20250122T182735,False
268,2025-11-21 02:27:23+00:00,False,ev_20251121T022723,False
228,2025-07-12 05:05:05+00:00,True,ev_20250712T050505,False
310,2026-02-23 03:37:33+00:00,False,ev_20260223T033733,False
82,2024-10-09 23:04:10+00:00,True,ev_20241009T230410,False
277,2025-12-07 19:43:49+00:00,False,ev_20251207T194349,False
255,2025-09-23 09:07:28+00:00,False,ev_20250923T090728,False
282,2025-12-28 21:23:07+00:00,False,ev_20251228T212307,False
33,2024-08-04 04:15:42+00:00,False,ev_20240804T041542,False
232,2025-07-26 10:21:06+00:00,True,ev_20250726T102106,False
283,2026-01-05 07:13:35+00:00,True,ev_20260105T071335,False
259,2025-10-04 06:25:26+00:00,False,ev_20251004T062526,False
305,2026-02-13 16:13:13+00:00,False,ev_20260213T161313,False
261,2025-10-11 10:45:35+00:00,False,ev_20251011T104535,False
189,2025-04-23 17:44:23+00:00,True,ev_20250423T174423,False
147,2025-03-04 02:52:05+00:00,True,ev_20250304T025205,False
327,2026-03-29 21:28:15+00:00,False,ev_20260329T212815,False
113,2025-01-20 05:14:48+00:00,True,ev_20250120T051448,False
243,2025-08-30 23:32:08+00:00,False,ev_20250830T233208,False
