kind,is_rep,i,j,lapse,dvv,err,nsta,coda_cc,dvv_h1,dvv_h2,dt_days,phase_days,hrsn_cc,das_cc,t_i,t_j
repeater,True,120,148,1-6,-0.00015394658726924484,0.002151777570408458,8,0.9952498230736142,-0.00024231796029786415,-0.0003936990979967629,38.93246527777778,39.0,0.9872999663491724,0.7916169715694473,2025-04-02 15:46:47+00:00,2025-05-11 14:09:32+00:00
repeater,True,120,148,2-12,-0.00020264875450028166,9.943659400857876e-05,8,0.9955094304074792,-0.00023459668179505038,-8.666004428080302e-05,38.93246527777778,39.0,0.9872999663491724,0.7916169715694473,2025-04-02 15:46:47+00:00,2025-05-11 14:09:32+00:00
repeater,True,120,148,4-14,-0.00019479426154335043,0.00011115920359807049,8,0.987634581083525,-0.00039161176830180893,-0.0001230205646183268,38.93246527777778,39.0,0.9872999663491724,0.7916169715694473,2025-04-02 15:46:47+00:00,2025-05-11 14:09:32+00:00
repeater,True,18,130,1-6,0.0003448622665253082,0.00047580837874082785,5,0.9983178415263644,0.0005888838130979649,-0.0006789234698784112,272.26506944444446,94.0,0.9952365732712304,0.7900405434844634,2024-07-08 08:30:36+00:00,2025-04-06 14:52:18+00:00
repeater,True,18,130,2-12,0.00028522371787084467,0.0006604359314691426,5,0.997812197159827,-4.2626362750872385e-05,-0.00011093911355953801,272.26506944444446,94.0,0.9952365732712304,0.7900405434844634,2024-07-08 08:30:36+00:00,2025-04-06 14:52:18+00:00
repeater,True,18,130,4-14,4.491554659113094e-05,0.0003683383025111764,5,0.9949119568443314,-0.000294780510855086,0.00024647699690805673,272.26506944444446,94.0,0.9952365732712304,0.7900405434844634,2024-07-08 08:30:36+00:00,2025-04-06 14:52:18+00:00
repeater,True,11,143,1-6,2.7409386095265637e-05,0.0006564108611114009,3,0.9980099622150034,0.0012229240285014818,-4.297146946746507e-05,304.57796296296294,62.0,0.993020148055341,0.7749539793090233,2024-06-23 03:52:08+00:00,2025-04-23 17:44:24+00:00
repeater,True,11,143,2-12,-0.00045552708784654845,0.0004270682233977248,3,0.9984360884973107,-0.0004419162799676308,2.5160010030970252e-05,304.57796296296294,62.0,0.993020148055341,0.7749539793090233,2024-06-23 03:52:08+00:00,2025-04-23 17:44:24+00:00
repeater,True,11,143,4-14,1.813695892788341e-05,0.0005246548853318941,3,0.9962425488115383,-0.00020849068017335859,-3.355183042084295e-05,304.57796296296294,62.0,0.993020148055341,0.7749539793090233,2024-06-23 03:52:08+00:00,2025-04-23 17:44:24+00:00
repeater,True,121,148,1-6,0.000590082928926395,0.0004412875773911851,7,0.9791528672601921,-0.0002176089370383328,-0.0006426884600767067,38.93215277777778,39.0,0.9624622562233114,0.7420813700126455,2025-04-02 15:47:14+00:00,2025-05-11 14:09:32+00:00
repeater,True,121,148,2-12,-0.0004093170153946225,0.00036465366493833393,8,0.9731805761571948,-0.00026141948379962686,-4.877562174841883e-05,38.93215277777778,39.0,0.9624622562233114,0.7420813700126455,2025-04-02 15:47:14+00:00,2025-05-11 14:09:32+00:00
repeater,True,121,148,4-14,-0.00029298765752007645,0.00038129124795938807,8,0.9727534592150878,-0.000636678267640388,1.3501187936010377e-05,38.93215277777778,39.0,0.9624622562233114,0.7420813700126455,2025-04-02 15:47:14+00:00,2025-05-11 14:09:32+00:00
repeater,True,2,185,1-6,-0.0003429236237156105,0.0009094294790997201,5,0.9966517341806067,-0.0012276251324704222,-0.00033301268659350887,440.14561342592594,74.0,0.9908045384847818,0.6833187942310601,2024-05-13 09:30:29+00:00,2025-07-27 13:00:10+00:00
repeater,True,2,185,2-12,-0.0004213495518397587,0.00079429334152371,5,0.994194102626658,-0.0004589401596352269,-0.0001231924647086134,440.14561342592594,74.0,0.9908045384847818,0.6833187942310601,2024-05-13 09:30:29+00:00,2025-07-27 13:00:10+00:00
repeater,True,2,185,4-14,-9.988508198382497e-05,0.0005266512403925421,5,0.9825146408713199,-0.00017029362899698253,-1.0514594645551474e-05,440.14561342592594,74.0,0.9908045384847818,0.6833187942310601,2024-05-13 09:30:29+00:00,2025-07-27 13:00:10+00:00
repeater,True,0,130,1-6,-5.4965537211515805e-05,0.0005240477362310526,5,0.9637153961595744,0.002999073115286745,-0.0004356593945950738,331.0988425925926,35.0,0.9169728508880156,0.6771297700851776,2024-05-10 12:29:58+00:00,2025-04-06 14:52:18+00:00
repeater,True,0,130,2-12,-3.863364608763726e-05,0.0008033858109739874,5,0.957248603403233,0.0012076665545666223,-0.0007159644138549817,331.0988425925926,35.0,0.9169728508880156,0.6771297700851776,2024-05-10 12:29:58+00:00,2025-04-06 14:52:18+00:00
repeater,True,0,130,4-14,2.495571576698469e-05,0.0007959221587832316,5,0.9060641774063685,0.00013978631213607765,0.00016637367390191307,331.0988425925926,35.0,0.9169728508880156,0.6771297700851776,2024-05-10 12:29:58+00:00,2025-04-06 14:52:18+00:00
repeater,True,125,148,1-6,0.0010854496313741813,0.0014995142509999003,9,0.8260541326901872,-0.0012928823467139151,-0.002779559727086052,35.24469907407408,35.0,0.7859882755893757,0.6679528992234933,2025-04-06 08:17:10+00:00,2025-05-11 14:09:32+00:00
repeater,True,125,148,2-12,0.000431884776154165,0.0010483382727799286,9,0.8471868458562078,-0.0006240685311407545,-0.0005159906931808014,35.24469907407408,35.0,0.7859882755893757,0.6679528992234933,2025-04-06 08:17:10+00:00,2025-05-11 14:09:32+00:00
repeater,True,125,148,4-14,-0.0006694827895567111,0.0011733947239250427,9,0.7681099562060563,-0.0013166506499800424,-0.0006710271012594976,35.24469907407408,35.0,0.7859882755893757,0.6679528992234933,2025-04-06 08:17:10+00:00,2025-05-11 14:09:32+00:00
repeater,True,26,176,1-6,9.854170144093832e-05,0.0017427875587307717,7,0.8938191936843349,0.00012040147972537259,-0.0026495774476770558,302.76752314814814,63.0,0.8528463165078962,0.6643771925074048,2024-09-01 17:01:40+00:00,2025-07-01 11:26:54+00:00
repeater,True,26,176,2-12,-0.00020826643961928073,0.0005278710664791335,7,0.8565119666421211,-0.0008179053124148844,-0.0014168837029309796,302.76752314814814,63.0,0.8528463165078962,0.6643771925074048,2024-09-01 17:01:40+00:00,2025-07-01 11:26:54+00:00
repeater,True,26,176,4-14,-0.0023547854039854977,0.0011111151692586802,7,0.8436944648248533,-0.00262473697767631,-0.001380173306916828,302.76752314814814,63.0,0.8528463165078962,0.6643771925074048,2024-09-01 17:01:40+00:00,2025-07-01 11:26:54+00:00
repeater,True,0,18,1-6,9.126597725701789e-05,0.0008665228810882839,4,0.9661536531815714,-0.00019578574634282098,-0.002578329024208491,58.83377314814815,59.0,0.944962093153242,0.6305350981812141,2024-05-10 12:29:58+00:00,2024-07-08 08:30:36+00:00
repeater,True,0,18,2-12,-0.00025909417786944207,0.0003851839147237845,4,0.9632013291667287,-0.0005801856650043904,5.573552139676556e-05,58.83377314814815,59.0,0.944962093153242,0.6305350981812141,2024-05-10 12:29:58+00:00,2024-07-08 08:30:36+00:00
repeater,True,0,18,4-14,0.0005210597320399091,0.0008744177505235181,4,0.9136573941350802,-0.0005150102293243837,0.000518792360070239,58.83377314814815,59.0,0.944962093153242,0.6305350981812141,2024-05-10 12:29:58+00:00,2024-07-08 08:30:36+00:00
repeater,True,25,176,1-6,-0.0006274560971696828,0.0019860386588432667,7,0.849813703216262,0.0021949346994115156,-0.0058626444590478164,302.9914699074074,63.0,0.817851061140602,0.6268839594565632,2024-09-01 11:39:11+00:00,2025-07-01 11:26:54+00:00
repeater,True,25,176,2-12,-0.002265080346180057,0.0006842354604745418,7,0.8422482125987065,-0.002481329900151518,-0.0005282144700938647,302.9914699074074,63.0,0.817851061140602,0.6268839594565632,2024-09-01 11:39:11+00:00,2025-07-01 11:26:54+00:00
repeater,True,25,176,4-14,-0.0019914645155351806,0.0008381833702152704,7,0.7326389813886147,-0.0024611517260212028,-0.0018773368973915238,302.9914699074074,63.0,0.817851061140602,0.6268839594565632,2024-09-01 11:39:11+00:00,2025-07-01 11:26:54+00:00
control,False,119,185,1-6,-0.006334855060274922,0.015576248941029802,5,0.2588083313581384,0.02524836211152282,0.01461567291360141,116.99887731481482,117.0,0.2101735672770996,0.1647765412328835,2025-04-01 13:01:47+00:00,2025-07-27 13:00:10+00:00
control,False,119,185,2-12,0.012388124757715191,0.009376402640318264,6,0.23707435396004373,-0.0068667368940953325,-0.011702433082687286,116.99887731481482,117.0,0.2101735672770996,0.1647765412328835,2025-04-01 13:01:47+00:00,2025-07-27 13:00:10+00:00
control,False,119,185,4-14,0.0018808030777614003,0.006997521707685364,6,0.2696040727406035,0.001344082488847658,-0.020413479116201845,116.99887731481482,117.0,0.2101735672770996,0.1647765412328835,2025-04-01 13:01:47+00:00,2025-07-27 13:00:10+00:00
control,False,53,83,1-6,-0.01261905939148247,0.013890839708276372,5,0.2988731104091647,0.025401802071469096,-0.00867282739611567,44.006458333333335,43.25,-0.0165661408512371,-0.2563573470888101,2024-12-29 01:26:30+00:00,2025-02-11 01:35:48+00:00
control,False,53,83,2-12,0.0006464646219623625,0.011355788094874841,7,0.2659005318383821,0.0007767959653822702,-0.011750812209529012,44.006458333333335,43.25,-0.0165661408512371,-0.2563573470888101,2024-12-29 01:26:30+00:00,2025-02-11 01:35:48+00:00
control,False,53,83,4-14,0.009249394325723586,0.008108171137594267,7,0.2654065064114197,0.009247071760178445,-0.0027461236435036484,44.006458333333335,43.25,-0.0165661408512371,-0.2563573470888101,2024-12-29 01:26:30+00:00,2025-02-11 01:35:48+00:00
control,False,64,103,1-6,0.01986416809207716,0.017731295482215245,5,0.42504744576601927,-0.015036978594338281,0.0013952264596315777,44.31270833333333,44.0,-0.2616554197967956,-0.2474117867951632,2025-01-19 06:08:54+00:00,2025-03-04 13:39:12+00:00
control,False,64,103,2-12,0.022478813695083727,0.011992551722535062,7,0.2865632142798775,0.02162885908398454,-0.0036402244651631277,44.31270833333333,44.0,-0.2616554197967956,-0.2474117867951632,2025-01-19 06:08:54+00:00,2025-03-04 13:39:12+00:00
control,False,64,103,4-14,0.0039028190354844193,0.00702808306340708,6,0.26978534635020035,0.005921538624470335,0.003749652525447931,44.31270833333333,44.0,-0.2616554197967956,-0.2474117867951632,2025-01-19 06:08:54+00:00,2025-03-04 13:39:12+00:00
control,False,61,140,1-6,-0.0008421394889965806,0.010152599964488935,4,0.329880970451364,-0.011961528394556225,-0.003106542270051021,95.81232638888888,96.0,0.2145478796571104,-0.1533532999635588,2025-01-10 23:05:32+00:00,2025-04-16 18:35:17+00:00
control,False,61,140,2-12,0.007153329930121973,0.017113526263920046,6,0.21510897732237408,0.0034726124635964207,-0.019513291515558105,95.81232638888888,96.0,0.2145478796571104,-0.1533532999635588,2025-01-10 23:05:32+00:00,2025-04-16 18:35:17+00:00
control,False,61,140,4-14,-0.0007170347324869128,0.014306773232008642,6,0.23779559048210644,-0.007416920786308238,-0.03637397980994615,95.81232638888888,96.0,0.2145478796571104,-0.1533532999635588,2025-01-10 23:05:32+00:00,2025-04-16 18:35:17+00:00
control,False,100,134,1-6,-0.002978653928640558,0.01330962694949535,9,0.3222382260906776,0.014557148580068579,-0.017750392796379175,36.99189814814815,37.0,-0.1777362430910519,0.12601347404682,2025-03-04 01:13:24+00:00,2025-04-10 01:01:44+00:00
control,False,100,134,2-12,-0.017607620043316403,0.00974946505548328,8,0.26947685531449106,-0.020347923946758717,0.01480977074563424,36.99189814814815,37.0,-0.1777362430910519,0.12601347404682,2025-03-04 01:13:24+00:00,2025-04-10 01:01:44+00:00
control,False,100,134,4-14,-0.004421093341019619,0.012807390280137686,9,0.2438431975410627,-0.012441307479057046,0.010500309145067353,36.99189814814815,37.0,-0.1777362430910519,0.12601347404682,2025-03-04 01:13:24+00:00,2025-04-10 01:01:44+00:00
control,False,7,166,1-6,0.005918514061260849,0.0017011444516031639,2,0.5136105390702559,0.026109143707500622,0.01500687831103818,362.9401157407408,3.0,0.0080840918349535,0.2910186109819792,2024-06-09 16:35:44+00:00,2025-06-07 15:09:30+00:00
control,False,7,166,2-12,0.023703761548689455,0.008499606769324361,2,0.3638892306525414,0.01311471806021624,0.011420243892776315,362.9401157407408,3.0,0.0080840918349535,0.2910186109819792,2024-06-09 16:35:44+00:00,2025-06-07 15:09:30+00:00
control,False,7,166,4-14,0.012902540105955405,0.01948354253989902,3,0.38860251666716306,-0.013266047016173602,0.01099866247857251,362.9401157407408,3.0,0.0080840918349535,0.2910186109819792,2024-06-09 16:35:44+00:00,2025-06-07 15:09:30+00:00
control,False,1,124,1-6,0.0017463095804141364,0.017158481713209824,5,0.21331817437428877,0.019721189208896116,0.003127166301556796,329.07689814814813,37.0,0.144648331885632,0.2039642952049053,2024-05-12 04:29:12+00:00,2025-04-06 06:19:56+00:00
control,False,1,124,2-12,0.000851499185865397,0.012914532213100856,5,0.2302875737246461,0.0009326210552886184,0.012720903101054455,329.07689814814813,37.0,0.144648331885632,0.2039642952049053,2024-05-12 04:29:12+00:00,2025-04-06 06:19:56+00:00
control,False,1,124,4-14,-0.006275045049719142,0.011510278763429365,5,0.2697748518561369,-0.006165311231640618,-0.0016934438302391944,329.07689814814813,37.0,0.144648331885632,0.2039642952049053,2024-05-12 04:29:12+00:00,2025-04-06 06:19:56+00:00
control,False,124,190,1-6,0.01424934510892,0.014740997055588219,5,0.2528315794038519,0.012421568539234104,0.007142395975167166,121.76697916666669,122.0,-0.1740899366584736,-0.1692392640636396,2025-04-06 06:19:56+00:00,2025-08-06 00:44:23+00:00
control,False,124,190,2-12,0.003978931067106698,0.004743011088440862,7,0.19867865092088102,0.01788332668243223,-0.005356418447194783,121.76697916666669,122.0,-0.1740899366584736,-0.1692392640636396,2025-04-06 06:19:56+00:00,2025-08-06 00:44:23+00:00
control,False,124,190,4-14,-0.006063046305048805,0.005249522757963658,6,0.27885606407335956,-0.004154804138831856,0.00024428963165324183,121.76697916666669,122.0,-0.1740899366584736,-0.1692392640636396,2025-04-06 06:19:56+00:00,2025-08-06 00:44:23+00:00
control,False,93,119,1-6,-0.005260908049247476,0.013464398691730274,6,0.1931990521967178,-0.02592882688060752,-0.025539157419374618,30.07,30.0,-0.1946688227709188,0.1960607797095429,2025-03-02 11:20:59+00:00,2025-04-01 13:01:47+00:00
control,False,93,119,2-12,0.02075083735346044,0.008689436336727495,7,0.24713497953850186,-0.0030738161530814933,0.004467131640945515,30.07,30.0,-0.1946688227709188,0.1960607797095429,2025-03-02 11:20:59+00:00,2025-04-01 13:01:47+00:00
control,False,93,119,4-14,0.02146628922107668,0.008062821945456256,6,0.2565567062981179,0.01344910786269315,-0.0025367375690755908,30.07,30.0,-0.1946688227709188,0.1960607797095429,2025-03-02 11:20:59+00:00,2025-04-01 13:01:47+00:00
control,False,27,164,1-6,-0.0027156409697466927,0.016126108228210936,6,0.29717849690850934,0.02140892706994408,-0.010744921032438733,273.99717592592594,92.0,-0.2729629946031955,-0.2016115443893775,2024-09-01 21:05:56+00:00,2025-06-02 21:01:52+00:00
control,False,27,164,2-12,0.014191880119865552,0.00947425683923071,6,0.3118897272419317,0.018269929580964378,0.01942989403908626,273.99717592592594,92.0,-0.2729629946031955,-0.2016115443893775,2024-09-01 21:05:56+00:00,2025-06-02 21:01:52+00:00
control,False,27,164,4-14,-0.001840370458731323,0.012691407817203156,6,0.2982871221569847,-0.014554644457662112,-0.005708648038054303,273.99717592592594,92.0,-0.2729629946031955,-0.2016115443893775,2024-09-01 21:05:56+00:00,2025-06-02 21:01:52+00:00
control,False,3,195,1-6,0.032457787113601776,0.002238572274060727,2,0.278576826796641,-0.0015402151013136013,0.024025040943370542,593.5596643518519,137.0,0.2556517400733986,0.1374723072428916,2024-05-22 15:44:39+00:00,2026-01-06 05:10:34+00:00
control,False,3,195,2-12,0.010256448520660214,0.0027418491211853987,2,0.2157703976447325,-0.0029547735748004338,0.02099854581157364,593.5596643518519,137.0,0.2556517400733986,0.1374723072428916,2024-05-22 15:44:39+00:00,2026-01-06 05:10:34+00:00
control,False,3,195,4-14,0.00576476225297715,0.00612217287857151,2,0.2024538623393808,0.022849038344761444,0.001287976193069815,593.5596643518519,137.0,0.2556517400733986,0.1374723072428916,2024-05-22 15:44:39+00:00,2026-01-06 05:10:34+00:00
control,False,78,115,1-6,0.029253592997674167,0.007845356120087623,8,0.278553052697184,0.021321088138142062,0.014178026950659903,49.27974537037037,49.0,-0.1614861525335913,0.1672325883710252,2025-02-04 05:27:50+00:00,2025-03-25 12:10:40+00:00
control,False,78,115,2-12,0.01611642188779342,0.011586574565703835,8,0.20790429494263102,0.017010115564007375,0.024662640228849175,49.27974537037037,49.0,-0.1614861525335913,0.1672325883710252,2025-02-04 05:27:50+00:00,2025-03-25 12:10:40+00:00
control,False,78,115,4-14,0.023670042242299655,0.00975050397785718,6,0.22602716195778488,-0.0032038698360743103,-0.004510078538957553,49.27974537037037,49.0,-0.1614861525335913,0.1672325883710252,2025-02-04 05:27:50+00:00,2025-03-25 12:10:40+00:00
control,False,2,32,1-6,-0.025573960154539926,0.004084440537704156,3,0.34580418068772045,0.022910530747566285,-0.024191675342839176,129.4962847222222,129.0,0.2704600494470966,0.3003631066927122,2024-05-13 09:30:29+00:00,2024-09-19 21:25:08+00:00
control,False,2,32,2-12,-0.03401689463447802,0.00677235761701868,3,0.3488737152317507,-0.020476679359044087,-0.009239624510486068,129.4962847222222,129.0,0.2704600494470966,0.3003631066927122,2024-05-13 09:30:29+00:00,2024-09-19 21:25:08+00:00
control,False,2,32,4-14,-0.02075126852357151,0.019341071080260556,4,0.39538352036627045,-0.020999699690341635,-0.005173138363408834,129.4962847222222,129.0,0.2704600494470966,0.3003631066927122,2024-05-13 09:30:29+00:00,2024-09-19 21:25:08+00:00
control,False,17,143,1-6,0.008743435095787254,0.006031930904141119,4,0.3919708294471947,0.009500105049009869,0.0050200838978513495,292.40239583333334,74.0,0.2944549764483796,0.2581982389659062,2024-07-05 08:04:57+00:00,2025-04-23 17:44:24+00:00
control,False,17,143,2-12,0.010069842712200364,0.00453845148849321,4,0.31376747277876127,0.010446309761948885,0.013617511856065412,292.40239583333334,74.0,0.2944549764483796,0.2581982389659062,2024-07-05 08:04:57+00:00,2025-04-23 17:44:24+00:00
control,False,17,143,4-14,0.011159991688260696,0.010661624644974497,4,0.2761754912309613,0.008745601695925935,0.002868066290628808,292.40239583333334,74.0,0.2944549764483796,0.2581982389659062,2024-07-05 08:04:57+00:00,2025-04-23 17:44:24+00:00
control,False,57,74,1-6,0.004750446425598949,0.01769900082149371,7,0.2502344018813309,0.012689549623615862,0.0030366969807035737,24.60957175925926,24.25,-0.1549445762891077,-0.1659510430135548,2024-12-30 18:17:33+00:00,2025-01-24 08:55:20+00:00
control,False,57,74,2-12,0.005256217521910596,0.008799335931700594,6,0.21860385224448828,0.007508976411313432,0.019088936449163256,24.60957175925926,24.25,-0.1549445762891077,-0.1659510430135548,2024-12-30 18:17:33+00:00,2025-01-24 08:55:20+00:00
control,False,57,74,4-14,0.008391218422292637,0.010619751110546853,5,0.19157755282803968,0.027097792651382097,-0.0032230293051986694,24.60957175925926,24.25,-0.1549445762891077,-0.1659510430135548,2024-12-30 18:17:33+00:00,2025-01-24 08:55:20+00:00
control,False,164,203,1-6,-0.012393091081537634,0.00991914419963661,7,0.28780736600324325,0.0029753383331279516,0.006889523050045542,228.2346990740741,136.0,-0.2692120658678997,-0.2669409989517613,2025-06-02 21:01:52+00:00,2026-01-17 02:39:50+00:00
control,False,164,203,2-12,-0.010208219622617233,0.008128219191832181,6,0.25189828542147286,-0.007498774494468995,-0.007751734367352691,228.2346990740741,136.0,-0.2692120658678997,-0.2669409989517613,2025-06-02 21:01:52+00:00,2026-01-17 02:39:50+00:00
control,False,164,203,4-14,-0.010702402498584838,0.003978730280065061,7,0.2556734384529451,-0.010383070501267648,-0.0063018383176172395,228.2346990740741,136.0,-0.2692120658678997,-0.2669409989517613,2025-06-02 21:01:52+00:00,2026-01-17 02:39:50+00:00
control,False,7,64,1-6,-0.0008965802686440979,0.007623501562890667,5,0.41483896960635175,-0.010670557564828735,-0.00522949750620412,223.56469907407407,142.0,0.2386610350962334,0.1293971733863382,2024-06-09 16:35:44+00:00,2025-01-19 06:08:54+00:00
control,False,7,64,2-12,0.007325011807132007,0.01115999829097389,4,0.29646565763463695,-0.009933647404847722,-0.018071575142239137,223.56469907407407,142.0,0.2386610350962334,0.1293971733863382,2024-06-09 16:35:44+00:00,2025-01-19 06:08:54+00:00
control,False,7,64,4-14,-0.006249094810635377,0.008238387017004979,5,0.1733380133991356,-0.005748048620348703,-0.005295978734189655,223.56469907407407,142.0,0.2386610350962334,0.1293971733863382,2024-06-09 16:35:44+00:00,2025-01-19 06:08:54+00:00
control,False,3,54,1-6,0.007693877752734699,0.010882330689452416,4,0.36414212653546885,0.011750150046544573,0.01025088423344935,221.4838078703704,143.25,-0.3386252563916571,-0.2808039042269772,2024-05-22 15:44:39+00:00,2024-12-30 03:21:20+00:00
control,False,3,54,2-12,-0.015434494387935111,0.013891636331695831,4,0.34302278870074243,0.002866204153429664,-0.01992621366640064,221.4838078703704,143.25,-0.3386252563916571,-0.2808039042269772,2024-05-22 15:44:39+00:00,2024-12-30 03:21:20+00:00
control,False,3,54,4-14,0.011885676324665901,0.010691129813369128,4,0.36561807098997234,0.028500510097100636,-0.024891681345890142,221.4838078703704,143.25,-0.3386252563916571,-0.2808039042269772,2024-05-22 15:44:39+00:00,2024-12-30 03:21:20+00:00
control,False,8,148,1-6,-0.004815242236855553,0.016588827176489906,5,0.35908521637358315,-0.0021860003933565153,0.009644507040759195,326.4970486111111,40.0,-0.1151045872901097,0.0851451772999374,2024-06-19 02:13:47+00:00,2025-05-11 14:09:32+00:00
control,False,8,148,2-12,0.01666674962815891,0.011800208922475068,5,0.24574916658804544,0.014923655862631604,-0.007251490486346553,326.4970486111111,40.0,-0.1151045872901097,0.0851451772999374,2024-06-19 02:13:47+00:00,2025-05-11 14:09:32+00:00
control,False,8,148,4-14,-0.014450000389898408,0.009728559101256308,5,0.24213496184937072,-0.019204544356396375,0.007520390552314086,326.4970486111111,40.0,-0.1151045872901097,0.0851451772999374,2024-06-19 02:13:47+00:00,2025-05-11 14:09:32+00:00
control,False,45,144,1-6,0.008449780142444574,0.009925471367324324,6,0.2892782484333387,0.011983872029968852,0.0008746138898247957,185.00752314814812,181.0,-0.2365566246430642,-0.1335258056887702,2024-10-31 15:56:54+00:00,2025-05-04 16:07:44+00:00
control,False,45,144,2-12,0.01805642926213456,0.013533437353749853,6,0.2917181391059117,-0.0022886667018030132,0.021978128077137206,185.00752314814812,181.0,-0.2365566246430642,-0.1335258056887702,2024-10-31 15:56:54+00:00,2025-05-04 16:07:44+00:00
control,False,45,144,4-14,0.017698005624015942,0.01648441525849357,6,0.2667763325650952,-0.017170041341385504,-0.015977176267293145,185.00752314814812,181.0,-0.2365566246430642,-0.1335258056887702,2024-10-31 15:56:54+00:00,2025-05-04 16:07:44+00:00
control,False,71,131,1-6,9.38701430659673e-09,0.008557077094825428,7,0.3145987993232519,0.0007501622786536617,0.007625632727696758,73.4853125,73.0,-0.1968689677062324,-0.1343125004414496,2025-01-23 10:22:23+00:00,2025-04-06 22:01:14+00:00
control,False,71,131,2-12,-0.01640203853394384,0.013828734081047426,7,0.241629675965672,-0.0035949475100663262,-0.006999031345343782,73.4853125,73.0,-0.1968689677062324,-0.1343125004414496,2025-01-23 10:22:23+00:00,2025-04-06 22:01:14+00:00
control,False,71,131,4-14,0.0010951149850035933,0.011856636107856047,7,0.2541021911742446,-0.001536773464352153,0.0011961509747569793,73.4853125,73.0,-0.1968689677062324,-0.1343125004414496,2025-01-23 10:22:23+00:00,2025-04-06 22:01:14+00:00
control,False,122,198,1-6,6.335403440094244e-05,0.004646523799207077,8,0.34077823844703015,-0.000937801569737102,-0.0007496260582602566,282.3892476851852,83.0,-0.286430643501082,0.2116335591479077,2025-04-06 06:11:18+00:00,2026-01-13 15:31:49+00:00
control,False,122,198,2-12,-0.012108864838425071,0.005629281608385793,7,0.32849843164437,-0.0062480624613955316,-0.028599351431327337,282.3892476851852,83.0,-0.286430643501082,0.2116335591479077,2025-04-06 06:11:18+00:00,2026-01-13 15:31:49+00:00
control,False,122,198,4-14,-0.010588127381329556,0.004955379570786766,7,0.33291058658779027,-0.016610320225903044,-0.009967815215687242,282.3892476851852,83.0,-0.286430643501082,0.2116335591479077,2025-04-06 06:11:18+00:00,2026-01-13 15:31:49+00:00
control,False,92,201,1-6,0.0030772192037903812,0.007962680932176192,7,0.3236259297052801,-0.018989928664479714,0.006308234265024314,319.73665509259257,45.0,-0.2399776743279358,-0.2133949785499214,2025-03-01 19:33:38+00:00,2026-01-15 13:14:25+00:00
control,False,92,201,2-12,0.005001738353145333,0.007066559155547992,8,0.2423527797577847,-0.00425991287571701,0.01224999587435277,319.73665509259257,45.0,-0.2399776743279358,-0.2133949785499214,2025-03-01 19:33:38+00:00,2026-01-15 13:14:25+00:00
control,False,92,201,4-14,0.007907828404323324,0.005225198001361119,6,0.24165379869014747,0.014880060584017302,-0.004383158798552402,319.73665509259257,45.0,-0.2399776743279358,-0.2133949785499214,2025-03-01 19:33:38+00:00,2026-01-15 13:14:25+00:00
control,False,110,142,1-6,0.02052582908896834,0.009790123956395908,8,0.4519069184413606,0.014404845983255438,0.006398889388400649,30.95332175925926,31.0,-0.2072209356966296,0.2466003956354994,2025-03-22 01:58:35+00:00,2025-04-22 00:51:22+00:00
control,False,110,142,2-12,0.019290182986752252,0.007456072151184394,8,0.31578546643159466,0.018610018023688103,-0.005045452508765195,30.95332175925926,31.0,-0.2072209356966296,0.2466003956354994,2025-03-22 01:58:35+00:00,2025-04-22 00:51:22+00:00
control,False,110,142,4-14,0.009195524622325313,0.013791127444676888,8,0.35561247245553906,0.008756786603386805,-0.0063355966774072065,30.95332175925926,31.0,-0.2072209356966296,0.2466003956354994,2025-03-22 01:58:35+00:00,2025-04-22 00:51:22+00:00
control,False,42,72,1-6,0.00858373210888198,0.01139515414402357,6,0.3581229570209181,0.011739951255193426,0.0029680216515195644,94.85239583333332,94.25,0.0118644007596112,-0.2627821374715072,2024-10-20 23:28:37+00:00,2025-01-23 19:56:04+00:00
control,False,42,72,2-12,-0.0025578149096504837,0.007178063151350975,5,0.29440602314832415,-0.0017783326828206417,0.0006619986409662391,94.85239583333332,94.25,0.0118644007596112,-0.2627821374715072,2024-10-20 23:28:37+00:00,2025-01-23 19:56:04+00:00
control,False,42,72,4-14,-0.0011924607936496822,0.005340086466186885,5,0.29265223256713063,-0.0016728813394353182,-0.00925524259627592,94.85239583333332,94.25,0.0118644007596112,-0.2627821374715072,2024-10-20 23:28:37+00:00,2025-01-23 19:56:04+00:00
control,False,28,140,1-6,-0.011946462338638544,0.006508418698789237,5,0.2725904827542587,-0.0035508593172816783,-0.011595864670601233,226.39949074074076,140.0,0.2115985897010727,0.1852725539419756,2024-09-02 09:00:01+00:00,2025-04-16 18:35:17+00:00
control,False,28,140,2-12,0.002135743357826899,0.004640765547074653,6,0.21261441657278987,-0.002885921391145052,-0.008467626447706772,226.39949074074076,140.0,0.2115985897010727,0.1852725539419756,2024-09-02 09:00:01+00:00,2025-04-16 18:35:17+00:00
control,False,28,140,4-14,0.0004888651499020502,0.008461787789340331,6,0.23413707996446492,-0.004633557219678536,-0.00974316659509604,226.39949074074076,140.0,0.2115985897010727,0.1852725539419756,2024-09-02 09:00:01+00:00,2025-04-16 18:35:17+00:00
control,False,63,126,1-6,0.0124079948636611,0.019538695588998293,7,0.3386170927387745,-0.0008935156962577582,-0.009842845793264832,79.52114583333334,80.0,-0.1514662568849696,-0.1700057931452836,2025-01-16 19:52:54+00:00,2025-04-06 08:23:21+00:00
control,False,63,126,2-12,-0.0017758729462021279,0.014238790124019844,6,0.20680150392724805,-0.0024710000709706036,0.006555887322341084,79.52114583333334,80.0,-0.1514662568849696,-0.1700057931452836,2025-01-16 19:52:54+00:00,2025-04-06 08:23:21+00:00
control,False,63,126,4-14,-0.021913020125065873,0.008992223934417893,7,0.20235851004913838,-0.01850480288226914,0.0012136442726560902,79.52114583333334,80.0,-0.1514662568849696,-0.1700057931452836,2025-01-16 19:52:54+00:00,2025-04-06 08:23:21+00:00
control,False,56,75,1-6,-0.0014288114908514661,0.016274305389008595,7,0.32533084055870126,0.022932843310905244,-0.017475481031726872,35.110983796296296,34.25,0.2685582703954722,0.2290597497903582,2024-12-30 04:39:33+00:00,2025-02-03 07:19:22+00:00
control,False,56,75,2-12,8.08595056946246e-05,0.011275623041857499,6,0.2946891047248006,-0.0019199641725673273,0.00933545182454043,35.110983796296296,34.25,0.2685582703954722,0.2290597497903582,2024-12-30 04:39:33+00:00,2025-02-03 07:19:22+00:00
control,False,56,75,4-14,-0.001067514697823644,0.012893674060895016,7,0.30741087259477473,-0.004857873427481381,0.020428422714528223,35.110983796296296,34.25,0.2685582703954722,0.2290597497903582,2024-12-30 04:39:33+00:00,2025-02-03 07:19:22+00:00
control,False,139,184,1-6,0.022996731106488706,0.015097455933866353,6,0.3612209500452535,-0.013153750727870426,0.025544367255178144,100.70438657407408,101.0,0.2643792600510076,0.2509557101140685,2025-04-16 17:26:48+00:00,2025-07-26 10:21:07+00:00
control,False,139,184,2-12,0.002391824288100154,0.012684641403205065,8,0.3380652095686921,0.017062513557098306,-0.024232726025986903,100.70438657407408,101.0,0.2643792600510076,0.2509557101140685,2025-04-16 17:26:48+00:00,2025-07-26 10:21:07+00:00
control,False,139,184,4-14,-0.0011387885845521445,0.006398145371587361,7,0.33357463259789594,-0.0013644326785441148,0.002364189396552887,100.70438657407408,101.0,0.2643792600510076,0.2509557101140685,2025-04-16 17:26:48+00:00,2025-07-26 10:21:07+00:00
control,False,81,189,1-6,-0.009013270469352843,0.011724812639395189,7,0.35196956125882645,0.0004941574364446392,-0.013877963089668275,172.20645833333333,173.0,0.2379992840800524,0.1216780365690499,2025-02-08 20:53:42+00:00,2025-07-31 01:51:00+00:00
control,False,81,189,2-12,-0.008800511980613348,0.005431299045597775,6,0.24588204792786097,-0.004620156343751464,-0.0226842766237954,172.20645833333333,173.0,0.2379992840800524,0.1216780365690499,2025-02-08 20:53:42+00:00,2025-07-31 01:51:00+00:00
control,False,81,189,4-14,-0.013797214719897331,0.0051636838538878,7,0.2401533817746883,-0.011747681096902902,0.0024161620455367128,172.20645833333333,173.0,0.2379992840800524,0.1216780365690499,2025-02-08 20:53:42+00:00,2025-07-31 01:51:00+00:00
control,False,147,196,1-6,-0.01715681169046757,0.011418422365576303,5,0.20428630779040824,-0.014362035147494692,0.006324660819204577,240.03717592592596,125.0,0.2419805553534114,0.3283662236938868,2025-05-11 12:13:11+00:00,2026-01-06 13:06:43+00:00
control,False,147,196,2-12,0.010638194906703327,0.011615612879321929,5,0.2835880714175042,0.027381714955672314,0.020749814706192728,240.03717592592596,125.0,0.2419805553534114,0.3283662236938868,2025-05-11 12:13:11+00:00,2026-01-06 13:06:43+00:00
control,False,147,196,4-14,0.01300260897599425,0.0065435659328771725,6,0.28893788095768336,0.006748962216393879,-0.0010682301444355437,240.03717592592596,125.0,0.2419805553534114,0.3283662236938868,2025-05-11 12:13:11+00:00,2026-01-06 13:06:43+00:00
control,False,17,132,1-6,-0.006936871800114046,0.007979643901308191,4,0.28342934208070547,0.0034002895663441473,0.009116559643403625,276.83622685185185,89.0,0.2376386004260513,-0.2834295715354142,2024-07-05 08:04:57+00:00,2025-04-08 04:09:07+00:00
control,False,17,132,2-12,-0.013527494217743794,0.003377684246030494,4,0.2517558008281521,-0.013538859765862696,-0.011478776329528137,276.83622685185185,89.0,0.2376386004260513,-0.2834295715354142,2024-07-05 08:04:57+00:00,2025-04-08 04:09:07+00:00
control,False,17,132,4-14,-0.002883367209698365,0.014681455113215417,4,0.29809708268463775,0.0030461553679240346,-0.020616755518600687,276.83622685185185,89.0,0.2376386004260513,-0.2834295715354142,2024-07-05 08:04:57+00:00,2025-04-08 04:09:07+00:00
control,False,110,201,1-6,-0.02050150768518018,0.01797058046601934,9,0.32064106537526016,-0.02961106636717744,-0.026193737667428302,299.4693287037037,66.0,0.1810887898162474,-0.1382502417826505,2025-03-22 01:58:35+00:00,2026-01-15 13:14:25+00:00
control,False,110,201,2-12,0.0014569618482101136,0.010366748610197218,8,0.22578107575587597,-0.015161170343024161,-0.004647093371506569,299.4693287037037,66.0,0.1810887898162474,-0.1382502417826505,2025-03-22 01:58:35+00:00,2026-01-15 13:14:25+00:00
control,False,110,201,4-14,0.006165800563549444,0.003863230781863351,6,0.25097386332118876,0.01287065371082394,0.0004930714170980691,299.4693287037037,66.0,0.1810887898162474,-0.1382502417826505,2025-03-22 01:58:35+00:00,2026-01-15 13:14:25+00:00
control,False,61,172,1-6,-0.008316679154654668,0.016310008860413477,6,0.23757557871057,0.0148980525443555,-0.005692880751339413,161.71975694444444,162.0,0.0324746314618648,0.2211511582944829,2025-01-10 23:05:32+00:00,2025-06-21 16:21:59+00:00
control,False,61,172,2-12,-0.011611927510801066,0.0061145487624928545,6,0.2631597872401009,0.013799387717940138,-0.0021157096438255054,161.71975694444444,162.0,0.0324746314618648,0.2211511582944829,2025-01-10 23:05:32+00:00,2025-06-21 16:21:59+00:00
control,False,61,172,4-14,-0.0087490785732422,0.013231046221642244,5,0.24271715641987773,0.013162755884991181,0.014885720483378936,161.71975694444444,162.0,0.0324746314618648,0.2211511582944829,2025-01-10 23:05:32+00:00,2025-06-21 16:21:59+00:00
control,False,0,59,1-6,0.011301357389438852,0.01026558999408845,3,0.28993973946551005,0.014822197037809013,-0.012642986197773055,242.2198263888889,124.0,-0.2946166036661635,-0.1816156587931291,2024-05-10 12:29:58+00:00,2025-01-07 17:46:31+00:00
control,False,0,59,2-12,0.007685144333388381,0.011181650463732306,4,0.37522452189539146,0.013597542262528146,-0.010752998773807542,242.2198263888889,124.0,-0.2946166036661635,-0.1816156587931291,2024-05-10 12:29:58+00:00,2025-01-07 17:46:31+00:00
control,False,0,59,4-14,0.009501044269487698,0.018277905021580897,5,0.3246005229121746,0.007245862348687178,-0.02299428721153919,242.2198263888889,124.0,-0.2946166036661635,-0.1816156587931291,2024-05-10 12:29:58+00:00,2025-01-07 17:46:31+00:00
control,False,31,53,1-6,0.006173628943881956,0.009560437682580598,6,0.3929846734073509,-0.007441205972609169,0.02060827684850411,117.14776620370372,118.0,-0.2136785839458981,-0.1893389464305652,2024-09-02 21:53:43+00:00,2024-12-29 01:26:30+00:00
control,False,31,53,2-12,0.005241173316167295,0.008245375961660972,7,0.24249453232705112,0.01348127520315746,-0.010749964493846083,117.14776620370372,118.0,-0.2136785839458981,-0.1893389464305652,2024-09-02 21:53:43+00:00,2024-12-29 01:26:30+00:00
control,False,31,53,4-14,0.0018920367534848962,0.010742369693853285,7,0.2168525043937546,0.000560122009501021,0.001982834710819175,117.14776620370372,118.0,-0.2136785839458981,-0.1893389464305652,2024-09-02 21:53:43+00:00,2024-12-29 01:26:30+00:00
control,False,31,199,1-6,0.010492856153510333,0.004110336884540176,7,0.4467792221820355,0.025747831459392214,0.007220745252539755,499.2585300925926,134.25,0.2889497551457415,0.2020724315988667,2024-09-02 21:53:43+00:00,2026-01-15 04:06:00+00:00
control,False,31,199,2-12,0.013434181138846117,0.00684178415593686,7,0.29588355663887295,-0.005541144761325297,0.013096516700871698,499.2585300925926,134.25,0.2889497551457415,0.2020724315988667,2024-09-02 21:53:43+00:00,2026-01-15 04:06:00+00:00
control,False,31,199,4-14,0.011196967927219838,0.007752396341719874,7,0.34140689821189996,0.007092703670223102,-0.021528732841262405,499.2585300925926,134.25,0.2889497551457415,0.2020724315988667,2024-09-02 21:53:43+00:00,2026-01-15 04:06:00+00:00
control,False,120,173,1-6,0.011136235175453993,0.011355451623580438,6,0.5421723515616877,-0.006034462842676247,0.0067546715077573104,85.24041666666666,85.0,0.3471119396306065,-0.2530333386805063,2025-04-02 15:46:47+00:00,2025-06-26 21:32:59+00:00
control,False,120,173,2-12,0.0014016411120251896,0.001665815831380422,7,0.35085114818624025,-0.0009931995478874593,0.0035356951633195724,85.24041666666666,85.0,0.3471119396306065,-0.2530333386805063,2025-04-02 15:46:47+00:00,2025-06-26 21:32:59+00:00
control,False,120,173,4-14,-0.0009639975824526358,0.008437659041093143,6,0.3869577044952053,-0.009089528528771509,-0.0003490950345884764,85.24041666666666,85.0,0.3471119396306065,-0.2530333386805063,2025-04-02 15:46:47+00:00,2025-06-26 21:32:59+00:00
control,False,76,105,1-6,-0.0025293800670748664,0.012246643483057207,8,0.31008916304431333,0.03627145133114888,0.011462806991895454,29.023333333333333,29.0,-0.2092673136486081,0.1508334935369743,2025-02-03 19:37:12+00:00,2025-03-04 20:10:48+00:00
control,False,76,105,2-12,0.012564231366131717,0.006232979332524275,6,0.26503830227859365,0.004863824865976963,-0.027502728873629506,29.023333333333333,29.0,-0.2092673136486081,0.1508334935369743,2025-02-03 19:37:12+00:00,2025-03-04 20:10:48+00:00
control,False,76,105,4-14,0.003369816647880279,0.007817744301848221,7,0.2727652355169168,0.0022872617902052967,0.013898212622149074,29.023333333333333,29.0,-0.2092673136486081,0.1508334935369743,2025-02-03 19:37:12+00:00,2025-03-04 20:10:48+00:00
control,False,75,142,1-6,0.011844950465274284,0.010070950878851612,8,0.4491094640743519,-0.01575131622852471,0.00988127523825077,77.73055555555555,78.0,0.2059216890338245,0.182764174144378,2025-02-03 07:19:22+00:00,2025-04-22 00:51:22+00:00
control,False,75,142,2-12,0.002060687949525973,0.008173393232744571,8,0.28717172279519687,0.004519029209981986,0.0073221680286548975,77.73055555555555,78.0,0.2059216890338245,0.182764174144378,2025-02-03 07:19:22+00:00,2025-04-22 00:51:22+00:00
control,False,75,142,4-14,0.007766014818311609,0.011829555413092444,8,0.3406704482305525,-0.012910624239674193,-0.00219174069537373,77.73055555555555,78.0,0.2059216890338245,0.182764174144378,2025-02-03 07:19:22+00:00,2025-04-22 00:51:22+00:00
