i,j,das,hrsn,nsta,dt_days,is_cand,t_i,t_j,m_i,m_j
120,148,0.7916169715694473,0.9872999663491723,8,38.93246527777778,True,2025-04-02 15:46:47+00:00,2025-05-11 14:09:32+00:00,1.09,0.82
18,130,0.7900405434844634,0.9952365732712305,5,272.26506944444446,True,2024-07-08 08:30:36+00:00,2025-04-06 14:52:18+00:00,0.65,0.81
11,143,0.7749539793090233,0.993020148055341,3,304.57796296296294,True,2024-06-23 03:52:08+00:00,2025-04-23 17:44:24+00:00,0.99,1.43
121,148,0.7420813700126455,0.9624622562233114,8,38.93215277777778,True,2025-04-02 15:47:14+00:00,2025-05-11 14:09:32+00:00,1.08,0.82
2,185,0.6833187942310601,0.9908045384847818,5,440.14561342592594,True,2024-05-13 09:30:29+00:00,2025-07-27 13:00:10+00:00,0.78,0.84
0,130,0.6771297700851776,0.9169728508880155,5,331.0988425925926,True,2024-05-10 12:29:58+00:00,2025-04-06 14:52:18+00:00,1.12,0.81
125,148,0.6679528992234933,0.7859882755893757,9,35.24469907407408,True,2025-04-06 08:17:10+00:00,2025-05-11 14:09:32+00:00,1.61,0.82
26,176,0.6643771925074048,0.8528463165078962,7,302.76752314814814,True,2024-09-01 17:01:40+00:00,2025-07-01 11:26:54+00:00,1.46,1.86
0,18,0.6305350981812141,0.9449620931532419,4,58.83377314814815,True,2024-05-10 12:29:58+00:00,2024-07-08 08:30:36+00:00,1.12,0.65
25,176,0.6268839594565632,0.817851061140602,7,302.9914699074074,True,2024-09-01 11:39:11+00:00,2025-07-01 11:26:54+00:00,0.79,1.86
119,185,0.16477654123288354,0.21017356727709963,7,116.99887731481482,False,2025-04-01 13:01:47+00:00,2025-07-27 13:00:10+00:00,0.76,0.84
53,83,-0.25635734708881014,-0.016566140851237157,8,44.006458333333335,False,2024-12-29 01:26:30+00:00,2025-02-11 01:35:48+00:00,1.45,1.85
64,103,-0.24741178679516326,-0.2616554197967956,7,44.31270833333333,False,2025-01-19 06:08:54+00:00,2025-03-04 13:39:12+00:00,2.15,0.61
61,140,-0.1533532999635588,0.21454787965711042,6,95.81232638888889,False,2025-01-10 23:05:32+00:00,2025-04-16 18:35:17+00:00,0.85,0.22
100,134,0.12601347404682006,-0.17773624309105196,9,36.991898148148145,False,2025-03-04 01:13:24+00:00,2025-04-10 01:01:44+00:00,0.85,1.42
7,166,0.2910186109819792,0.00808409183495351,4,362.94011574074074,False,2024-06-09 16:35:44+00:00,2025-06-07 15:09:30+00:00,1.85,1.16
1,124,0.20396429520490533,0.14464833188563203,5,329.07689814814813,False,2024-05-12 04:29:12+00:00,2025-04-06 06:19:56+00:00,1.03,1.77
124,190,-0.1692392640636396,-0.17408993665847364,7,121.76697916666667,False,2025-04-06 06:19:56+00:00,2025-08-06 00:44:23+00:00,1.77,0.93
93,119,0.19606077970954297,-0.19466882277091885,8,30.07,False,2025-03-02 11:20:59+00:00,2025-04-01 13:01:47+00:00,0.82,0.76
27,164,-0.20161154438937756,-0.2729629946031955,6,273.99717592592594,False,2024-09-01 21:05:56+00:00,2025-06-02 21:01:52+00:00,0.65,0.67
3,195,0.1374723072428916,0.25565174007339864,2,593.5596643518519,False,2024-05-22 15:44:39+00:00,2026-01-06 05:10:34+00:00,0.95,1.55
78,115,0.1672325883710252,-0.16148615253359136,8,49.27974537037037,False,2025-02-04 05:27:50+00:00,2025-03-25 12:10:40+00:00,0.79,0.87
2,32,0.3003631066927122,0.2704600494470966,5,129.4962847222222,False,2024-05-13 09:30:29+00:00,2024-09-19 21:25:08+00:00,0.78,0.62
17,143,0.25819823896590627,0.29445497644837965,4,292.40239583333334,False,2024-07-05 08:04:57+00:00,2025-04-23 17:44:24+00:00,1.2,1.43
57,74,-0.16595104301355484,-0.15494457628910774,7,24.60957175925926,False,2024-12-30 18:17:33+00:00,2025-01-24 08:55:20+00:00,1.79,1.05
164,203,-0.2669409989517613,-0.2692120658678997,8,228.2346990740741,False,2025-06-02 21:01:52+00:00,2026-01-17 02:39:50+00:00,0.67,0.91
7,64,0.12939717338633827,0.23866103509623346,5,223.56469907407407,False,2024-06-09 16:35:44+00:00,2025-01-19 06:08:54+00:00,1.85,2.15
3,54,-0.2808039042269772,-0.3386252563916571,5,221.48380787037038,False,2024-05-22 15:44:39+00:00,2024-12-30 03:21:20+00:00,0.95,0.81
8,148,0.08514517729993745,-0.11510458729010975,5,326.4970486111111,False,2024-06-19 02:13:47+00:00,2025-05-11 14:09:32+00:00,1.11,0.82
45,144,-0.13352580568877026,-0.23655662464306426,6,185.00752314814815,False,2024-10-31 15:56:54+00:00,2025-05-04 16:07:44+00:00,1.1,0.55
71,131,-0.13431250044144963,-0.1968689677062324,7,73.4853125,False,2025-01-23 10:22:23+00:00,2025-04-06 22:01:14+00:00,1.05,0.53
122,198,0.21163355914790774,-0.286430643501082,9,282.3892476851852,False,2025-04-06 06:11:18+00:00,2026-01-13 15:31:49+00:00,3.17,1.13
92,201,-0.21339497854992145,-0.2399776743279358,9,319.73665509259257,False,2025-03-01 19:33:38+00:00,2026-01-15 13:14:25+00:00,0.82,0.7
110,142,0.2466003956354994,-0.20722093569662967,9,30.95332175925926,False,2025-03-22 01:58:35+00:00,2025-04-22 00:51:22+00:00,2.23,0.42
42,72,-0.26278213747150725,0.011864400759611274,6,94.85239583333333,False,2024-10-20 23:28:37+00:00,2025-01-23 19:56:04+00:00,1.05,1.87
28,140,0.18527255394197567,0.21159858970107276,6,226.39949074074073,False,2024-09-02 09:00:01+00:00,2025-04-16 18:35:17+00:00,1.01,0.22
63,126,-0.1700057931452836,-0.1514662568849696,7,79.52114583333334,False,2025-01-16 19:52:54+00:00,2025-04-06 08:23:21+00:00,0.28,1.86
56,75,0.22905974979035829,0.2685582703954722,8,35.110983796296296,False,2024-12-30 04:39:33+00:00,2025-02-03 07:19:22+00:00,1.02,1.01
139,184,0.25095571011406853,0.2643792600510076,9,100.70438657407408,False,2025-04-16 17:26:48+00:00,2025-07-26 10:21:07+00:00,0.78,1.0
81,189,0.1216780365690499,0.23799928408005247,7,172.20645833333333,False,2025-02-08 20:53:42+00:00,2025-07-31 01:51:00+00:00,1.19,1.27
147,196,0.32836622369388685,0.24198055535341145,6,240.03717592592594,False,2025-05-11 12:13:11+00:00,2026-01-06 13:06:43+00:00,1.07,1.69
17,132,-0.28342957153541426,0.23763860042605134,4,276.83622685185185,False,2024-07-05 08:04:57+00:00,2025-04-08 04:09:07+00:00,1.2,0.94
110,201,-0.13825024178265058,0.18108878981624743,9,299.4693287037037,False,2025-03-22 01:58:35+00:00,2026-01-15 13:14:25+00:00,2.23,0.7
61,172,0.22115115829448295,0.03247463146186487,6,161.71975694444444,False,2025-01-10 23:05:32+00:00,2025-06-21 16:21:59+00:00,0.85,2.41
0,59,-0.18161565879312913,-0.29461660366616355,5,242.2198263888889,False,2024-05-10 12:29:58+00:00,2025-01-07 17:46:31+00:00,1.12,0.57
31,53,-0.1893389464305652,-0.2136785839458981,7,117.14776620370371,False,2024-09-02 21:53:43+00:00,2024-12-29 01:26:30+00:00,0.99,1.45
31,199,0.20207243159886676,0.28894975514574156,7,499.2585300925926,False,2024-09-02 21:53:43+00:00,2026-01-15 04:06:00+00:00,0.99,1.92
120,173,-0.25303333868050637,0.3471119396306065,7,85.24041666666666,False,2025-04-02 15:46:47+00:00,2025-06-26 21:32:59+00:00,1.09,1.53
76,105,0.1508334935369743,-0.20926731364860812,8,29.023333333333333,False,2025-02-03 19:37:12+00:00,2025-03-04 20:10:48+00:00,1.31,1.2
75,142,0.182764174144378,0.20592168903382452,8,77.73055555555555,False,2025-02-03 07:19:22+00:00,2025-04-22 00:51:22+00:00,1.01,0.42
