leg,band_low_hz,band_high_hz,aperture_index,start_m,stop_m,center_m,direction,discovery_slowness_ms_per_m,discovery_center_time_s,discovery_semblance,validation_semblance
outbound,3.0,15.0,0,0.0,392.0448,199.08525,positive,0.7336182336182336,0.54,0.09111878464336949,0.09129443059341946
outbound,3.0,15.0,0,0.0,392.0448,199.08525,negative,-0.6445868945868946,0.020000000000000004,0.1593641603466271,0.1590004295678995
outbound,3.0,15.0,1,200.1062,592.1510000000001,399.19145000000003,positive,0.7692307692307693,0.664,0.09785674585416139,0.09681613661585567
outbound,3.0,15.0,1,200.1062,592.1510000000001,399.19145000000003,negative,-0.608974358974359,0.0,0.1737407509930258,0.23596467900648155
outbound,3.0,15.0,2,400.2124,792.2572,599.29765,positive,0.7336182336182336,0.5680000000000001,0.3782108495342952,0.27675082494247805
outbound,3.0,15.0,2,400.2124,792.2572,599.29765,negative,-0.5555555555555556,1.54,0.07664942064607336,0.03684685879986789
outbound,3.0,15.0,3,600.3186000000001,992.3634000000001,799.40385,positive,0.7336182336182336,0.516,0.6845794783522078,0.6795651232785659
outbound,3.0,15.0,3,600.3186000000001,992.3634000000001,799.40385,negative,-0.6801994301994302,2.044,0.1250596515522726,0.0679469858444758
outbound,3.0,15.0,4,800.4248,1192.4696000000001,999.51005,positive,0.698005698005698,0.548,0.423769096425599,0.3712446257808506
outbound,3.0,15.0,4,800.4248,1192.4696000000001,999.51005,negative,-0.5555555555555556,1.3159999999999998,0.15876995368689234,0.1501470355139161
outbound,3.0,15.0,5,1000.5310000000001,1392.5758,1199.61625,positive,0.7692307692307693,0.548,0.126622075197849,0.05487401683211503
outbound,3.0,15.0,5,1000.5310000000001,1392.5758,1199.61625,negative,-0.5555555555555556,1.5639999999999998,0.09834461792053983,0.0842613851467697
outbound,3.0,15.0,6,1200.6372000000001,1592.682,1399.72245,positive,0.698005698005698,0.9760000000000001,0.28633690903932313,0.49653211419589327
outbound,3.0,15.0,6,1200.6372000000001,1592.682,1399.72245,negative,-0.7158119658119658,2.484,0.07411985954786195,0.035661769082602615
outbound,3.0,15.0,7,1400.7434,1792.7882,1599.82865,positive,0.6445868945868946,1.212,0.34594345693769324,0.47307846351870636
outbound,3.0,15.0,7,1400.7434,1792.7882,1599.82865,negative,-0.6445868945868946,0.86,0.04743523885112422,0.019133307512244898
outbound,3.0,15.0,8,1600.8496,1992.8944000000001,1799.93485,positive,0.6801994301994302,1.2,0.2211920124761731,0.08810521667259938
outbound,3.0,15.0,8,1600.8496,1992.8944000000001,1799.93485,negative,-0.6267806267806268,0.020000000000000004,0.0477234328599497,0.016774876935060627
outbound,3.0,15.0,9,1800.9558,2193.0006,2000.04105,positive,0.7158119658119658,1.3239999999999998,0.17736510444172268,0.12554735495801664
outbound,3.0,15.0,9,1800.9558,2193.0006,2000.04105,negative,-0.5733618233618234,2.66,0.06417091257459744,0.07777438099685723
outbound,3.0,15.0,10,2001.0620000000001,2393.1068,2200.14725,positive,0.6445868945868946,1.66,0.4005384104045907,0.18851066499649918
outbound,3.0,15.0,10,2001.0620000000001,2393.1068,2200.14725,negative,-0.6801994301994302,2.54,0.050410495796834945,0.15298367945687266
outbound,3.0,15.0,11,2201.1682,2593.213,2400.25345,positive,0.6445868945868946,1.628,0.7830543797362952,0.17317941181626764
outbound,3.0,15.0,11,2201.1682,2593.213,2400.25345,negative,-0.5555555555555556,0.196,0.05389692960821869,0.04744516428075849
outbound,3.0,15.0,12,2401.2744000000002,2793.3192,2600.35965,positive,0.6445868945868946,1.708,0.4418275964375686,0.06784781998515509
outbound,3.0,15.0,12,2401.2744000000002,2793.3192,2600.35965,negative,-0.6623931623931624,2.472,0.08928343769433321,0.012583197119485953
outbound,3.0,15.0,13,2601.3806,2993.4254,2800.46585,positive,0.6623931623931624,1.712,0.1131747315609281,0.05244452474090864
outbound,3.0,15.0,13,2601.3806,2993.4254,2800.46585,negative,-0.5911680911680912,2.42,0.07645149034623151,0.03906211213681373
outbound,3.0,15.0,14,2801.4868,3193.5316000000003,3000.57205,positive,0.5911680911680912,2.0,0.15911605926512393,0.07343451518964281
outbound,3.0,15.0,14,2801.4868,3193.5316000000003,3000.57205,negative,-0.6801994301994302,2.472,0.08962488194622673,0.07941018082063277
outbound,3.0,15.0,15,3001.593,3393.6378,3200.67825,positive,0.6445868945868946,2.1799999999999997,0.2229996339196431,0.09780031473570662
outbound,3.0,15.0,15,3001.593,3393.6378,3200.67825,negative,-0.5555555555555556,2.62,0.1509527872058445,0.09755814857327151
outbound,15.0,30.0,0,0.0,392.0448,199.08525,positive,0.5733618233618234,0.288,0.09718350715463811,0.10267664046768736
outbound,15.0,30.0,0,0.0,392.0448,199.08525,negative,-0.6445868945868946,0.0040000000000000036,0.11613066032908194,0.11899891563943768
outbound,15.0,30.0,1,200.1062,592.1510000000001,399.19145000000003,positive,0.5555555555555556,0.428,0.10244569038510044,0.10530266547021591
outbound,15.0,30.0,1,200.1062,592.1510000000001,399.19145000000003,negative,-0.6445868945868946,0.0,0.1208024112045955,0.15672104319517352
outbound,15.0,30.0,2,400.2124,792.2572,599.29765,positive,0.698005698005698,0.656,0.38599198088202985,0.3789220206575965
outbound,15.0,30.0,2,400.2124,792.2572,599.29765,negative,-0.6267806267806268,2.7319999999999998,0.11161688401231716,0.09781249000225174
outbound,15.0,30.0,3,600.3186000000001,992.3634000000001,799.40385,positive,0.7514245014245015,0.54,0.46986633632232555,0.478636938182116
outbound,15.0,30.0,3,600.3186000000001,992.3634000000001,799.40385,negative,-0.7336182336182336,1.956,0.10846127439040025,0.10924820756525928
outbound,15.0,30.0,4,800.4248,1192.4696000000001,999.51005,positive,0.698005698005698,0.5840000000000001,0.4107238810858025,0.40349918155904846
outbound,15.0,30.0,4,800.4248,1192.4696000000001,999.51005,negative,-0.5555555555555556,1.8279999999999998,0.1415668470833105,0.13991258912645124
outbound,15.0,30.0,5,1000.5310000000001,1392.5758,1199.61625,positive,0.698005698005698,0.552,0.11941209103250114,0.06715229382123707
outbound,15.0,30.0,5,1000.5310000000001,1392.5758,1199.61625,negative,-0.5733618233618234,2.392,0.10568675851810615,0.0864592810317168
outbound,15.0,30.0,6,1200.6372000000001,1592.682,1399.72245,positive,0.6445868945868946,1.3039999999999998,0.1726320862520567,0.1551065488447837
outbound,15.0,30.0,6,1200.6372000000001,1592.682,1399.72245,negative,-0.7692307692307693,2.1799999999999997,0.04789417739804916,0.033986810599413275
outbound,15.0,30.0,7,1400.7434,1792.7882,1599.82865,positive,0.6623931623931624,1.244,0.32535620894278733,0.28952601667447514
outbound,15.0,30.0,7,1400.7434,1792.7882,1599.82865,negative,-0.608974358974359,0.176,0.05866067490361345,0.024847273368302482
outbound,15.0,30.0,8,1600.8496,1992.8944000000001,1799.93485,positive,0.5911680911680912,0.0,0.06920158293209994,0.03310173647682985
outbound,15.0,30.0,8,1600.8496,1992.8944000000001,1799.93485,negative,-0.7692307692307693,1.244,0.07026817520996996,0.07599619796179821
outbound,15.0,30.0,9,1800.9558,2193.0006,2000.04105,positive,0.5733618233618234,1.7,0.12249562021081185,0.07284932278307692
outbound,15.0,30.0,9,1800.9558,2193.0006,2000.04105,negative,-0.7692307692307693,2.564,0.13102156917513302,0.034022131974359014
outbound,15.0,30.0,10,2001.0620000000001,2393.1068,2200.14725,positive,0.6445868945868946,1.728,0.3888569072809308,0.3457238915833081
outbound,15.0,30.0,10,2001.0620000000001,2393.1068,2200.14725,negative,-0.698005698005698,2.616,0.12423703770485105,0.09850122444810165
outbound,15.0,30.0,11,2201.1682,2593.213,2400.25345,positive,0.6445868945868946,1.728,0.9104500357416989,0.38374926957156885
outbound,15.0,30.0,11,2201.1682,2593.213,2400.25345,negative,-0.6623931623931624,2.452,0.09141561102731294,0.06294666139835292
outbound,15.0,30.0,12,2401.2744000000002,2793.3192,2600.35965,positive,0.6445868945868946,1.64,0.8723074166656744,0.40870097759484597
outbound,15.0,30.0,12,2401.2744000000002,2793.3192,2600.35965,negative,-0.6445868945868946,2.412,0.12332951940806461,0.09318701094950199
outbound,15.0,30.0,13,2601.3806,2993.4254,2800.46585,positive,0.6445868945868946,1.768,0.4819065675927226,0.3294268873758868
outbound,15.0,30.0,13,2601.3806,2993.4254,2800.46585,negative,-0.6267806267806268,2.66,0.08420056790267977,0.04082319661960354
outbound,15.0,30.0,14,2801.4868,3193.5316000000003,3000.57205,positive,0.6267806267806268,2.084,0.38578460475597115,0.48034325396501504
outbound,15.0,30.0,14,2801.4868,3193.5316000000003,3000.57205,negative,-0.6623931623931624,2.7479999999999998,0.07705119328450362,0.15407380260496595
outbound,15.0,30.0,15,3001.593,3393.6378,3200.67825,positive,0.6445868945868946,2.1799999999999997,0.5637071857363538,0.4753424120408541
outbound,15.0,30.0,15,3001.593,3393.6378,3200.67825,negative,-0.7692307692307693,0.027999999999999997,0.06993633009930314,0.05181605276858175
return,3.0,15.0,0,0.0,392.0448,199.08525,positive,0.698005698005698,2.2039999999999997,0.05108286320619178,0.0301065798030869
return,3.0,15.0,0,0.0,392.0448,199.08525,negative,-0.698005698005698,1.3519999999999999,0.046054301119926776,0.02985383471285858
return,3.0,15.0,1,200.1062,592.1510000000001,399.19145000000003,positive,0.7514245014245015,0.56,0.10216098841535778,0.06828530387157661
return,3.0,15.0,1,200.1062,592.1510000000001,399.19145000000003,negative,-0.7692307692307693,0.864,0.057463159142015975,0.008942048058619465
return,3.0,15.0,2,400.2124,792.2572,599.29765,positive,0.6623931623931624,0.66,0.08014354658253707,0.03842830209631945
return,3.0,15.0,2,400.2124,792.2572,599.29765,negative,-0.7692307692307693,0.412,0.07353572915362508,0.015901995937644423
return,3.0,15.0,3,600.3186000000001,992.3634000000001,799.40385,positive,0.5555555555555556,2.1,0.09525456355258453,0.024930885001740264
return,3.0,15.0,3,600.3186000000001,992.3634000000001,799.40385,negative,-0.5733618233618234,0.932,0.08358803734748527,0.013305139884755497
return,3.0,15.0,4,800.4248,1192.4696000000001,999.51005,positive,0.7692307692307693,0.39599999999999996,0.06011516935390593,0.017400912091599954
return,3.0,15.0,4,800.4248,1192.4696000000001,999.51005,negative,-0.5555555555555556,1.3679999999999999,0.06236985496240357,0.04787526481161966
return,3.0,15.0,5,1000.5310000000001,1392.5758,1199.61625,positive,0.6445868945868946,0.14,0.1048325116458234,0.025929258882971436
return,3.0,15.0,5,1000.5310000000001,1392.5758,1199.61625,negative,-0.5555555555555556,2.38,0.0700608257806343,0.04632688885948471
return,3.0,15.0,6,1200.6372000000001,1592.682,1399.72245,positive,0.5555555555555556,1.044,0.10798052885291298,0.028043068367867637
return,3.0,15.0,6,1200.6372000000001,1592.682,1399.72245,negative,-0.5555555555555556,0.9800000000000001,0.06330806778614202,0.04567868424723494
return,3.0,15.0,7,1400.7434,1792.7882,1599.82865,positive,0.5911680911680912,1.5839999999999999,0.10379829901502437,0.04279305677552116
return,3.0,15.0,7,1400.7434,1792.7882,1599.82865,negative,-0.608974358974359,2.104,0.08557840011935777,0.026888643728529997
return,3.0,15.0,8,1600.8496,1992.8944000000001,1799.93485,positive,0.7692307692307693,0.536,0.09854722633643455,0.01084764672378073
return,3.0,15.0,8,1600.8496,1992.8944000000001,1799.93485,negative,-0.5733618233618234,1.1079999999999999,0.06896040257699179,0.022871223116868133
return,3.0,15.0,9,1800.9558,2193.0006,2000.04105,positive,0.5555555555555556,0.464,0.06918869315648751,0.022980845820943153
return,3.0,15.0,9,1800.9558,2193.0006,2000.04105,negative,-0.7692307692307693,0.784,0.08351234506913133,0.015047129368951924
return,3.0,15.0,10,2001.0620000000001,2393.1068,2200.14725,positive,0.698005698005698,0.936,0.05978539461531439,0.06357449320519208
return,3.0,15.0,10,2001.0620000000001,2393.1068,2200.14725,negative,-0.7514245014245015,0.26399999999999996,0.062325503454787864,0.012688729913133552
return,3.0,15.0,11,2201.1682,2593.213,2400.25345,positive,0.698005698005698,1.272,0.08089581912339314,0.01572154060610923
return,3.0,15.0,11,2201.1682,2593.213,2400.25345,negative,-0.6623931623931624,2.268,0.0646354295673912,0.05511502979361506
return,3.0,15.0,12,2401.2744000000002,2793.3192,2600.35965,positive,0.7692307692307693,2.512,0.07210204506430257,0.015030510591755879
return,3.0,15.0,12,2401.2744000000002,2793.3192,2600.35965,negative,-0.7692307692307693,0.888,0.057351851187687576,0.025570284831612212
return,3.0,15.0,13,2601.3806,2993.4254,2800.46585,positive,0.6801994301994302,2.124,0.07626576550780871,0.06699179957664005
return,3.0,15.0,13,2601.3806,2993.4254,2800.46585,negative,-0.7692307692307693,0.06000000000000001,0.09705835236001656,0.04331016061708791
return,15.0,30.0,0,0.0,392.0448,199.08525,positive,0.7692307692307693,1.3719999999999999,0.040656097349144674,0.022965407658538634
return,15.0,30.0,0,0.0,392.0448,199.08525,negative,-0.7336182336182336,2.7399999999999998,0.04645814915337364,0.02144075871686091
return,15.0,30.0,1,200.1062,592.1510000000001,399.19145000000003,positive,0.7336182336182336,0.48399999999999993,0.33649857977492476,0.3454139995619661
return,15.0,30.0,1,200.1062,592.1510000000001,399.19145000000003,negative,-0.5555555555555556,1.38,0.11622595972792883,0.13669950485258256
return,15.0,30.0,2,400.2124,792.2572,599.29765,positive,0.7158119658119658,0.5720000000000001,0.24545788927151765,0.1620166205136909
return,15.0,30.0,2,400.2124,792.2572,599.29765,negative,-0.5555555555555556,1.1159999999999999,0.09755051856131523,0.08151186246515513
return,15.0,30.0,3,600.3186000000001,992.3634000000001,799.40385,positive,0.6623931623931624,2.08,0.07446521051215425,0.0252268225920448
return,15.0,30.0,3,600.3186000000001,992.3634000000001,799.40385,negative,-0.5733618233618234,0.48799999999999993,0.09792251787003749,0.012819473097775591
return,15.0,30.0,4,800.4248,1192.4696000000001,999.51005,positive,0.6801994301994302,1.416,0.08727541094465781,0.027953946546581572
return,15.0,30.0,4,800.4248,1192.4696000000001,999.51005,negative,-0.7158119658119658,1.952,0.08952443361050835,0.021188249801275854
return,15.0,30.0,5,1000.5310000000001,1392.5758,1199.61625,positive,0.698005698005698,1.892,0.09908886423481478,0.025529936957822512
return,15.0,30.0,5,1000.5310000000001,1392.5758,1199.61625,negative,-0.7692307692307693,1.76,0.09049064341610072,0.026112587278537713
return,15.0,30.0,6,1200.6372000000001,1592.682,1399.72245,positive,0.7514245014245015,0.608,0.087999601962378,0.006442493036616147
return,15.0,30.0,6,1200.6372000000001,1592.682,1399.72245,negative,-0.5911680911680912,1.168,0.06778088529216839,0.051676327308117824
return,15.0,30.0,7,1400.7434,1792.7882,1599.82865,positive,0.698005698005698,0.408,0.09237993695734159,0.030655458352049785
return,15.0,30.0,7,1400.7434,1792.7882,1599.82865,negative,-0.7692307692307693,0.2,0.08731494048174242,0.0244670285618732
return,15.0,30.0,8,1600.8496,1992.8944000000001,1799.93485,positive,0.5733618233618234,1.2959999999999998,0.07116166516664857,0.029038157330227837
return,15.0,30.0,8,1600.8496,1992.8944000000001,1799.93485,negative,-0.6445868945868946,0.26799999999999996,0.06791551108341051,0.024629531471451284
return,15.0,30.0,9,1800.9558,2193.0006,2000.04105,positive,0.6623931623931624,1.8159999999999998,0.17562808929305238,0.12788282544105367
return,15.0,30.0,9,1800.9558,2193.0006,2000.04105,negative,-0.6623931623931624,2.564,0.08163340937226174,0.0521162114420422
return,15.0,30.0,10,2001.0620000000001,2393.1068,2200.14725,positive,0.6623931623931624,1.78,0.15705069519281303,0.0783380775945834
return,15.0,30.0,10,2001.0620000000001,2393.1068,2200.14725,negative,-0.5555555555555556,2.424,0.07078463038453431,0.03374152885987772
return,15.0,30.0,11,2201.1682,2593.213,2400.25345,positive,0.6801994301994302,2.08,0.16137157129330357,0.13029410955611798
return,15.0,30.0,11,2201.1682,2593.213,2400.25345,negative,-0.5733618233618234,2.6999999999999997,0.08177882861214872,0.02920003665034181
return,15.0,30.0,12,2401.2744000000002,2793.3192,2600.35965,positive,0.6445868945868946,1.94,0.1356065666917814,0.1418394039753814
return,15.0,30.0,12,2401.2744000000002,2793.3192,2600.35965,negative,-0.5911680911680912,2.6959999999999997,0.11114759353541748,0.06026223436414657
return,15.0,30.0,13,2601.3806,2993.4254,2800.46585,positive,0.6267806267806268,2.092,0.31528323992223045,0.16149986633603305
return,15.0,30.0,13,2601.3806,2993.4254,2800.46585,negative,-0.6267806267806268,2.296,0.08576086624792817,0.005602065035991395
