leg,band_low_hz,band_high_hz,assumed_depth_m,target_leg_coordinate_m,window_start_m,window_stop_m,window_center_m,n_channels,direction,discovery_slowness_ms_per_m,discovery_velocity_mps,discovery_center_time_s,discovery_semblance,validation_semblance,validation_trajectory_rms_ratio,target_null_permutation_p
outbound,3.0,15.0,3000.0,3000.0,2899.498,3097.5623,2998.53015,49,positive,0.7478632478632478,1337.1428571428573,1.744,0.14030144037105918,0.0815655897726438,0.8636860770397029,nan
outbound,3.0,15.0,3000.0,3000.0,2899.498,3097.5623,2998.53015,49,negative,-0.6517094017094017,-1534.4262295081967,2.6839999999999997,0.12104069571589092,0.05030988670295732,1.1321003207234355,nan
outbound,15.0,30.0,3000.0,3000.0,2899.498,3097.5623,2998.53015,49,positive,0.6410256410256411,1560.0,2.34,0.6990055406948289,0.25615110368554384,1.0420877988920336,nan
outbound,15.0,30.0,3000.0,3000.0,2899.498,3097.5623,2998.53015,49,negative,-0.6517094017094017,-1534.4262295081967,2.36,0.11369816578074436,0.05429984080088463,1.1251760456574815,nan
outbound,3.0,15.0,3050.0,3050.0,2950.5455,3148.6098,3049.57765,49,positive,0.6623931623931624,1509.6774193548388,2.2079999999999997,0.3458004165222468,0.05095900005123171,0.9604754469894942,nan
outbound,3.0,15.0,3050.0,3050.0,2950.5455,3148.6098,3049.57765,49,negative,-0.5982905982905983,-1671.4285714285713,2.48,0.20268545432044638,0.09449350726690706,0.7457145424655561,nan
outbound,15.0,30.0,3050.0,3050.0,2950.5455,3148.6098,3049.57765,49,positive,0.6410256410256411,1560.0,2.1799999999999997,0.7524080755979178,0.4249270172246242,1.167943711653708,nan
outbound,15.0,30.0,3050.0,3050.0,2950.5455,3148.6098,3049.57765,49,negative,-0.6623931623931624,-1509.6774193548388,2.6799999999999997,0.18378902275546494,0.07470962432142043,0.9822802915009557,nan
outbound,3.0,15.0,3100.0,3100.0,2999.5511,3197.6154,3098.58325,49,positive,0.6517094017094017,1534.4262295081967,2.1719999999999997,0.32787024076748306,0.05473060736419434,1.0455960056814013,nan
outbound,3.0,15.0,3100.0,3100.0,2999.5511,3197.6154,3098.58325,49,negative,-0.5876068376068376,-1701.818181818182,2.6999999999999997,0.19591559773574216,0.10934254617014638,0.7036943411317772,nan
outbound,15.0,30.0,3100.0,3100.0,2999.5511,3197.6154,3098.58325,49,positive,0.6303418803418803,1586.4406779661017,2.1799999999999997,0.7402642288964962,0.4049086816090817,1.1246891502445373,nan
outbound,15.0,30.0,3100.0,3100.0,2999.5511,3197.6154,3098.58325,49,negative,-0.6410256410256411,-1560.0,2.652,0.12363697906870315,0.07128837060323247,0.9456729061348025,nan
outbound,3.0,15.0,3150.0,3150.0,3050.5986000000003,3248.6629000000003,3149.6307500000003,49,positive,0.7264957264957265,1376.4705882352941,2.08,0.11228047594770321,0.19147822786684912,0.9848022601748668,nan
outbound,3.0,15.0,3150.0,3150.0,3050.5986000000003,3248.6629000000003,3149.6307500000003,49,negative,-0.6410256410256411,-1560.0,2.664,0.15531113882708905,0.06886558588971477,0.9104721824059486,nan
outbound,15.0,30.0,3150.0,3150.0,3050.5986000000003,3248.6629000000003,3149.6307500000003,49,positive,0.6303418803418803,1586.4406779661017,2.44,0.46935620727148736,0.1313289142033566,1.22345074106088,nan
outbound,15.0,30.0,3150.0,3150.0,3050.5986000000003,3248.6629000000003,3149.6307500000003,49,negative,-0.6623931623931624,-1509.6774193548388,2.6999999999999997,0.11408004500166012,0.10052949069557353,0.8595546279969891,nan
outbound,3.0,15.0,3192.0,3192.0,3091.4366,3289.5009,3190.46875,49,positive,0.7692307692307693,1300.0,1.152,0.0650297134813126,0.01687206510613498,0.9089983407439778,0.794
outbound,3.0,15.0,3192.0,3192.0,3091.4366,3289.5009,3190.46875,49,negative,-0.5555555555555556,-1800.0,2.64,0.09259048368368934,0.05041282405556767,0.89497028995905,0.078
outbound,15.0,30.0,3192.0,3192.0,3091.4366,3289.5009,3190.46875,49,positive,0.6517094017094017,1534.4262295081967,2.268,0.42784605486034233,0.3318390933902173,1.3321440817779062,0.002
outbound,15.0,30.0,3192.0,3192.0,3091.4366,3289.5009,3190.46875,49,negative,-0.5555555555555556,-1800.0,2.656,0.08340409872303446,0.07859771947772583,0.7891567134267944,0.02
outbound,3.0,15.0,3200.0,3200.0,3099.6042,3297.6685,3198.63635,49,positive,0.7585470085470085,1318.3098591549297,1.16,0.07714521501581932,0.02149007276187326,0.9325054967558992,nan
outbound,3.0,15.0,3200.0,3200.0,3099.6042,3297.6685,3198.63635,49,negative,-0.5555555555555556,-1800.0,2.636,0.10502551933775794,0.06428139343254202,0.9411501138188637,nan
outbound,15.0,30.0,3200.0,3200.0,3099.6042,3297.6685,3198.63635,49,positive,0.6623931623931624,1509.6774193548388,2.268,0.43799609642123316,0.3356653734690362,1.383515867834477,nan
outbound,15.0,30.0,3200.0,3200.0,3099.6042,3297.6685,3198.63635,49,negative,-0.6410256410256411,-1560.0,1.26,0.05503103775067698,0.019430329130986954,0.9068078759909246,nan
outbound,3.0,15.0,3250.0,3250.0,3150.6517,3348.716,3249.68385,49,positive,0.6837606837606838,1462.5,2.1879999999999997,0.11849290694231757,0.16920492877115823,1.3066698091115003,nan
outbound,3.0,15.0,3250.0,3250.0,3150.6517,3348.716,3249.68385,49,negative,-0.6944444444444444,-1440.0,2.564,0.07451261794390333,0.09242507905358954,0.9681922462542403,nan
outbound,15.0,30.0,3250.0,3250.0,3150.6517,3348.716,3249.68385,49,positive,0.6196581196581197,1613.7931034482758,2.344,0.4187185800893178,0.45065642167374476,1.16519085058356,nan
outbound,15.0,30.0,3250.0,3250.0,3150.6517,3348.716,3249.68385,49,negative,-0.7585470085470085,-1318.3098591549297,0.9800000000000001,0.07657356239844904,0.030367401873742882,1.0165684771900203,nan
outbound,3.0,15.0,3300.0,3300.0,3199.6573,3397.7216,3298.68945,49,positive,0.673076923076923,1485.7142857142858,2.2119999999999997,0.1345412383289386,0.21153556383466723,1.3609313545722583,nan
outbound,3.0,15.0,3300.0,3300.0,3199.6573,3397.7216,3298.68945,49,negative,-0.7585470085470085,-1318.3098591549297,2.528,0.08092698967747876,0.11024721613832565,0.9759336844043157,nan
outbound,15.0,30.0,3300.0,3300.0,3199.6573,3397.7216,3298.68945,49,positive,0.608974358974359,1642.1052631578946,2.136,0.4122554576735595,0.5261744533727023,1.117824903317573,nan
outbound,15.0,30.0,3300.0,3300.0,3199.6573,3397.7216,3298.68945,49,negative,-0.608974358974359,-1642.1052631578946,2.656,0.08012191061056792,0.03297113572654448,1.0228601910119899,nan
outbound,3.0,15.0,3302.0,3302.0,3201.6992,3399.7635,3300.73135,49,positive,0.6196581196581197,1613.7931034482758,1.244,0.10898170426874498,0.038153837813746,0.7379415732134574,0.318
outbound,3.0,15.0,3302.0,3302.0,3201.6992,3399.7635,3300.73135,49,negative,-0.5555555555555556,-1800.0,2.58,0.09364699633843053,0.05557467372887386,1.1505806869498882,0.014
outbound,15.0,30.0,3302.0,3302.0,3201.6992,3399.7635,3300.73135,49,positive,0.6410256410256411,1560.0,2.34,0.446202554063232,0.2122162647150247,1.1426461451063203,0.002
outbound,15.0,30.0,3302.0,3302.0,3201.6992,3399.7635,3300.73135,49,negative,-0.7158119658119658,-1397.0149253731345,1.284,0.06222020374609786,0.02942207010940328,1.1479259496674667,0.24
outbound,3.0,15.0,3350.0,3350.0,3250.7048,3448.7691,3349.73695,49,positive,0.673076923076923,1485.7142857142858,2.344,0.12236613854854643,0.05199065199270838,1.4244469645128048,nan
outbound,3.0,15.0,3350.0,3350.0,3250.7048,3448.7691,3349.73695,49,negative,-0.7478632478632478,-1337.1428571428573,1.512,0.0900105353627732,0.08652701302358175,0.7735603093505641,nan
outbound,15.0,30.0,3350.0,3350.0,3250.7048,3448.7691,3349.73695,49,positive,0.6517094017094017,1534.4262295081967,2.368,0.5323346473473926,0.24303944915728679,1.1160861935772084,nan
outbound,15.0,30.0,3350.0,3350.0,3250.7048,3448.7691,3349.73695,49,negative,-0.7051282051282052,-1418.181818181818,0.184,0.050760710256136675,0.05964131759563527,1.0805847973317249,nan
outbound,3.0,15.0,3400.0,3400.0,3275.2076,3473.2719,3374.23975,49,positive,0.5876068376068376,1701.818181818182,2.36,0.1462128789376117,0.07171537434955173,1.5250492960804392,nan
outbound,3.0,15.0,3400.0,3400.0,3275.2076,3473.2719,3374.23975,49,negative,-0.7158119658119658,-1397.0149253731345,1.5599999999999998,0.09055351770073197,0.07009601515302112,0.9950410805771334,nan
outbound,15.0,30.0,3400.0,3400.0,3275.2076,3473.2719,3374.23975,49,positive,0.6517094017094017,1534.4262295081967,2.36,0.550691604585811,0.25801388703966194,1.0975607945316006,nan
outbound,15.0,30.0,3400.0,3400.0,3275.2076,3473.2719,3374.23975,49,negative,-0.6410256410256411,-1560.0,0.892,0.06915086195552395,0.01929375052929902,0.7115523661354672,nan
outbound,3.0,15.0,3450.0,3450.0,3275.2076,3473.2719,3374.23975,49,positive,0.5876068376068376,1701.818181818182,2.36,0.1462128789376117,0.07171537434955173,1.5250492960804392,nan
outbound,3.0,15.0,3450.0,3450.0,3275.2076,3473.2719,3374.23975,49,negative,-0.7158119658119658,-1397.0149253731345,1.5599999999999998,0.09055351770073197,0.07009601515302112,0.9950410805771334,nan
outbound,15.0,30.0,3450.0,3450.0,3275.2076,3473.2719,3374.23975,49,positive,0.6517094017094017,1534.4262295081967,2.36,0.550691604585811,0.25801388703966194,1.0975607945316006,nan
outbound,15.0,30.0,3450.0,3450.0,3275.2076,3473.2719,3374.23975,49,negative,-0.6410256410256411,-1560.0,0.892,0.06915086195552395,0.01929375052929902,0.7115523661354672,nan
return,3.0,15.0,3000.0,475.3137999999999,375.7096,573.7739,474.74175,49,positive,0.6196581196581197,1613.7931034482758,0.652,0.1104390138383202,0.1329108529697903,1.0296664984782498,nan
return,3.0,15.0,3000.0,475.3137999999999,375.7096,573.7739,474.74175,49,negative,-0.7692307692307693,-1300.0,0.020000000000000004,0.08254177975600867,0.018647703515499887,1.2239422870853853,nan
return,15.0,30.0,3000.0,475.3137999999999,375.7096,573.7739,474.74175,49,positive,0.6944444444444444,1440.0,0.516,0.46211537707079187,0.3939091130257562,1.016058102380198,nan
return,15.0,30.0,3000.0,475.3137999999999,375.7096,573.7739,474.74175,49,negative,-0.5769230769230769,-1733.3333333333335,1.208,0.2195199782611516,0.2207468469024339,1.415627940030253,nan
return,3.0,15.0,3050.0,425.3137999999999,324.6621,522.7264,423.69425,49,positive,0.608974358974359,1642.1052631578946,0.416,0.11827390996517545,0.08674113622007593,0.7022271662663587,nan
return,3.0,15.0,3050.0,425.3137999999999,324.6621,522.7264,423.69425,49,negative,-0.5555555555555556,-1800.0,1.16,0.052997485721478055,0.030506399734423966,1.0619475732555532,nan
return,15.0,30.0,3050.0,425.3137999999999,324.6621,522.7264,423.69425,49,positive,0.7692307692307693,1300.0,0.47600000000000003,0.3858649543242991,0.3478392468714126,1.010350866920518,nan
return,15.0,30.0,3050.0,425.3137999999999,324.6621,522.7264,423.69425,49,negative,-0.5555555555555556,-1800.0,1.168,0.18113708068788745,0.14711181926861167,1.4081320711022616,nan
return,3.0,15.0,3100.0,375.3137999999999,275.6565,473.7208,374.68865,49,positive,0.6517094017094017,1534.4262295081967,0.39199999999999996,0.11412122108013362,0.06867942984731437,0.6975762057055787,nan
return,3.0,15.0,3100.0,375.3137999999999,275.6565,473.7208,374.68865,49,negative,-0.5555555555555556,-1800.0,0.528,0.045999630456297694,0.030910018939033914,1.1375690992180292,nan
return,15.0,30.0,3100.0,375.3137999999999,275.6565,473.7208,374.68865,49,positive,0.7158119658119658,1397.0149253731345,0.444,0.4417197432976179,0.5124507631289625,1.1781690382902905,nan
return,15.0,30.0,3100.0,375.3137999999999,275.6565,473.7208,374.68865,49,negative,-0.5555555555555556,-1800.0,2.7479999999999998,0.11548960347122704,0.033312255779309796,0.869750387449884,nan
return,3.0,15.0,3150.0,325.3137999999999,224.609,422.6733,323.64115,49,positive,0.7478632478632478,1337.1428571428573,1.176,0.08696945005348067,0.026665532754914553,0.9648049789134512,nan
return,3.0,15.0,3150.0,325.3137999999999,224.609,422.6733,323.64115,49,negative,-0.7692307692307693,-1300.0,2.604,0.07529827781578599,0.013607073979801125,0.8444021094994527,nan
return,15.0,30.0,3150.0,325.3137999999999,224.609,422.6733,323.64115,49,positive,0.6837606837606838,1462.5,0.644,0.3465176372914363,0.33163484681566824,1.1937936972326453,nan
return,15.0,30.0,3150.0,325.3137999999999,224.609,422.6733,323.64115,49,negative,-0.5555555555555556,-1800.0,1.016,0.1232885057850665,0.0556397522489302,0.9517165432759336,nan
return,3.0,15.0,3192.0,283.3137999999999,183.77100000000002,381.8353,282.80315,49,positive,0.5662393162393162,1766.0377358490566,1.5639999999999998,0.07097924379278839,0.020732307045965598,1.1201359659717622,0.504
return,3.0,15.0,3192.0,283.3137999999999,183.77100000000002,381.8353,282.80315,49,negative,-0.5555555555555556,-1800.0,2.7279999999999998,0.10264970145340224,0.02437555814424183,0.8748953543029772,0.524
return,15.0,30.0,3192.0,283.3137999999999,183.77100000000002,381.8353,282.80315,49,positive,0.7264957264957265,1376.4705882352941,0.632,0.3186962431946074,0.2606369107422287,1.0424092234100328,0.002
return,15.0,30.0,3192.0,283.3137999999999,183.77100000000002,381.8353,282.80315,49,negative,-0.5662393162393162,-1766.0377358490566,1.18,0.09110927720686599,0.02952190709669532,0.8997765022660791,0.37
return,3.0,15.0,3200.0,275.3137999999999,175.6034,373.6677,274.63555,49,positive,0.5662393162393162,1766.0377358490566,1.148,0.06935804399524699,0.015245316360024021,0.9191560000118888,nan
return,3.0,15.0,3200.0,275.3137999999999,175.6034,373.6677,274.63555,49,negative,-0.5555555555555556,-1800.0,2.7319999999999998,0.0925487219715243,0.02312714446612154,0.8581705168547924,nan
return,15.0,30.0,3200.0,275.3137999999999,175.6034,373.6677,274.63555,49,positive,0.7051282051282052,1418.181818181818,0.624,0.32376666967945633,0.2628658305792312,1.0450481693311557,nan
return,15.0,30.0,3200.0,275.3137999999999,175.6034,373.6677,274.63555,49,negative,-0.5555555555555556,-1800.0,1.2,0.10050471303065794,0.02260240673919029,0.887293944345217,nan
return,3.0,15.0,3250.0,225.3137999999999,124.55590000000001,322.6202,223.58805,49,positive,0.6623931623931624,1509.6774193548388,0.5840000000000001,0.08862045023548129,0.04865371775839511,1.1460157874288355,nan
return,3.0,15.0,3250.0,225.3137999999999,124.55590000000001,322.6202,223.58805,49,negative,-0.7692307692307693,-1300.0,2.004,0.07068810251942875,0.032719931546149925,0.9703793179886921,nan
return,15.0,30.0,3250.0,225.3137999999999,124.55590000000001,322.6202,223.58805,49,positive,0.7051282051282052,1418.181818181818,0.62,0.29142103082892773,0.2564687593475994,1.067389243607322,nan
return,15.0,30.0,3250.0,225.3137999999999,124.55590000000001,322.6202,223.58805,49,negative,-0.5555555555555556,-1800.0,0.176,0.1231003130291316,0.1467093437208945,1.5799075263860227,nan
return,3.0,15.0,3300.0,175.3137999999999,75.55030000000001,273.6146,174.58245,49,positive,0.6196581196581197,1613.7931034482758,0.39599999999999996,0.13627384406917978,0.07224149494590851,1.3716776667559991,nan
return,3.0,15.0,3300.0,175.3137999999999,75.55030000000001,273.6146,174.58245,49,negative,-0.5876068376068376,-1701.818181818182,0.21599999999999997,0.09608749927779112,0.027304811261048122,1.0437453717567537,nan
return,15.0,30.0,3300.0,175.3137999999999,75.55030000000001,273.6146,174.58245,49,positive,0.5769230769230769,1733.3333333333335,0.296,0.2729476451007758,0.23592243057282072,1.6302675019356307,nan
return,15.0,30.0,3300.0,175.3137999999999,75.55030000000001,273.6146,174.58245,49,negative,-0.5555555555555556,-1800.0,2.2079999999999997,0.09870479579734898,0.02681913426046138,0.7066308198334085,nan
return,3.0,15.0,3302.0,173.3137999999999,73.5084,271.5727,172.54055,49,positive,0.5982905982905983,1671.4285714285713,0.364,0.07406384477439022,0.03459144820260386,1.0074654109363101,0.236
return,3.0,15.0,3302.0,173.3137999999999,73.5084,271.5727,172.54055,49,negative,-0.5555555555555556,-1800.0,0.372,0.07557900573930733,0.033027299294547355,1.0563333817929217,0.218
return,15.0,30.0,3302.0,173.3137999999999,73.5084,271.5727,172.54055,49,positive,0.5769230769230769,1733.3333333333335,0.5880000000000001,0.24062435930434098,0.14910323614972812,1.0344472047832918,0.002
return,15.0,30.0,3302.0,173.3137999999999,73.5084,271.5727,172.54055,49,negative,-0.5555555555555556,-1800.0,0.20399999999999996,0.06153562419185352,0.0779832011852061,1.4364145552332785,0.03
return,3.0,15.0,3350.0,125.3137999999999,24.5028,222.5671,123.53495000000001,49,positive,0.7585470085470085,1318.3098591549297,1.168,0.045003570585834846,0.026906071504481353,0.5514805433014365,nan
return,3.0,15.0,3350.0,125.3137999999999,24.5028,222.5671,123.53495000000001,49,negative,-0.5555555555555556,-1800.0,1.1159999999999999,0.048047266756776834,0.014564994881858657,0.7803809225117202,nan
return,15.0,30.0,3350.0,125.3137999999999,24.5028,222.5671,123.53495000000001,49,positive,0.5982905982905983,1671.4285714285713,1.288,0.06453650932201765,0.05871167535419909,0.31904194631510635,nan
return,15.0,30.0,3350.0,125.3137999999999,24.5028,222.5671,123.53495000000001,49,negative,-0.5555555555555556,-1800.0,0.432,0.0568943637071629,0.021061861553701527,0.7471940839743404,nan
return,3.0,15.0,3400.0,75.3137999999999,0.0,198.0643,99.03215,49,positive,0.5662393162393162,1766.0377358490566,2.112,0.0504331018468044,0.06009456897049948,0.5582426331016744,nan
return,3.0,15.0,3400.0,75.3137999999999,0.0,198.0643,99.03215,49,negative,-0.5876068376068376,-1701.818181818182,2.008,0.0441387425956422,0.04542932386376634,0.5695906840300283,nan
return,15.0,30.0,3400.0,75.3137999999999,0.0,198.0643,99.03215,49,positive,0.7478632478632478,1337.1428571428573,2.276,0.04522055559559865,0.040593550672155906,0.1815350649673404,nan
return,15.0,30.0,3400.0,75.3137999999999,0.0,198.0643,99.03215,49,negative,-0.5876068376068376,-1701.818181818182,1.704,0.058294987945650946,0.04845062743068693,0.2882941521497495,nan
return,3.0,15.0,3450.0,25.3137999999999,0.0,198.0643,99.03215,49,positive,0.5662393162393162,1766.0377358490566,2.112,0.0504331018468044,0.06009456897049948,0.5582426331016744,nan
return,3.0,15.0,3450.0,25.3137999999999,0.0,198.0643,99.03215,49,negative,-0.5876068376068376,-1701.818181818182,2.008,0.0441387425956422,0.04542932386376634,0.5695906840300283,nan
return,15.0,30.0,3450.0,25.3137999999999,0.0,198.0643,99.03215,49,positive,0.7478632478632478,1337.1428571428573,2.276,0.04522055559559865,0.040593550672155906,0.1815350649673404,nan
return,15.0,30.0,3450.0,25.3137999999999,0.0,198.0643,99.03215,49,negative,-0.5876068376068376,-1701.818181818182,1.704,0.058294987945650946,0.04845062743068693,0.2882941521497495,nan
