leg,trial_id,epoch,injected_dvv,estimated_dvv,max_leave_one_aperture_shift,most_influential_aperture_center_m,n_apertures
outbound,D4c8553e5871e3620,32,0.0002,0.0013286386489534607,0.00032683581300673153,800.4247999999999,12
outbound,D7ba601538d1191b9,4,0.0005,0.0003676191406960932,0.00040459453775162896,2601.3806,12
outbound,D66e092e866fb4580,34,-0.005,-0.0038335424286153968,0.0006229658851830363,396.1286,12
outbound,D6cc5aea528686e6d,42,-0.001,-0.0005190643826063907,0.0006216278576579902,396.1286,12
outbound,D600b92769c22b910,28,0.0002,-0.0007270099134324667,0.00040886289319518325,396.1286,12
outbound,D296052f99940fa4c,10,0.01,0.008801281201628288,0.000532732743545242,800.4247999999999,12
outbound,D46db6974f74e5098,34,-0.002,-0.0008752112072816764,0.0005848094027664411,396.1286,12
outbound,D2194416827c7e2ab,6,0.005,0.004996915980295516,0.000368142972370593,800.4247999999999,12
outbound,D1381af2ca4b6cc35,8,0.001,0.001965725659388963,0.0005305001508002891,598.2767,12
outbound,D1b643b9a7a1534e6,44,0.005,0.004908621054177858,0.00045502978788581304,396.1286,12
outbound,D307d6cd8480bc2c0,18,0.0001,-0.0008155769448086314,0.0006470778689515398,396.1286,12
outbound,D48a47c6d99d5d44f,6,0.001,0.0009471225936524148,0.00042137675975585404,598.2767,12
outbound,D266c62ef7db858e4,6,-0.001,-0.0010641330186115245,0.0003664519619659525,598.2767,12
outbound,D5ee97f48c2f89da3,8,0.0002,0.0011626569846884664,0.0005458016848686639,598.2767,12
outbound,D6e109d9ada2a31ab,8,-0.0002,0.0007610124909216464,0.0005492896013761336,598.2767,12
outbound,D0bebcb42b5ed4e3c,28,-0.0001,-0.001022856153860425,0.0004057039893814857,800.4247999999999,12
outbound,D6ae3a7832abd2720,24,-0.0005,-0.0006752054415105471,0.0005640520462435779,396.1286,12
outbound,D094eb33332f4ec87,18,-0.01,-0.010894501106535932,0.0005801496381872707,598.2767,12
outbound,D22add256b1a82a17,24,0.005,0.004801749516706082,0.0005056874379784308,396.1286,12
outbound,D068aaf560b9bb284,28,-0.0002,-0.0011218449507772,0.0004055881987298925,800.4247999999999,12
outbound,D608d413798dbc88f,44,0.01,0.009820891507921639,0.00016454772919299691,2197.0843999999997,12
outbound,D7f4523be8f919563,42,-0.005,-0.0045530926421372105,0.0007044047854562925,396.1286,12
outbound,D3f1d36024f931fdd,30,0.0001,5.384554633509555e-05,0.0003472412928122336,396.1286,12
outbound,D2303f9ebdec49148,30,-0.01,-0.009921018880272218,0.00045863686285195493,396.1286,12
outbound,D226110a498ae8ce3,22,0.0001,0.0007015112499925182,0.0005984415235488453,396.1286,12
outbound,D66c8980a77bc69fb,6,-0.002,-0.0020703013629275206,0.00035352532486588434,800.4247999999999,12
outbound,D684d5fcf0890098a,16,0.01,0.008432850142975084,0.0007130159918298812,396.1286,12
outbound,D5358d95fad6e42dd,2,-0.005,-0.005532139373420318,0.0007729666718568886,396.1286,12
outbound,D709cf7175bf37f0f,4,-0.0001,-0.00024023854559032933,0.0004084117449269099,2601.3806,12
outbound,D0f1fda1bd51e90bb,44,-0.0001,-0.00017101989525014285,0.0006025785958471671,396.1286,12
outbound,D23fa0456002db56c,0,0.0005,0.0004561249155023936,0.0002617083903307647,2399.2325,12
outbound,D3029599c20ffa369,38,0.005,0.005528836849250363,0.00043639095934605056,396.1286,12
outbound,D1b7084755d228d1f,44,-0.005,-0.005079479115393672,0.0007358239160180245,396.1286,12
outbound,D5da9e643f5ae770b,10,-0.005,-0.006047960818162435,0.0004855090200274314,800.4247999999999,12
outbound,D3ac03f6b09d0150a,22,0.002,0.0026126514977454413,0.0004936448456150989,2601.3806,12
outbound,D0f2033a2ab75877d,20,0.005,0.006831502700596992,0.0004717321891387419,598.2767,12
outbound,D2091af57b2100e49,14,-0.0005,-0.0008181064009306909,0.0008385061002619779,396.1286,12
outbound,D376384f85a7d028c,16,0.001,-0.0006085414459427441,0.0006579791081329542,396.1286,12
outbound,D39e859814500c1a9,34,-0.001,0.00011191747314263073,0.000579184938391146,396.1286,12
outbound,D2e98da803fd2cbd9,36,0.001,0.001775560662286949,0.00038974360427523457,2197.0843999999997,12
outbound,D3c79e160d8ee34f4,14,0.01,0.009829329052038406,0.00126321876795768,396.1286,12
outbound,D4c87dc912a41b7c7,34,-0.0001,0.0009804981504124212,0.0005607063114599481,396.1286,12
outbound,D70d3b087905c3dec,28,0.0005,-0.0004305897852034114,0.00041249300422362286,396.1286,12
outbound,D738942fc76f93789,22,-0.0002,0.000399064805055829,0.000606218755425245,396.1286,12
outbound,D660a5159c8d00fd9,22,-0.01,-0.009374442970832779,0.0006754655316493635,396.1286,12
outbound,D1fbdbdf2439507df,26,0.0001,-0.0013707436818998354,0.00045076025213450373,598.2767,12
outbound,D73d8da08ac3784dd,32,-0.01,-0.008805459139828685,0.0007928631054474247,396.1286,12
outbound,D319e93e7671e0a6f,16,-0.005,-0.006557730173581033,0.00044643452727965386,396.1286,12
outbound,D09598052ad3ead2c,40,-0.01,-0.009477808329156692,0.0006353173230379192,396.1286,12
outbound,D642b67fa1eeadb2f,38,-0.01,-0.00920936357262812,0.00033668616192000615,800.4247999999999,12
outbound,D2bb40e6386b9a21b,0,0.0001,6.690121737086583e-05,0.00026837577226963903,2399.2325,12
outbound,D18e7dfd626ce5b89,42,-0.002,-0.0015303188334305341,0.0006436686300556468,396.1286,12
outbound,D6a5b63d41b8a01c8,26,0.002,0.0005536409411200778,0.00038315046049849574,396.1286,12
outbound,D5760257cdacd054a,22,0.0005,0.0011060423794485759,0.0005878661471488755,396.1286,12
outbound,D6209894611bacce1,22,0.0,0.0006010841298080493,0.000601210936531827,396.1286,12
outbound,D76ae2de4a78181d2,12,0.0005,-0.0017735570494756107,0.001160831597032167,598.2767,12
outbound,D03bf1698ecfa4ed1,20,0.002,0.0038448271354960643,0.0004805503208051404,598.2767,12
outbound,D32cd08ac7610617f,18,0.0005,-0.00040995969540997786,0.0006687414417810803,396.1286,12
outbound,D5334bc086d9901ba,14,0.0005,0.00019139834604611653,0.0008557904834052438,396.1286,12
outbound,D7845819f806fc1d3,16,-0.0002,-0.0018046366266944746,0.0006189741065138431,396.1286,12
outbound,D3b6b70d05174bd5e,0,0.005,0.004908850307236811,0.00016607515296270577,2399.2325,12
outbound,D3fdd985d84f699dc,28,0.0,-0.0009241233593644413,0.00040632002944485535,396.1286,12
outbound,D0a160e0b9b57e336,8,-0.002,-0.0010531931767745603,0.0005433778305888187,598.2767,12
outbound,D3d14b693e2030291,16,-0.002,-0.0035808795670120557,0.0005459607639659763,396.1286,12
outbound,D04a86899128dd913,14,-0.001,-0.0013249089100698388,0.0008299339587027511,396.1286,12
outbound,D41f91ebcf346c611,12,0.0001,-0.0021610712402934163,0.0011732931409858978,598.2767,12
outbound,D1b1bd2e027397367,12,-0.005,-0.007287875720274756,0.0013368173734294008,598.2767,12
outbound,D63c25155e8d74477,8,0.002,0.0029688916918345592,0.0005019603145438051,598.2767,12
outbound,D1a1e58e5ffb4ac84,26,-0.002,-0.0034867306675182867,0.0005265458697835939,2601.3806,12
outbound,D6b4f9bae1599d9ef,16,0.0005,-0.0011081435076658644,0.0006422877608365701,396.1286,12
outbound,D78fd8cec7379fb96,26,-0.0002,-0.0016698947602592413,0.0004724352128423902,598.2767,12
outbound,D379496ac66c8372e,12,0.0002,-0.0020619177769580165,0.0011684264586392652,598.2767,12
outbound,D58868aead7efc291,12,0.002,-0.00030188561415798873,0.0011135722944409423,598.2767,12
outbound,D683f183e40952213,36,-0.0005,0.0003670935265923135,0.00036987920067008926,2197.0843999999997,12
outbound,D1f9bff28df79c72b,2,-0.0005,-0.0010164974490670185,0.0008154422084014106,396.1286,12
outbound,D3d5ed51c3ee28196,24,0.001,0.0008104410927227251,0.0005468642089379561,396.1286,12
outbound,D598b29bfe08855f3,42,0.01,0.010264943663638289,0.0004095486306060752,598.2767,12
outbound,D5ae91b99ddda5fdb,20,-0.01,-0.008204885004848691,0.000518199460343087,598.2767,12
outbound,D5d41f05b82683f5a,12,0.001,-0.0012816714706610738,0.0011427165430200749,598.2767,12
outbound,D70365a5b1ba972ec,38,0.0001,0.0008407635482639167,0.00036880793178809153,396.1286,12
outbound,D31254831423e6ad7,6,-0.005,-0.005082444580473879,0.00036342661419170967,800.4247999999999,12
outbound,D51d5be471eb283b7,24,-0.005,-0.005100285422892516,0.0007470903285798428,396.1286,12
outbound,D05e2ba956d4ce3d4,6,0.0005,0.00044080757070120936,0.0004345870636208711,598.2767,12
outbound,D26ac3223997eb7a8,28,-0.002,-0.002902053270783201,0.0004129926956489556,800.4247999999999,12
outbound,D3e4ba6b468434c6c,12,-0.0002,-0.0024474859514035884,0.0011800959361063933,598.2767,12
outbound,D5e2b7c4ae5d684a9,20,-0.0001,0.001703935590900717,0.0004915485401816814,598.2767,12
outbound,D4def29431336a142,30,-0.005,-0.004970812913543325,0.0004384459833567068,396.1286,12
outbound,D65862b0298307c99,10,0.0,-0.0010600076900528896,0.0005701148174548713,800.4247999999999,12
outbound,D234a8506b4a2952e,38,-0.002,-0.0011944634980207776,0.000375441791688161,396.1286,12
outbound,D12f63dd69e46ea0c,28,0.002,0.0010429668337910455,0.00043245153581964054,396.1286,12
outbound,D3c62cc442329a7b5,36,-0.01,-0.008890320499440326,0.00040896782531971154,2601.3806,12
outbound,D61572fab1dfcb9e7,2,0.002,0.0014913248034945546,0.0008565038443632672,396.1286,12
outbound,D6555ad1fd5890d67,36,-0.001,-0.00011060122993952262,0.00037032272722598415,2197.0843999999997,12
outbound,D7aa66a52fff8600a,28,-0.0005,-0.0014181042617853188,0.00040546940506636596,800.4247999999999,12
outbound,D7ac4428bb8bc05e6,32,-0.002,-0.0009002577456515611,0.00040426729915334515,396.1286,12
outbound,D56543272e8a1c8e7,38,0.0,0.0007469940581241324,0.00037534208806097493,396.1286,12
outbound,D4141886bd2f7a882,4,0.002,0.0018758206236108208,0.0003965045235365054,2601.3806,12
outbound,D5449892b822a7b6c,18,-0.001,-0.001917313324024259,0.0006061333175632251,396.1286,12
outbound,D3b80eb85e146ffb9,18,-0.0005,-0.0014173473608926437,0.0006256749546857299,396.1286,12
outbound,D50e23c07e11ce9cf,40,-0.005,-0.004505786521493574,0.00047106865661841225,598.2767,12
outbound,D429b342d6677c590,34,0.002,0.003014801758628374,0.0004987631010657826,396.1286,12
outbound,D7803f7bdb8c831fd,34,0.0,0.0010776632423175137,0.0005600212554937675,396.1286,12
outbound,D680a0b14963bd9b7,12,-0.001,-0.0032369044248593422,0.0012164229199682092,598.2767,12
outbound,D1262ad639165292e,36,-0.002,-0.0011008396852128764,0.0003720376737777316,2197.0843999999997,12
outbound,D570fcdbbe6d29cdb,30,-0.0002,-0.00023886729173885364,0.0003545200793716045,396.1286,12
outbound,D4374f9a5ed09864b,14,-0.0001,-0.00041388360957907925,0.0008446907498215587,396.1286,12
outbound,D311e2c7f88886dd8,34,0.005,0.005960177426952491,0.0005044328548419455,396.1286,12
outbound,D60a61c7dbde6f9e4,32,0.0,0.0011216784342321223,0.00031735632184661596,800.4247999999999,12
outbound,D02f1718808cc5c68,20,-0.0002,0.0016008887055311738,0.0004925224769798387,598.2767,12
outbound,D41f39360aba25f92,24,0.0001,-8.438227886087246e-05,0.000556452932870348,396.1286,12
outbound,D45984d7718c6c6b7,2,0.001,0.0004863065158436129,0.0008419456694612218,396.1286,12
outbound,D3533a333da41b949,42,0.0001,0.0006267966493761592,0.0006217243910047001,396.1286,12
outbound,D5461ab068724a5ca,14,0.0001,-0.00021133538528365095,0.0008483986163291227,396.1286,12
outbound,D2b2712665a0a811f,24,-0.002,-0.0021434083597933785,0.0006223590017487343,396.1286,12
outbound,D19cc4687bc66f807,18,0.01,0.009372170347807853,0.0005758605526888626,800.4247999999999,12
outbound,D2dd7d91fbf574e66,26,-0.0001,-0.0015701542237947545,0.00046541450436267894,598.2767,12
outbound,D1e91d94e5008060b,28,-0.01,-0.010849374672279411,0.00039022046801337647,800.4247999999999,12
outbound,D457c51d7495a35d2,38,0.002,0.0026445164424774457,0.0003639215937739559,396.1286,12
outbound,D3eb181cd178ea2ce,38,-0.005,-0.004152354113200487,0.00032264256450266655,396.1286,12
outbound,D1884eb8b94461adc,2,-0.01,-0.010547390706259829,0.0007691504686512703,396.1286,12
outbound,D68ae7c9e8fbfb81b,38,-0.0001,0.0006537552531644116,0.000377243331195306,396.1286,12
outbound,D1d43070397a04cb0,32,0.01,0.011585233054146982,0.0008647830802116091,598.2767,12
outbound,D15c304efca1c5eb7,30,-0.002,-0.0020102070843239627,0.0004064876722429055,396.1286,12
outbound,D02c5c2ea50c2963f,44,-0.0002,-0.00027172362926660814,0.0006051672211367109,396.1286,12
outbound,D075e59f3ee6a56f9,22,-0.002,-0.0014069678739349885,0.000651254656924052,396.1286,12
outbound,D368b7d3bda0ca489,34,0.0001,0.001174180989700568,0.000558974813562162,396.1286,12
outbound,D2e37768209ad3a7e,22,0.001,0.0016094219005164001,0.0005718974878623931,396.1286,12
outbound,D27d3e26f9f5e635a,40,-0.0001,0.0004685836899207013,0.0005829586353811937,396.1286,12
outbound,D742403eeb9930378,44,0.0002,0.0001310242366132661,0.0005936259322966231,396.1286,12
outbound,D62cc4ef5bb51acac,34,0.001,0.0020473021742176307,0.00053240781551145,396.1286,12
outbound,D052945dc3bcc7229,2,0.01,0.009555999540834538,0.0010969736010883364,396.1286,12
outbound,D6b582aa3e125a68f,0,-0.005,-0.004933648466167713,0.00024554581868201954,2399.2325,12
outbound,D559c877e3d9475e8,0,0.0,-3.0373373819874407e-05,0.0002692796993560295,2399.2325,12
outbound,D72e719e82f3138bb,2,0.0,-0.0005144234189851484,0.0008214903696303263,396.1286,12
outbound,D4e6602c84050b38c,36,0.0,0.0008354469562374483,0.000369568458354626,2197.0843999999997,12
outbound,D69d407ca671170d7,16,0.0,-0.001607092848472231,0.0006271043924066194,396.1286,12
outbound,D65d90d46cd01d9fc,32,0.002,0.003193468541484399,0.00026964470739848255,800.4247999999999,12
outbound,D3ca0af85bf4fefb8,28,0.001,6.440164604863144e-05,0.00041791472202676647,396.1286,12
outbound,D0a0a4623a9bd82d1,34,-0.01,-0.008818549862252271,0.0006598455771654604,396.1286,12
outbound,D2f91c0c7ec021c86,4,0.01,0.009898475034668666,0.0003147318195837294,2601.3806,12
outbound,D4c64690683e6824e,38,0.01,0.010227165721437788,0.0004584001897427071,598.2767,12
outbound,D7da4e1587640ef44,20,0.0001,0.001911103887363383,0.0004896409157713864,598.2767,12
outbound,D67e4a7f076ae8ff5,14,-0.005,-0.0053514248325183915,0.0008243329167317796,598.2767,12
outbound,D230886324da2d7b8,4,0.0,-0.00013895813425106096,0.0004086198093015306,2601.3806,12
outbound,D5c892c0c42c6be08,12,-0.01,-0.012265110775906614,0.0012510245694180942,598.2767,12
outbound,D1bde0442ace5e7ae,20,0.01,0.011778120192828504,0.0004548469138752516,598.2767,12
outbound,D34bde64a82240a87,22,0.005,0.005694305365458524,0.0004913658965727567,396.1286,12
outbound,D619b92dad205e480,24,0.0005,0.00031342181317005644,0.0005500090637302351,396.1286,12
outbound,D638b55bada3036bf,22,-0.001,-0.00040485819905311803,0.0006240132584391775,396.1286,12
outbound,D725b40e11c0d132e,24,0.0002,1.5080438341534534e-05,0.0005548756805772208,396.1286,12
outbound,D736716827d4fc6ae,42,0.0,0.0005267892820797939,0.000620482472981331,396.1286,12
outbound,D58ffec13c452ef83,26,0.001,-0.000471451457659767,0.0004085540732732075,396.1286,12
outbound,D0dae6f6ed3a6e604,2,0.005,0.004527676804556144,0.0009173511233908759,396.1286,12
outbound,D2a44e559ab290e7b,26,-0.005,-0.006498278918433237,0.00040203215885811945,396.1286,12
outbound,D39cee4afabe6a973,30,0.001,0.0009329445579674795,0.00033522039894777803,396.1286,12
outbound,D5f26a3846f600089,40,0.01,0.01025629765095317,0.0005680947354537256,598.2767,12
outbound,D341b6a1b32f456d9,10,0.005,0.003867086208675647,0.0005676572532112389,800.4247999999999,12
outbound,D4961abf090f0221d,2,0.0005,-1.5305303013191534e-05,0.0008310843080051882,396.1286,12
outbound,D7a49ac1846fe4f68,16,0.0001,-0.0015086729569066383,0.0006308220333461738,396.1286,12
outbound,D76c7a0f1b8da46a4,8,0.005,0.005988673261162422,0.0004120797512789645,598.2767,12
outbound,D4fde3fd91c1458b7,20,-0.0005,0.0012967761700723318,0.0004941575934290382,598.2767,12
outbound,D27f8866248a05e47,6,-0.0001,-0.0001611055067922868,0.00040860887501536656,598.2767,12
outbound,D67ba43e615ddca13,22,-0.005,-0.004399657934329525,0.0007875205831485632,396.1286,12
outbound,D234a93b6d5d5c614,44,0.002,0.0019368035640596434,0.0005461376796279092,396.1286,12
outbound,D6279d0e643c44fc9,10,-0.0001,-0.0011593225213834928,0.0005689209718796983,800.4247999999999,12
outbound,D038aced6a81b5b84,0,0.002,0.0019318705914830613,0.00023729269119956466,2399.2325,12
outbound,D500add7f8cdcef18,10,0.0002,-0.0008609945443917005,0.0005734802631491083,800.4247999999999,12
outbound,D00c6dbf8285af7bb,26,0.01,0.008453126504198095,0.0004310012997792035,396.1286,12
outbound,D2c1c406efe59f81d,30,-0.0005,-0.0005347378984785741,0.00036099651881171227,396.1286,12
outbound,D2fd41a2a7ec5f736,4,0.0002,6.41355808172223e-05,0.0004056483853192936,2601.3806,12
outbound,D4de76ba0532bea2c,6,0.0002,0.00013885897093454642,0.00042426013701022655,598.2767,12
outbound,D428cd23c4eddce6f,38,-0.001,-0.00019857695978744137,0.0003818102136550265,396.1286,12
outbound,D3243027354a04c08,28,0.0001,-0.000825521280320756,0.0004076020976072086,396.1286,12
outbound,D3fca327010c320e2,36,0.0005,0.001305270541218926,0.00037252756874340816,2197.0843999999997,12
outbound,D6e28f385dbab2bcf,12,0.01,0.007428697190503771,0.0010138575301140438,598.2767,12
outbound,D5555e42321ca20f7,24,-0.01,-0.010032154803505814,0.0008076220229095848,396.1286,12
outbound,D1e88f9da60f86880,30,0.0002,0.00015198430905056013,0.0003446285917666417,396.1286,12
outbound,D5b241a5a514909c5,18,0.002,0.0010970207325256198,0.0006941676865747615,396.1286,12
outbound,D10e7c6e42d89f2b4,8,0.0001,0.001062255819330152,0.0005482125469276829,598.2767,12
outbound,D437eda37324ea8e7,42,-0.0005,3.7775978252519213e-06,0.000610317542044849,396.1286,12
outbound,D43d72d8e201f537d,20,-0.001,0.0007933213461559745,0.0004952320804908694,598.2767,12
outbound,D69bfe030e42abab4,30,0.01,0.009775506481418141,0.00028656461917488975,598.2767,12
outbound,D7af11009873a3c2f,24,-0.0002,-0.0003805555014655394,0.000559795090704193,396.1286,12
outbound,D0cbe838ee4e1c8ed,30,-0.0001,-0.00014070820406266485,0.0003525125266699237,396.1286,12
outbound,D2065794cc5e8b039,42,0.0005,0.0010144980939812273,0.0006229256585759506,396.1286,12
outbound,D16384f14c3544da3,36,0.002,0.0027112695880345578,0.0004106980839131283,2197.0843999999997,12
outbound,D45bd50812308a72f,2,-0.0002,-0.0007151716558968539,0.0008193345472657941,396.1286,12
outbound,D10cd024e11c60421,14,-0.01,-0.010465275901986601,0.0009271396607086167,598.2767,12
outbound,D5c2fb747accd3a6c,24,-0.0001,-0.00028208927528376834,0.0005589898193275639,396.1286,12
outbound,D2af6710fafeaf36d,14,-0.002,-0.0023368774043362743,0.0008796903906921,2601.3806,12
outbound,D4b0c11ca0c939b21,14,0.005,0.004775198007377301,0.0009701303913972493,396.1286,12
outbound,D4ae0315844de480a,0,0.01,0.009813317529289597,0.00017129591851514948,598.2767,12
outbound,D5bda74e2222d167c,14,-0.0002,-0.0005159241749826993,0.0008428096805961982,396.1286,12
outbound,D6e81141549b11470,18,0.0002,-0.0007154515022143226,0.0006510379537213733,396.1286,12
outbound,D59ed73b9fdb57f52,44,-0.002,-0.0021053337557326826,0.0006201270340741756,396.1286,12
outbound,D08ce7d30696742da,18,-0.005,-0.005915898995887235,0.0005800700091764385,396.1286,12
outbound,D3b4d686752f390e8,10,-0.002,-0.003045801069445964,0.0005443545968791073,800.4247999999999,12
outbound,D63db9cb0b8b3c0c1,18,0.001,9.454506296194012e-05,0.0006761551075584431,396.1286,12
outbound,D54791a2957bf1409,42,-0.01,-0.009596033077436322,0.0009060728653008891,396.1286,12
outbound,D308bb2d9c38ea611,20,-0.005,-0.003211161330149989,0.0005082874030767313,598.2767,12
outbound,D275af7f769479cd3,24,0.01,0.009910624557129438,0.00042607961206429096,396.1286,12
outbound,D33d58374f817decc,44,-0.01,-0.010026146897338412,0.0008164453393387783,396.1286,12
outbound,D595d40499ea7020d,36,0.0002,0.001022783609005811,0.0003691226621511186,2197.0843999999997,12
outbound,D4a733e5396d79eb8,16,-0.0001,-0.0017057188537932789,0.0006232101827337742,396.1286,12
outbound,D6a7c0a4b0ee75822,18,-0.002,-0.002918039886016292,0.0005806773005872859,396.1286,12
outbound,D103bfa8da0722af9,44,0.0,-7.023835613213753e-05,0.0005998603098369088,396.1286,12
outbound,D62238e91282d42ff,22,-0.0005,9.531049870013278e-05,0.0006138246538254815,396.1286,12
outbound,D2ff28051b264dc6f,10,0.002,0.0009125253015989643,0.0005854241738197329,800.4247999999999,12
outbound,D1f70676f7ab2db2b,32,0.001,0.0021792249459860183,0.0002825340077354814,396.1286,12
outbound,D21c2e6551d14437b,12,-0.0001,-0.0023537167889204017,0.0011791760013725096,598.2767,12
outbound,D740ec8db5abb2a41,32,-0.001,9.585321274104069e-05,0.00035157878881529565,396.1286,12
outbound,D1cd96c8b796cd47a,38,0.001,0.0016953658154992284,0.00033970999568031933,396.1286,12
outbound,D033161a786b2a37e,26,0.0005,-0.0009697319239699291,0.00041869863700576466,598.2767,12
outbound,D528be67cf4c009f4,40,0.0005,0.0010149710328717992,0.0005288378882764076,396.1286,12
outbound,D3617f9edda98e1ac,42,-0.0001,0.00042281703949579756,0.0006181416116858929,396.1286,12
outbound,D0c6f65fb41275152,40,-0.002,-0.001465157123190767,0.0005590631541851684,396.1286,12
outbound,D3e029dbe1ec82638,20,0.0002,0.002014890078570711,0.0004885822820731417,598.2767,12
outbound,D43c4f1038d33c3d7,34,-0.0005,0.0005904774455361461,0.0005599973885144008,396.1286,12
outbound,D78d78caebbc870d2,10,-0.001,-0.0020507691210746516,0.0005619256460854436,800.4247999999999,12
outbound,D63eb3b05fefad6e5,4,0.001,0.0008686206117005085,0.0004020714021964194,2601.3806,12
outbound,D079ab4fb79c1abef,2,-0.001,-0.0015201309347315222,0.000810980919218767,396.1286,12
outbound,D036a581adb83de65,2,-0.0001,-0.0006146096883678855,0.0008203705099408544,396.1286,12
outbound,D77d4a69cc5829145,0,-0.002,-0.001973389415876796,0.0002942869332037217,2399.2325,12
outbound,D4d2ce2d5c6e5a123,4,-0.0005,-0.0006445544248516616,0.0004059945661633375,2601.3806,12
outbound,D025dfabbdcb46f8a,6,-0.0005,-0.0005622936678350975,0.0003889336479594752,598.2767,12
outbound,D43896ce837336a20,42,0.0002,0.0007238217665864151,0.0006220087981738201,396.1286,12
outbound,D11b1928fb2735cb1,38,0.0005,0.0012209120393215013,0.0003361903469675787,396.1286,12
outbound,D6abe5f3ef115dee4,26,0.0002,-0.0012704676872891286,0.00044315408504140585,598.2767,12
outbound,D135e14f1e1cbac97,14,0.002,0.0017159225208844074,0.0008808805840425837,396.1286,12
outbound,D4b5bc570417c945a,18,0.005,0.0041343351175614105,0.0007341398211340045,396.1286,12
outbound,D66595469bdc315c3,0,-0.0002,-0.00022444268219453146,0.0002709675287736411,2399.2325,12
outbound,D5ef113d82bb60eda,4,-0.002,-0.0021430310920995304,0.00041830214596887605,2601.3806,12
outbound,D36ab5301d68ee30b,30,-0.001,-0.0010243753741431966,0.00037678815370725143,396.1286,12
outbound,D1b456fe20c04e836,38,-0.0005,0.00027805728896121163,0.0003797460179905135,396.1286,12
outbound,D15c34df7dff8422b,16,0.005,0.003419702220433183,0.0006981825791632775,396.1286,12
outbound,D077d4636ef40b5d2,8,-0.01,-0.008967157084141636,0.0012988909754787104,598.2767,12
outbound,D05c9a95e5ea0aaeb,28,-0.001,-0.0019127569466688941,0.00040299287613718886,800.4247999999999,12
outbound,D6b0d906f6267bbd4,16,-0.0005,-0.0021012790973376234,0.0006060513342130065,396.1286,12
outbound,D7a58239d31beb79c,2,0.0002,-0.0003149463386682229,0.0008243480954099078,396.1286,12
outbound,D6e6e6955982e079a,4,0.0001,-3.7144240250732715e-05,0.0004071757918763391,2601.3806,12
outbound,D19b56d4b8ffdad19,4,-0.005,-0.005108425014902939,0.0004739836846411917,2601.3806,12
outbound,D30d66447c4201a17,16,0.0002,-0.0014089925703288258,0.0006337291870409619,396.1286,12
outbound,D187f4e829f69d7e2,26,-0.0005,-0.001972851734042351,0.0004949378626633956,598.2767,12
outbound,D63aed30a032f3976,24,0.002,0.0017806341413014264,0.0005153457353939822,396.1286,12
outbound,D58f6629ff9b4fdaa,26,0.005,0.003648383083797088,0.00042761786273809096,2601.3806,12
outbound,D034ded3417e77f52,20,0.001,0.002842172494317904,0.00048181712960217,598.2767,12
outbound,D52363ad751db15ea,6,-0.0002,-0.0002611651468623813,0.00040366003602290625,598.2767,12
outbound,D35c20044775cf6c5,32,-0.0001,0.0010187440420317813,0.00031335551007412657,800.4247999999999,12
outbound,D6caa55df569aa872,18,-0.0001,-0.0010159998854844315,0.0006402744468361886,396.1286,12
outbound,D33310426f96544fc,10,-0.0002,-0.0012583974244939496,0.0005678379412539286,800.4247999999999,12
outbound,D0486c459b9aa63d5,2,0.0001,-0.00041453305573862126,0.0008225565456895553,396.1286,12
outbound,D0a9fba9887311725,36,0.0001,0.0009290090041824626,0.00036933945057241976,2197.0843999999997,12
outbound,D56ce701498ee03f7,6,0.0001,3.8717608974222194e-05,0.00041865016007360635,598.2767,12
outbound,D0be6b59fded54139,14,0.0,-0.00031192911084606097,0.0008468361738726068,396.1286,12
outbound,D05444539620b328d,18,0.0,-0.0009159403636861928,0.0006437999081491971,396.1286,12
outbound,D1280d7f43c7f0510,18,-0.0002,-0.0011163903218372121,0.0006366195707252816,396.1286,12
outbound,D21e45236c554e2ce,28,-0.005,-0.005853160986198865,0.00044646238409249035,800.4247999999999,12
outbound,D5c6d5fec7bca4281,30,0.0,-4.370518342538698e-05,0.0003497640403471339,396.1286,12
outbound,D3b233978be1cce27,8,-0.0001,0.0008614356370504606,0.0005494385901761349,598.2767,12
outbound,D1150be2ed0724f55,40,-0.0002,0.0003778640788472025,0.0005934391090986903,396.1286,12
outbound,D0ef6a267dc49d162,8,-0.001,-4.361606602592452e-05,0.000545831505859888,598.2767,12
outbound,D39c2fd6e9c7bf9cd,12,-0.0005,-0.0027394894090308447,0.0011894047558303124,598.2767,12
outbound,D54e568cb91562bff,42,0.005,0.005461257510359338,0.0006479146781141563,396.1286,12
outbound,D3d99f9d89514b9f6,20,0.0005,0.0023282328119676233,0.00048516090269246125,598.2767,12
outbound,D2233d2aa4dc52c93,4,-0.001,-0.0011424624267805635,0.00040902834601122713,2601.3806,12
outbound,D10194ae75f245691,34,-0.0002,0.0008829096843030394,0.000560666304101123,396.1286,12
outbound,D5fbaf34d258922ab,0,-0.001,-0.0010002232455469566,0.000281275283165592,2399.2325,12
outbound,D0316e9effad227db,34,0.01,0.010870677667703207,0.0004282111604959095,396.1286,12
outbound,D35db3c5343b8a8c5,8,0.01,0.01105028045669825,0.0003311754519078076,396.1286,12
outbound,D29ea72bfa8a19e55,40,-0.0005,0.00010262244987541534,0.0006236302153515965,396.1286,12
outbound,D2c264ce0e4f42c2b,42,0.002,0.0024682673025228806,0.0006232116673506097,396.1286,12
outbound,D731568f0c2832861,8,0.0005,0.001464154473489986,0.0005397424531253837,598.2767,12
outbound,D7e4954993cd3ef30,8,-0.005,-0.003978414860788281,0.0006235011262253152,800.4247999999999,12
outbound,D6048ef9047a94504,26,0.0,-0.0014704795282137776,0.00045803727906327694,598.2767,12
outbound,D770cc75864eb6221,32,-0.0005,0.0006049533111264233,0.00033315547458928136,396.1286,12
outbound,D19bec7cfb5aa11f8,24,0.0,-0.00018373244666897712,0.0005577643902019592,396.1286,12
outbound,D6416271c1fc430d3,0,-0.0005,-0.0005145477438846989,0.000276282110916381,2399.2325,12
outbound,D16ad2c5fb889dfa3,36,-0.0001,0.0007420892526058058,0.00036984138045094114,2197.0843999999997,12
outbound,D720f03403fbe59ad,32,-0.0002,0.0009155376755737705,0.00031084604193656364,396.1286,12
outbound,D2b4f028bab671208,10,-0.0005,-0.0015560223738036395,0.0005656994775475352,800.4247999999999,12
outbound,D38eae00fdef36c0f,40,0.001,0.0014776179680367747,0.0005059898732336337,396.1286,12
outbound,D29fd8fcbca8d5755,34,0.0005,0.0015615655641330747,0.0005505810079376343,396.1286,12
outbound,D7daa4d2ebc9661f0,44,-0.0005,-0.0005760993886031376,0.0006071292194291286,396.1286,12
outbound,D32f30f892b43fee4,32,0.0005,0.0016390727800002735,0.0003064827993961004,800.4247999999999,12
outbound,D52cecd4251913a3c,22,0.0002,0.0008026193120485527,0.0005956369262931881,396.1286,12
outbound,D3588dcb5abc3b6cc,28,0.005,0.003994193401590477,0.00046394847267929896,396.1286,12
outbound,D3ef85aadbb800d14,14,0.001,0.0006961862887366119,0.0008660437558191178,396.1286,12
outbound,D4e823c005f34b6f0,30,0.002,0.001904342926841844,0.0003262183330654297,396.1286,12
outbound,D0f906151e0ce2ba6,36,0.005,0.005572695391816154,0.0004332404119125489,2197.0843999999997,12
outbound,D423159ad52eea9df,6,-0.01,-0.010088094030333065,0.00038354861803466603,598.2767,12
outbound,D59b6d5a936fb619e,36,-0.0002,0.0006483301749178081,0.00036957590073357575,2197.0843999999997,12
outbound,D3384cfebae3aebd3,30,0.0005,0.00044539332917894564,0.0003382385542387471,396.1286,12
outbound,D560799a79a4a9f66,0,0.001,0.0009430227854158983,0.0002548730925733797,2399.2325,12
outbound,D5cc2c055be917d1b,44,0.0005,0.00043283778875302664,0.0005853581654102019,396.1286,12
outbound,D613946dcc8b1dac3,40,0.0001,0.0006492078283990043,0.0005579340333181695,396.1286,12
outbound,D36fbdd5a6b3f543b,40,0.005,0.005306394024423543,0.000588565743637328,598.2767,12
outbound,D354bfc623cbfde81,38,0.0002,0.0009352336065168119,0.0003595561752132361,396.1286,12
outbound,D620b26ca49792e25,44,-0.001,-0.0010876719930665102,0.0006032017356150951,396.1286,12
outbound,D5cc8d5fd375e7963,16,-0.01,-0.011536235256094594,0.0003628694579116045,598.2767,12
outbound,D203743866e8464e4,22,0.01,0.010841982919750024,0.000727586466049597,2601.3806,12
outbound,D3a514fe1a5ed316e,44,0.0001,3.0376467428815748e-05,0.0005967110177938578,396.1286,12
outbound,D657bdc0116b122b1,6,0.0,-6.120538471735821e-05,0.0004131323072294166,598.2767,12
outbound,D502b2893754bce93,4,0.005,0.004898121635344191,0.0003665596241977046,2601.3806,12
outbound,D28a167c86e0b0e50,16,-0.001,-0.00259295667886855,0.0005857267006890731,396.1286,12
outbound,D3f24aaadbf9dd4cd,26,-0.01,-0.011494602421393017,0.00037459255595994473,396.1286,12
outbound,D14f9324f596fa866,32,0.005,0.006341529343356693,0.00034540570019088966,396.1286,12
outbound,D143efbbc4793a4c5,26,-0.001,-0.0024781730455468954,0.0004497057080421205,2601.3806,12
outbound,D4beefb03b4010b58,0,-0.01,-0.009942935541816083,0.0002723299316887678,2399.2325,12
outbound,D181a9a617914a72f,42,0.001,0.0014996317151616003,0.0006234060660340414,396.1286,12
outbound,D2477182844e16727,8,-0.0005,0.00046028986513521017,0.0005481467827160556,598.2767,12
outbound,D141097833de472cb,40,0.0,0.000558141521591738,0.0005699205799288299,396.1286,12
outbound,D0b67abf50fd94649,10,0.0001,-0.0009604846554052391,0.0005715808623978512,800.4247999999999,12
outbound,D09a69e718b7295e7,4,-0.0002,-0.0003417436576160471,0.00040722266538584907,2601.3806,12
outbound,D09f897eac5a8ca50,22,-0.0001,0.0005007060619327519,0.0006038399438362091,396.1286,12
outbound,D16d4d6b5f123c5ef,0,-0.0001,-0.00012728437582132935,0.0002701354523415372,2399.2325,12
outbound,D3540bda7ae757973,24,-0.001,-0.0011695952053605507,0.0005776477692018887,396.1286,12
outbound,D57679598b70bc1e0,36,-0.005,-0.004035864444300983,0.000353803120417771,2601.3806,12
outbound,D3090f6eeaf2a96d4,10,0.001,-7.324072407619341e-05,0.0005848585073900913,800.4247999999999,12
outbound,D5a16c98ce1128fbd,4,-0.01,-0.010079948749679792,0.0005566132110341026,2601.3806,12
outbound,D41296aa85db116ef,12,0.0,-0.002259325200912734,0.0011775268266527904,598.2767,12
outbound,D773b45c04c5e7537,28,0.01,0.008913602939391979,0.000533350229641693,800.4247999999999,12
outbound,D7fbb06a2e36a56ac,30,0.005,0.004836803719571677,0.00030424156358909143,396.1286,12
outbound,D35df4881c449674c,14,0.0002,-0.00011119741698040534,0.0008498554135355008,396.1286,12
outbound,D24d42754ebd1647e,44,0.001,0.0009355153310869741,0.000571522753169252,396.1286,12
outbound,D2d9815b2b17a068e,32,0.0001,0.001224914113244614,0.00032264426377085495,800.4247999999999,12
outbound,D611f1abc46ebbdbf,38,-0.0002,0.0005603530078339484,0.0003775608327146675,396.1286,12
outbound,D2f6dafc013dc43b5,40,-0.001,-0.00035296532241696157,0.000674547388447324,396.1286,12
outbound,D5bad35d52351e8c5,6,0.002,0.001961979105963041,0.00042935769637102335,598.2767,12
outbound,D7b8c6425fb7ed490,42,-0.0002,0.00031943578467546736,0.0006156539088604828,396.1286,12
outbound,D27a71cc2e48db0f2,34,0.0002,0.0012706521673398028,0.0005575387889563671,396.1286,12
outbound,D52b7c7200e7bd019,20,0.0,0.0018074795497033857,0.0004906137591569942,598.2767,12
outbound,D6baf1ec5223f515f,6,0.01,0.009971392413308496,0.0004050689896700557,598.2767,12
outbound,D5d07706ea9ef45ee,20,-0.002,-0.00021399747435877752,0.0004986650742147005,598.2767,12
outbound,D7a0e024dcb458672,36,0.01,0.010417143828811586,0.00044480983600169756,2197.0843999999997,12
outbound,D5bb411193a6dcdca,2,-0.002,-0.0025225392784600184,0.000796848042506134,396.1286,12
outbound,D75c8df5ee8e87f01,12,-0.002,-0.004277447572412999,0.0013234704374833384,598.2767,12
outbound,D29cab56518cdb561,10,-0.01,-0.011129578937865252,0.0004973354903856329,800.4247999999999,12
outbound,D018f943238be6647,40,0.002,0.0024100998474972505,0.0005118540970784442,598.2767,12
outbound,D63577ab1ed2e7ee1,10,0.0005,-0.0005660217820997838,0.0005813512210749396,800.4247999999999,12
outbound,D600ed66672e7212e,12,0.005,0.0025790560971164513,0.0010700200108807473,598.2767,12
outbound,D4a2c89772a05b256,8,0.0,0.000961821973110387,0.0005488231429067699,598.2767,12
outbound,D6a566da11d4fa773,32,-0.005,-0.003843360271556939,0.000576438706166759,396.1286,12
outbound,D3e1501981c6f7748,16,0.002,0.0004027603931746527,0.0006890238134592113,396.1286,12
outbound,D269501dec0b265c0,0,0.0002,0.00016426717973790938,0.0002672036933233329,2399.2325,12
outbound,D3cc663405a54ef28,40,0.0002,0.0007411758027045026,0.0005477415511609563,396.1286,12
return,D7bab7884bb226f3d,18,0.0005,-0.00018967727918703972,0.0001441421661579839,2399.2325,12
return,D026ee73b1d0151ed,42,-0.002,-0.0014905194196769174,0.00042861618274761385,396.1286,12
return,D7bba57bf9cc0afce,38,0.0005,0.0011249023774207057,0.0012845728936142524,396.1286,12
return,D0228c3a3cc6e871d,12,0.0005,-0.002749012738446721,0.0013855743102928948,396.1286,12
return,D48f15f5f0e8d7a25,30,0.01,0.009542364257000148,0.00039653809012916985,598.2767,11
return,D06ae46d9913ea79c,20,0.001,0.0007706074365355026,0.0008210153928578305,2601.3806,12
return,D01e48142786229c8,2,0.002,0.003988181134262772,0.0003793157351934459,396.1286,12
return,D48751db8571a2385,18,-0.002,-0.002743283409561386,0.00021160760259507838,598.2767,12
return,D41f7ae4d32018e54,24,0.0005,-0.0011228012889201373,0.0011543510004956654,396.1286,12
return,D273fe31a1da04412,30,0.001,0.0004004273530084291,0.00029745058623804703,396.1286,11
return,D614af4d4ad580ced,14,0.0,0.0004251549473110754,0.0005050786910861381,800.4247999999999,12
return,D1dd85bf3e0c1a765,2,-0.002,-0.00014977659236081097,0.00030329770426729374,2601.3806,12
return,D4a804e1d2c2b3488,2,0.001,0.0029320749208683054,0.0003588136027962959,396.1286,12
return,D61252bb0f9815b01,30,-0.002,-0.002660422805068723,0.0004667634152150904,396.1286,11
return,D6e5f72db1d49d54c,38,-0.0001,0.0005227412974088886,0.0012888574218870388,396.1286,12
return,D3aedc18ff921c112,30,-0.0005,-0.0011300919704250374,0.0003776506779251871,396.1286,11
return,D1c00d03f0ea98cd1,2,0.0005,0.002408338084808838,0.00034121773425431533,396.1286,12
return,D412f34f6f5aa8533,10,-0.005,-0.0024493471992431404,0.001982821756131926,396.1286,12
return,D4bb1f3c324c75918,0,-0.01,-0.00853567809487826,0.0010635822296228515,396.1286,12
return,D23fd9edde4003631,16,0.0001,-0.0004262657537934457,0.0005268998139654258,598.2767,12
return,D624ba773b8303529,18,0.0002,-0.0004924208548090261,0.00014538795098508264,2399.2325,12
return,D1c25604da2ec47ff,42,0.002,0.002399909500175552,0.00045143072856276703,396.1286,12
return,D1aef381e2df697fd,36,0.0005,0.0036379720854770145,0.0009278129826706468,396.1286,12
return,D0a3e50af0d5640ef,0,-0.0005,0.0009533636249089063,0.0011653669662466172,396.1286,12
return,D6396557a37d5111f,4,0.0,-0.0015001726884046294,0.00037615746449556745,2601.3806,12
return,D3a0732802891bec7,14,0.001,0.0014634537234426849,0.0005867280911246297,598.2767,12
return,D1f6a2e4ff3c12f52,2,-0.0001,0.00179456256474514,0.00032305459590963037,396.1286,12
return,D5f0bff1d49e944bb,34,0.0002,0.000655764251854749,0.0005761075076006624,598.2767,12
return,D1e8c0853f405e718,32,0.001,5.689262497409225e-05,0.0013255628276317745,396.1286,12
return,D008afc27d808bb86,2,-0.01,-0.008247661143060926,0.0002725894163850707,2601.3806,12
return,D5ed72938090dc90c,6,0.002,0.0005494593713297,0.00040530821978075127,2601.3806,11
return,D49d39f98e3984af7,32,-0.001,-0.0019348833039657704,0.0012727906262413604,396.1286,12
return,D1ba2f6411bf25fe5,34,0.0001,0.0005548298608501586,0.0005749385477543121,598.2767,12
return,D6203b401013ee838,40,-0.0005,0.0002996543258359048,0.0014070921238437965,396.1286,12
return,D3ccb0e8b96257214,28,-0.001,0.0010183621817993495,0.0002949855591582661,996.4472,12
return,D535279cd79a0266a,8,0.01,0.00906610039474681,0.0007424385914099035,396.1286,12
return,D4c42302fb4384b59,28,-0.01,-0.008219658154883746,0.00030624456378817305,396.1286,12
return,D08e500092abdb46d,20,-0.002,-0.002076602231244391,0.0007761664873809511,2601.3806,12
return,D4da9e576d72d9fee,22,-0.0001,-7.216758480679609e-05,0.0008279994692338203,2399.2325,12
return,D1f10fbd9cd3f14bb,22,-0.0002,-0.00017449816775340685,0.0008304204116099344,2399.2325,12
return,D32b61ccb3c9b7c8e,18,-0.0001,-0.0007973357923705328,0.00014663951582515023,2001.0620000000001,12
return,D41c6ec1f5cb9f707,16,-0.002,-0.0026131452562012567,0.0005030856459415653,598.2767,12
return,D4f5719169a8babd8,8,-0.01,-0.011268583263594244,0.0010767753065685035,396.1286,12
return,D507a2ef63f1cd0c9,22,-0.005,-0.005002221010896787,0.0008087091284350164,2399.2325,12
return,D177af325cb1a0fd8,24,0.001,-0.0006209825856567722,0.0011429520585173871,396.1286,12
return,D0b78042f08d5e8fa,10,-0.0005,0.002011105267122742,0.0020891948083878683,396.1286,12
return,D29242ae9f871d4dd,24,-0.001,-0.0026319748515576504,0.0011820204283676879,396.1286,12
return,D5cbd4ca1bb62fa98,14,-0.01,-0.009883481742133235,0.0008660129727850307,598.2767,12
return,D529f359cb913b814,40,-0.0002,0.0005808101713159406,0.0014023135602931637,396.1286,12
return,D43b4e6093c575eff,26,0.01,0.01081086144504625,0.0009046748780548279,396.1286,12
return,D654a07e520845d01,0,0.001,0.002463959135752699,0.001143391612466185,396.1286,12
return,D798b53d18c30a50f,14,-0.001,-0.000628864334101665,0.0006773973499482292,598.2767,12
return,D051840d053828455,24,-0.0002,-0.0018240449929379642,0.0011688251757625407,396.1286,12
return,D4868418333e70e7c,40,-0.001,-0.00019315321193806467,0.0014123300903336488,396.1286,12
return,D10a8a4653314db75,16,0.0002,-0.0003216953130406903,0.000530188018806049,598.2767,12
return,D7ac8cf4b9878900b,34,-0.0002,0.0002476013152757293,0.000571417901375373,598.2767,12
return,D4a63ed876357248c,14,-0.0002,0.00021594251195489365,0.0005000431648017998,800.4247999999999,12
return,D7482ae18f7f191a8,36,-0.01,-0.006708943587738686,0.0008954021937132425,396.1286,12
return,D01d4018801d9df48,14,-0.002,-0.0016944867136171311,0.0007211448799422899,598.2767,12
return,D7a6f753f2d80b48e,16,-0.0001,-0.0006352114090540013,0.000520399165436266,598.2767,12
return,D483b3fadf2ad4f2d,6,-0.0002,-0.0017264106261775725,0.00045362560794693914,2601.3806,11
return,D401c7d75a654d9a7,18,-0.0002,-0.0008987646561572873,0.00014777305078988773,2001.0620000000001,12
return,D0790bdc78c4edc55,4,0.001,-0.00043338898196250577,0.0004130123911970948,2601.3806,12
return,D17baad13eb1570ba,34,-0.001,-0.0005684434608595371,0.000560009166036773,598.2767,12
return,D6583da5c33f963ab,20,0.0002,-6.226193607521699e-05,0.0008379821990801075,2601.3806,12
return,D78d826b3e6772a20,12,0.005,0.0019432037367039241,0.001338744794010971,396.1286,12
return,D7ca08d762113d058,22,-0.001,-0.000980606182246617,0.0008526379725530948,2399.2325,12
return,D3a7443322617eb9a,24,-0.005,-0.0067490710032796185,0.001237121511724745,396.1286,12
return,D0ce692647e4f164c,26,0.0002,0.0011181780110322862,0.0006280700956832566,2399.2325,12
return,D1bd298e8a25cf8b6,42,-0.01,-0.0095421195729964,0.0006526137861563586,396.1286,12
return,D6f439edb01e862b5,44,-0.001,-0.0013304837425532428,0.0003796929287066328,598.2767,12
return,D60b358bd9d2ceaf1,2,0.0001,0.0019988485688043275,0.00032927160552877416,396.1286,12
return,D5a17fe53aa3d90e0,38,-0.001,-0.0003840868628578196,0.0012944576815406977,396.1286,12
return,D15f192c3bf98cd07,32,0.0005,-0.00043498962827113075,0.001325499937830415,396.1286,12
return,D17586f6c2af60a81,42,-0.001,-0.00047440282817163616,0.00039675324674697606,396.1286,12
return,D2fb73fec9761adbe,34,-0.0005,-5.7382050728753135e-05,0.0005674018054535304,598.2767,12
return,D41c0aa1c443bd19d,44,0.0,-0.0002812064327196901,0.0003738887799027757,2399.2325,12
return,D54fced9e6ecd2622,42,0.0005,0.0009508002818560902,0.00039678374323812453,396.1286,12
return,D13de6393ae02c77d,4,-0.005,-0.006644860006099186,0.00025023936467510454,2601.3806,12
return,D08b9df4597e2e535,6,0.0005,-0.001006837513543854,0.00043825754997902267,2601.3806,11
return,D610617ebace6a3bc,4,-0.001,-0.0025681654181389747,0.0003293772256494558,2601.3806,12
return,D11e9ada64de3efdb,22,0.01,0.010272165431767524,0.0007532070169269118,2399.2325,12
return,D4b7d8b3df9a6f7b8,38,-0.002,-0.0013867195748354677,0.0012916471409405998,396.1286,12
return,D63dbf3117419cbb7,2,0.0002,0.0021008320313557834,0.0003319783481024645,396.1286,12
return,D03fafa902f293f99,28,0.001,0.003211320266972642,0.0003086538733747257,996.4472,12
return,D020a239a7bf9875c,42,0.005,0.005311015147376119,0.0003242956042582871,396.1286,12
return,D6edac3a7a592f393,8,0.0002,-0.0011190815701138913,0.0007235028198504687,598.2767,12
return,D55378b1e96888e3e,14,0.005,0.0055533436441596975,0.000519597979141498,598.2767,12
return,D3f54b278c7e352f0,10,0.005,0.007632498800508657,0.002226994920766433,396.1286,12
return,D6e1921f4e436a94c,32,0.0001,-0.0008323446910360311,0.0013228113225993022,396.1286,12
return,D3be38e43f04dfa93,36,-0.001,0.0021596550603300724,0.0009386034371135997,396.1286,12
return,D690c41ce3bccaf60,40,0.0001,0.0008584230855888382,0.0013993382829625262,396.1286,12
return,D375209b02619d519,24,-0.002,-0.003659618289119178,0.001181604559305001,396.1286,12
return,D23bf78dba2533fb4,32,0.01,0.00910177380235423,0.0017550885538055814,396.1286,12
return,D16e1d3a0358c3a85,4,0.0002,-0.0012864190252990526,0.0003850734539071535,2601.3806,12
return,D1676214711ac2ca6,30,-0.01,-0.010919225547975038,0.0005974290955899353,396.1286,11
return,D383701063bc1533e,26,-0.002,-0.0011138896232257554,0.0005156362419234878,2399.2325,12
return,D5aae85de36e0a3ab,24,0.005,0.003386122673934126,0.0010182133403093957,396.1286,12
return,D145fb2e6a9fe9dee,0,0.0005,0.001959189608958933,0.0011503624902480464,396.1286,12
return,D58a36cf4f6a62c50,26,0.0005,0.0014066282519692253,0.0006182145404535421,2399.2325,12
return,D256c3e4cee68d8bb,0,-0.0002,0.0012512289295242727,0.0011657878330629378,396.1286,12
return,D502230da9220c6e0,2,-0.0002,0.0016922495237411054,0.00031967136667174125,396.1286,12
return,D7aed1cbc6503b7f8,8,0.001,-0.00029310047870224513,0.0007206314443729575,396.1286,12
return,D2b01774c7bd6c984,24,0.0,-0.00162177444224067,0.0011654734394814777,396.1286,12
return,D41f916303de434cc,16,0.005,0.004632208953633009,0.0005453685119069197,598.2767,12
return,D7b689d5fef4b412d,2,0.005,0.007114948192054001,0.0004173682457795404,396.1286,12
return,D46170dd7af4269ad,10,0.0005,0.002984128273413505,0.0021116344151038947,396.1286,12
return,D24914d76cc31f2c9,10,-0.001,0.0015250576200021076,0.0020798583064135013,396.1286,12
return,D2854475ff255fbb0,8,0.0,-0.0013233150723137475,0.0007313335756865457,598.2767,12
return,D35656f29d2637764,26,0.001,0.0018844935009232628,0.0006248506966756459,396.1286,12
return,D5ff3faebae1cdbf3,44,0.002,0.0018056702457810124,0.0003791556593625608,2399.2325,12
return,D6bb8d326e6b30258,22,0.0001,0.00013131540523103705,0.0008207755093115694,2399.2325,12
return,D26dfc0f809e024f8,4,0.002,0.0005854127775612804,0.00038790193570740133,2601.3806,12
return,D21b44931a69df14b,38,-0.0002,0.00042229543285590026,0.0012894081009808636,396.1286,12
return,D6d9dc148ca2e71ee,30,0.002,0.0014140277049575184,0.00028819568924902503,2601.3806,11
return,D38ebf2ff50271f68,4,-0.0002,-0.001714389626810057,0.0003689237444933649,2601.3806,12
return,D05dcce74f67d8642,16,-0.001,-0.0015711717872931915,0.0005040876336899283,598.2767,12
return,D1018767027c7243e,8,-0.002,-0.0033549205650642753,0.000809494263213994,598.2767,12
return,D4c3f574056c8a641,6,0.001,-0.0004927090734077004,0.00041991221193668276,2601.3806,11
return,D37feac0c54c5d8e8,0,-0.0001,0.0013504349128151644,0.001165248917596019,396.1286,12
return,D2c0508370f619ee5,40,0.0,0.0007672739915557774,0.0014007215253239507,396.1286,12
return,D478be9abded9cf96,22,0.001,0.0010555224668536932,0.0007870578750298542,2399.2325,12
return,D055baa0f30dfac0d,40,0.0002,0.0009542906709678376,0.0013932726737618992,396.1286,12
return,D020e0ddf542a1eb8,20,-0.01,-0.010148590483590271,0.0006550813861783515,2601.3806,12
return,D5eff5fcfed093889,10,0.01,0.01280005994284093,0.002148615677812514,396.1286,12
return,D0401bb1ae68a4ef5,40,0.001,0.0017448346445565386,0.0012330700270402097,396.1286,12
return,D17fe6ecd615d34aa,18,0.001,0.0003155036668215178,0.00014855797742971148,2399.2325,12
return,D54175d6b99859a49,8,-0.0005,-0.0018405524948705895,0.0007526928765997035,598.2767,12
return,D5046838d42a08770,40,0.01,0.010590413065081985,0.0010528130130642403,396.1286,12
return,D005f3f5d9abdb890,28,-0.0001,0.0020014304756449876,0.0002945208933081095,996.4472,12
return,D4b36bf6b34686f71,40,-0.002,-0.0012225900694751584,0.0013884039577388982,396.1286,12
return,D5326dcebe98841b2,4,0.005,0.003667011187007798,0.0003859978469963909,2601.3806,12
return,D1e7c3fc488243370,32,0.005,0.004032345797137084,0.0015391009603308295,396.1286,12
return,D56b1ba721ab7dc04,4,-0.002,-0.0036155526352483194,0.0002699892816197952,2601.3806,12
return,D47444b545ed2a3e3,24,0.0002,-0.0014217158790029928,0.0011621441452257372,396.1286,12
return,D03cbdb87033e6179,18,0.0,-0.0006958899709652472,0.00014644681871854364,2399.2325,12
return,D034a1904044e8d24,8,0.0005,-0.0008119036895027382,0.00071570676602702,396.1286,12
return,D3e6331f60bfe1a0b,6,0.0,-0.0015204685868956064,0.00045029889795646484,2601.3806,11
return,D61e8e10efbe1e91e,0,0.002,0.0034828220841880524,0.001120611384124606,396.1286,12
return,D43fa95bc6ccb6cbb,12,-0.0002,-0.0034498137024425676,0.0014102521780600123,396.1286,12
return,D5aee1abb3185ebaa,38,-0.01,-0.009344852945498097,0.0010831481682569005,396.1286,12
return,D789427fba085b53a,6,0.005,0.0036716731234789995,0.00041054379492420695,2197.0843999999997,11
return,D61a59910bdffcbf2,6,0.0001,-0.001417898940744389,0.0004486403362631466,2601.3806,11
return,D2447ec5f2b80189b,12,0.002,-0.0012335423779684985,0.0013469157933718127,396.1286,12
return,D1a753f367ceaceb1,10,0.001,0.0034984565337088367,0.0021194897089545583,396.1286,12
return,D3fa7477f80174f5d,6,-0.001,-0.0025456818606613353,0.0004702386479589252,2601.3806,11
return,D1492815267adbf72,40,-0.005,-0.00421787662654113,0.001357870317349616,396.1286,12
return,D3b0e0bbb1af24134,16,-0.0005,-0.001051004763989881,0.0005084331361713485,598.2767,12
return,D0c6a49ca6e32c217,26,0.005,0.0057488930366620585,0.0007187526727840165,396.1286,12
return,D6840b74d6b51dc90,22,0.002,0.0020939360544395694,0.0007486739841945454,2399.2325,12
return,D5ce707b587870e7d,24,0.01,0.00848703574407003,0.0009709403295641555,396.1286,12
return,D0017bf6afa3c4997,28,0.005,0.007301416878780624,0.0003393016902399036,996.4472,12
return,D2d52d63000316d6e,16,-0.01,-0.010893380646108246,0.00034162782686488445,2601.3806,12
return,D23f84790dd3d3efc,40,0.002,0.002725544001615156,0.0011352867541993407,396.1286,12
return,D30650849aa3358dd,10,0.0,0.002483557584673169,0.0020974731769268897,396.1286,12
return,D2db48a20cc0c2d7c,36,0.002,0.005104126448708102,0.0009397241299425778,396.1286,12
return,D199296cb66dfe760,42,-0.0002,0.00030016830085988346,0.000402039782355774,396.1286,12
return,D53aa51c2bf1273ee,0,-0.002,-0.0005332879539187569,0.0011641488241770307,396.1286,12
return,D6861e53d1153e2da,12,-0.005,-0.008314176829170761,0.001644584018209272,396.1286,12
return,D1cf1bcbaf49e5e02,44,0.01,0.009910646263322128,0.0003281284733608527,2601.3806,12
return,D4f04b3bf641edfc1,8,-0.001,-0.002360858879252955,0.0007788508593540428,598.2767,12
return,D1f2cfb58df1ffc1a,32,-0.0002,-0.0011312783177898345,0.0013179233978927933,396.1286,12
return,D3ec72769509cdd4c,20,0.002,0.0018057349772287886,0.0008688887778423643,2601.3806,12
return,D7f467b6bea8aa2e2,16,-0.0002,-0.0007396687971622415,0.0005172676491638524,598.2767,12
return,D2c8301bad5a84bad,10,0.002,0.004515517449196153,0.002156557588136632,396.1286,12
return,D2d2fbeb3428d32f3,36,-0.0002,0.002946471828282066,0.0009162604374173804,396.1286,12
return,D58fc4bc11de85220,14,0.0001,0.0005299469345881764,0.0005088287507087442,598.2767,12
return,D03e67af745202df5,34,0.0,0.00045346993650016416,0.0005736761811088332,598.2767,12
return,D3af48543943cc67a,6,-0.002,-0.0035619076235580997,0.0004883824063049349,2601.3806,11
return,D28ca6034dde14a23,8,0.0001,-0.0012218239515017668,0.0007271906604184273,598.2767,12
return,D178dd95d2e7ebab2,36,-0.005,-0.0018050522491511742,0.0008095953829901931,396.1286,12
return,D21327814f103df33,22,0.005,0.0052064399063685065,0.0006449630560851878,2399.2325,12
return,D38644d598b55a803,20,0.0001,-0.00016747010794353933,0.0008352804972553839,2601.3806,12
return,D69649aef0a9983c5,14,0.01,0.010759499666336977,0.0004726041659453978,800.4247999999999,12
return,D3cc7894fa11243c4,38,0.002,0.0026278710678091254,0.0013232810965799688,396.1286,12
return,D596d411949d8c88d,26,-0.005,-0.004143882573897415,0.0004530718918752141,2399.2325,12
return,D2148921c951694c8,34,-0.005,-0.0047107342813981976,0.0004878999020585086,598.2767,12
return,D1d117c968a7fcc0d,38,0.0001,0.0007243689614189864,0.0012865797907667988,396.1286,12
return,D33ae4fccd5f30e39,12,0.001,-0.002239519174404856,0.0013673217134743025,396.1286,12
return,D5deba34fbc0d0e63,20,0.01,0.01001670547428613,0.0007014726655975977,2601.3806,12
return,D0f4aaabfbc7394ab,4,0.01,0.008864680030231704,0.0005479660106499744,2601.3806,12
return,D33cd37adc22fbfd9,22,-0.002,-0.0019955858813879724,0.0008758552121700134,2399.2325,12
return,D3f934227d44082ca,42,-0.0005,1.4659364305034058e-05,0.00040604488026589223,396.1286,12
return,D26c11c4c7ed98094,26,-0.0002,0.000717602846336968,0.0006129745394294577,2399.2325,12
return,D0d7e26d9ed0e2a90,42,-0.005,-0.00451112850604861,0.0005005897265361317,396.1286,12
return,D4ee07683c25d9a46,42,0.001,0.0014372409828874134,0.0004244871959374493,396.1286,12
return,D1fa0ecf2adcd4f3f,10,-0.002,0.0005300877985920642,0.002061666213043491,396.1286,12
return,D090e7c930a0a775f,44,-0.002,-0.002374936680887235,0.0003968922776315686,598.2767,12
return,D7d2df57e4eacd196,44,0.0002,-7.222974975729351e-05,0.00037271907083244807,2399.2325,12
return,D5aee28c1cac9886c,6,-0.0001,-0.0016231151975335052,0.0004520437813507398,2601.3806,11
return,D19d4d5f34ec04e4a,30,0.0002,-0.0004140439266541556,0.00033953476192755903,396.1286,11
return,D70951d8c5dfb4b09,28,-0.005,-0.0031231952348972376,0.0002751309536567002,996.4472,12
return,D0aec6ef8553f5f4b,2,0.01,0.012178020723927577,0.0004996630056964477,396.1286,12
return,D56bffe050d59e96d,14,-0.0001,0.0003206222961767107,0.0005026213427519545,800.4247999999999,12
return,D043386259b3dadc8,38,0.001,0.0016280103106491306,0.0013006493529006792,396.1286,12
return,D7a13b367aa94f216,4,-0.01,-0.011745038185360745,0.0002540792255169549,2601.3806,12
return,D5270f8519897bec7,28,0.0002,0.0023318507406724464,0.00029771347559422266,996.4472,12
return,D6bf181f2a14c2c29,32,-0.005,-0.005959069032817401,0.0011806740800506567,396.1286,12
return,D5c2107c1a5828476,32,-0.002,-0.0029395620667014674,0.0012601140180171252,396.1286,12
return,D3557be1d616d22c9,42,0.0001,0.00058002458837692,0.00039967382515070543,396.1286,12
return,D3fb5374486786320,20,0.0,-0.00027062499696040395,0.0008319081068703291,2601.3806,12
return,D16a96417caa4f8bb,10,0.0002,0.0026800112429324046,0.0021016981840237033,396.1286,12
return,D3fc9f2f03cb14152,8,-0.0001,-0.0014258152365104837,0.0007351300200647745,598.2767,12
return,D2f10a9df2595d5a0,10,0.0001,0.002580861752116338,0.0020989588388937402,396.1286,12
return,D742cd7223cb48bfb,42,-0.0001,0.0003936397179608005,0.00040119285077904143,396.1286,12
return,D16fc36b256cb9adb,12,0.01,0.007438260162559937,0.0012893446118887146,396.1286,12
return,D48f9ae0c293c16f2,22,-0.0005,-0.0004820351996901299,0.0008380581322783788,2399.2325,12
return,D6b549810155e3b5e,30,0.005,0.004430681919792688,0.0003085017807784628,2601.3806,11
return,D0fc9d3d07c696783,6,0.0002,-0.0013154940365081517,0.0004456047022952641,2601.3806,11
return,D7f9770264b3ba1b7,16,0.0005,-3.6633689806660746e-06,0.0005390202321941931,598.2767,12
return,D3323afd88e544f01,16,0.002,0.001546745272464135,0.000528396497586284,598.2767,12
return,D65f05f6100a72fab,10,-0.0002,0.0022940136186458196,0.0020931045224239758,396.1286,12
return,D54dcc4b448ca2697,44,-0.01,-0.010505826509943366,0.0005984569288921739,598.2767,12
return,D296bd44347440111,14,0.0005,0.0009448326463754556,0.000574873446647623,598.2767,12
return,D53c0a921c0f54196,20,-0.0002,-0.0004618505505904582,0.000816540940657439,2601.3806,12
return,D411075a6736b6787,38,0.005,0.0056462656396793496,0.0014505629446023172,396.1286,12
return,D22b9f5ddb904bbf1,12,-0.002,-0.005258426224890283,0.001489528182656485,396.1286,12
return,D03fc121cb995e02e,16,0.0,-0.0005305820068120682,0.0005236803095669111,598.2767,12
return,D51743176ab94e0ee,8,-0.0002,-0.0015290837428859805,0.0007390047066838539,598.2767,12
return,D1195fefc04698799,44,0.005,0.0048761160177746175,0.0003685581698773602,2399.2325,12
return,D4738aa822cca6be4,6,-0.0005,-0.0020359691973735237,0.00046025549557671217,2601.3806,11
return,D16d4dbecac033d6e,36,0.0001,0.0032432885668558357,0.0009224070491707106,396.1286,12
return,D20dbfdda93833749,26,-0.001,-0.0001016109138213505,0.0005888366777504376,2399.2325,12
return,D524a91f9a114d59c,4,0.0001,-0.0013948329746731457,0.0003789254196851692,2601.3806,12
return,D568d409d8d98d21b,40,0.0005,0.0012504357311873384,0.0013676775095649734,396.1286,12
return,D0e006f1e9da3817d,32,-0.01,-0.011006424516101638,0.0010201591975897324,396.1286,12
return,D48d88dc36e4ea124,24,0.002,0.0003744154410068952,0.0011221589487624885,396.1286,12
return,D09a0e16c10cf3e95,34,-0.002,-0.001602717983201272,0.000537132693419821,598.2767,12
return,D089bdfb6b259f42b,4,-0.0001,-0.0016067623847747035,0.00037289848403539833,2601.3806,12
return,D640a378c8e4cf353,0,0.0,0.0014510332731828828,0.0011631458674775414,396.1286,12
return,D41f37674632c5306,30,0.0005,-0.00010695883739981006,0.0003235658105978892,396.1286,11
return,D444d3a2c15475647,18,-0.01,-0.011101113498020287,0.0004227222975430999,598.2767,12
return,D1bcb4eae319c8c8c,18,0.002,0.001272492413928857,0.00011551002738624722,2399.2325,12
return,D56364e9386fdc1ed,36,-0.0005,0.002651098038316339,0.0009221687856989019,396.1286,12
return,D11dbe7ef12976181,26,-0.0005,0.00040820602257294947,0.0006005298554424771,2399.2325,12
return,D7ea225d2dfe9f607,38,-0.0005,0.00011866412329376475,0.001290452833113174,396.1286,12
return,D3b977501e967a140,28,-0.0005,0.001563057120743438,0.00029449455221341927,996.4472,12
return,D793d357399731de4,32,0.0002,-0.0007334574845520166,0.0013246483682736094,396.1286,12
return,D73ca5ec49f97bb58,28,0.0,0.0021112830417294145,0.00029514836705683465,996.4472,12
return,D74861f6456efe26f,20,0.0005,0.0002502922016903907,0.0008322681522900851,2601.3806,12
return,D4b1aeac9111902b5,8,0.002,0.000769610934741092,0.0007548350029527111,396.1286,12
return,D45e803a2f4281ed2,38,0.0,0.0006236497081194373,0.0012880643807411693,396.1286,12
return,D42206c8d00dc7589,0,0.0001,0.00155140923808868,0.001160361457929617,396.1286,12
return,D70ef25aa058eba89,6,-0.005,-0.0066690673442401935,0.0003974116748326822,2601.3806,11
return,D40ba99ee5c4bbffc,34,0.01,0.01061966391631908,0.0007054908154740681,598.2767,12
return,D470aa46137a22e5a,0,-0.005,-0.003510522235941507,0.0011297517356109723,396.1286,12
return,D76bfd665aea448b9,2,0.0,0.0018967093674216071,0.0003264293809661868,396.1286,12
return,D23775ed18931fc7c,36,0.0002,0.003342652778000941,0.0009240486289252042,396.1286,12
return,D3b635eb7d2a953b9,36,0.005,0.00801876188625358,0.0010270295793939604,396.1286,12
return,D788d709e5931ebab,24,0.0001,-0.0015210149231040509,0.0011643632949161964,396.1286,12
return,D25eb35c6a40f9fa9,24,-0.01,-0.011822969664464618,0.001393092955562782,396.1286,12
return,D2b77e1b88f5ff3a2,20,-0.001,-0.0010866734951348607,0.0008644693087876303,2601.3806,12
return,D00b1d8ad6f920ebd,44,-0.0005,-0.0008066783543092573,0.00036909240076017197,598.2767,12
return,D2627feb69aa87c05,0,0.0002,0.0016527271173391366,0.0011574251042883903,396.1286,12
return,D7dfb868c75089756,12,-0.0005,-0.0037515492221980706,0.0014204300328373547,396.1286,12
return,D0ef672a9bb8b86ea,38,0.0002,0.0008253458310246351,0.0012862389650674768,396.1286,12
return,D057e49e3e4feff64,32,0.0,-0.0009314172469735911,0.0013218488733168152,396.1286,12
return,D57c9d81731e5fbb5,30,-0.005,-0.005761243849535551,0.0004995813326206799,396.1286,11
return,D725df05f74d92b9d,40,0.005,0.0056308696700752775,0.0010004670570049733,396.1286,12
return,D784e9fc985ddca09,20,0.005,0.004901044141601456,0.0008307801825242827,2601.3806,12
return,D559579e8a6fc1055,24,-0.0001,-0.0017234924736957515,0.0011671761091131966,396.1286,12
return,D5f0e8d1f839f74c1,44,-0.0002,-0.0004928022046730954,0.00037260977158730933,2399.2325,12
return,D70a399c2bed42085,42,0.01,0.010268058967914755,0.00020275919760465166,396.1286,12
return,D0596cb37e7796ccd,36,0.0,0.0031447455561329886,0.0009204527620989608,396.1286,12
return,D6fc8610805fa0999,0,0.01,0.011393323821413013,0.0012415383322939358,396.1286,12
return,D49a4f6057d3c810c,36,0.001,0.0041303994535472986,0.0009360295948591633,396.1286,12
return,D670918dfb3c6d345,40,-0.0001,0.0006745758057838888,0.0014016342065664063,396.1286,12
return,D6431d87f8823ea33,36,-0.002,0.001170301658048854,0.0008789120383156804,396.1286,12
return,D0d23aeb55e31d225,12,-0.001,-0.004255818245656841,0.0014414522347083944,396.1286,12
return,D76e02f8703671e75,10,-0.0001,0.0023877346521749402,0.002094701435593873,396.1286,12
return,D7b78b8087721dde8,32,-0.0001,-0.0010304789220796397,0.0013232751559029176,396.1286,12
return,D3ba67db3df2f2797,8,-0.005,-0.006280736807975247,0.0008742574795654982,396.1286,12
return,D27557f1939534784,6,-0.01,-0.011856438114617668,0.000338713220994517,2601.3806,11
return,D79d253dc9695d1dd,28,0.0005,0.0026646091588807155,0.00030334163838837986,996.4472,12
return,D0a6b6d32467033b2,16,0.001,0.0005412771537380923,0.0005551342775302003,598.2767,12
return,D6a740b7c63322e08,2,-0.001,0.0008754304349522106,0.0003341402583960871,2601.3806,12
return,D3acc43d8169c00d0,18,0.0001,-0.0005943361041348024,0.00014590052087295623,2399.2325,12
return,D62d8194a90e40738,30,-0.0001,-0.0007199241186041556,0.000355819285752041,396.1286,11
return,D10b8a9b07cc71382,30,-0.0002,-0.0008222710103845941,0.00036116300822767186,396.1286,11
return,D408ee03d5a6248c7,38,0.01,0.010781258651631273,0.0014727564011242852,396.1286,12
return,D4f7510e5ef0ee160,18,0.01,0.009171979019171151,0.0001654700661881999,598.2767,12
return,D51e6a1085c4a6ade,34,0.0005,0.0009605886946850865,0.000577989599048293,598.2767,12
return,D41e98b30969e8185,14,-0.005,-0.004854455644634368,0.0008257669529386997,598.2767,12
return,D50b17bf64c3a8e75,10,-0.01,-0.007420523675003514,0.0020787137594629815,396.1286,12
return,D77dff122ccf88e22,26,0.002,0.0028402531999930443,0.0006423842417500316,396.1286,12
return,D7dd4c5227ab3e02f,42,0.0,0.0004871332812070135,0.00040032051813373634,396.1286,12
return,D2e85940be8344056,26,0.0,0.0009217305256748099,0.0006265843269930501,2399.2325,12
return,D570e2ed75255bd9a,18,-0.005,-0.005818598614242161,0.0003172895620200348,598.2767,12
return,D08781fd3c7b64ff7,20,-0.0005,-0.0007443469739016815,0.0007857951370060757,2601.3806,12
return,D7bf8afdcb72f4509,44,0.001,0.0007650849189946588,0.0003734301625497215,2399.2325,12
return,D4a2d55c957a56008,20,-0.0001,-0.0003669004882795747,0.0008253457616853889,2601.3806,12
return,D3344b201098a5c78,34,0.005,0.005487337103536034,0.0006044795839573692,598.2767,12
return,D486f1c087ae2fb3b,18,-0.0005,-0.0012062937018250384,0.000150001199219841,2001.0620000000001,12
return,D023ff077161a7648,22,-0.01,-0.009987511062279573,0.0008304200920012487,598.2767,12
return,D02b890d77685c7ea,4,-0.0005,-0.0020367373721113502,0.00035546784497467784,2601.3806,12
return,D3d970516fd69b4f3,22,0.0002,0.00023241338456397553,0.0008165246689373944,2399.2325,12
return,D39f7b5c9fea06c09,2,-0.0005,0.0013849558725719125,0.0003096168602264918,396.1286,12
return,D391a59d27708758b,38,-0.005,-0.004348045443174754,0.0008830136172999813,396.1286,12
return,D05327a55c54ff73d,14,0.0002,0.0006340488859682004,0.0005246152402902666,598.2767,12
return,D531fdd8fcbfe3a5d,12,0.0001,-0.0031498433054785013,0.0013994811266383649,396.1286,12
return,D1d48ac8c578b58c4,30,0.0001,-0.0005159678006620075,0.00034497127928423627,396.1286,11
return,D71f9235d0cff3e2f,44,0.0005,0.00024261705003624206,0.0003735117464307153,2399.2325,12
return,D103bf0f344ac3bdc,30,0.0,-0.0006176837932251294,0.0003504801641778648,396.1286,11
return,D39ee93ddd8dc8e2b,44,-0.0001,-0.000387071285860577,0.0003743636802718254,2399.2325,12
return,D045c0337d927ad98,28,0.01,0.012225891703867809,0.00029989691051476516,598.2767,12
return,D5d27e41a6a7ded77,26,-0.0001,0.0008194527602621188,0.0006195859670109297,2399.2325,12
return,D32845ade7b933f15,18,0.005,0.004253833748170479,6.552685725278503e-05,2399.2325,12
return,D7784bfa17c4fb929,30,-0.001,-0.001641580280942493,0.00040559189788686757,396.1286,11
return,D10a1eab87a813595,34,0.001,0.001469539718138814,0.0005847153977887084,598.2767,12
return,D0b92c4f6ff80bb81,22,0.0005,0.0005393999726652248,0.0008073995705765334,2399.2325,12
return,D45c26012884faf0f,34,0.002,0.002478113195421365,0.0005951757576258181,598.2767,12
return,D034e071b5472fe49,14,-0.0005,-0.00010202634560917588,0.0005935617711727208,598.2767,12
return,D04e3b41517942bd7,22,0.0,3.028446496184275e-05,0.0008243142992179161,2399.2325,12
return,D78e1df892b7168ef,34,-0.01,-0.009746435101434577,0.0004119764358331175,598.2767,12
return,D519439ffb3995220,16,0.01,0.00986123647304593,0.0006634643923339387,598.2767,12
return,D3a78efd8437c7ebf,28,0.0001,0.0022208114259750318,0.0002958870133911954,996.4472,12
return,D156e356e9597c378,12,0.0,-0.0032498990131515073,0.0014026641575931986,396.1286,12
return,D4fb6f6adbee39fea,20,-0.005,-0.0050639376310574686,0.0007297092500381259,2601.3806,12
return,D2f15187476eba034,4,0.0005,-0.0009664818244990012,0.00039694259051692514,2601.3806,12
return,D65a0ba6306c9f882,18,-0.001,-0.001719214274616763,0.00016027319983863962,598.2767,12
return,D6965e5b95bf2ae54,2,-0.005,-0.0032016955236375978,0.0003024951045081151,2601.3806,12
return,D75c6d2ff8205a3c9,28,-0.002,-6.847906550922969e-05,0.0002995473639869709,996.4472,12
return,D660ad11ceab79dbd,6,0.01,0.008912693640340362,0.00043780481521839276,2601.3806,12
return,D2c3e30f3c516dc01,0,0.005,0.006480248384233944,0.0011476773403491965,396.1286,12
return,D45fe6a7bea0ae3cb,14,0.002,0.0024693754528601498,0.0005850917334346466,598.2767,12
return,D15659c6c015ec38e,12,0.0002,-0.003048623708591017,0.0013968040464900017,396.1286,12
return,D737e4e2e66be5442,44,-0.005,-0.005439412973371121,0.00047300774684152103,598.2767,12
return,D6480760ed7af334a,32,-0.0005,-0.0014317327340842647,0.0012996448037724184,396.1286,12
return,D6ab910aea40e3dee,26,0.0001,0.0010210611200375456,0.0006319617694713804,2399.2325,12
return,D28e8cd59f2a7a966,24,-0.0005,-0.0021248518885457006,0.0011748545196104592,396.1286,12
return,D6df90364d494c04a,26,-0.01,-0.009112743106065708,0.0004416429680937674,2399.2325,12
return,D2d93842fdeb59965,40,-0.01,-0.00922411321833289,0.0014161729634536591,396.1286,12
return,D583ad196c284af2e,28,0.002,0.004260231359726696,0.00031956609467605635,996.4472,12
return,D5ee97226489dcff5,0,-0.001,0.0004585838292950981,0.0011609317002773515,396.1286,12
return,D54f243b48b1d8888,28,-0.0002,0.0018914376900828708,0.00029408141678269697,996.4472,12
return,D398e45d7d8f7fbc9,36,-0.0001,0.003045851945761106,0.0009182134815201555,396.1286,12
return,D58913f0170fa25ac,36,0.01,0.013106574142453609,0.001203723513749989,396.1286,12
return,D3298611d9d221c15,16,-0.005,-0.0057165231326625045,0.000435624735543959,598.2767,12
return,D4a801010cfd0a1e9,44,0.0001,-0.00017651485900914532,0.0003734873935523279,2399.2325,12
return,D1eb048db1dbfb9c2,34,-0.0001,0.0003508031332848476,0.0005725954705895233,598.2767,12
return,D68faaa7f02cc6e0d,42,0.0002,0.0006726361778913054,0.00039838587807310084,396.1286,12
return,D3c92fafb355370ad,8,0.005,0.003955740197210803,0.0007793876246221798,396.1286,12
return,D769e755dd5ed50e0,12,-0.0001,-0.003349688601638244,0.0014060882340126255,396.1286,12
return,D3c70aaf520cca0ca,12,-0.01,-0.013635271590282971,0.0016009019906564389,396.1286,12
return,D0cbc2fbda245c9c1,32,0.002,0.0010436510726424398,0.0013663371166661637,396.1286,12
