epoch,injected_dvv,eps_outbound,eps_return,eps_equal,eps_invvar,eps_joint,w_invvar_out,w_joint_out,sigma_out,sigma_ret,rho_loo
0,-0.01,-0.009942935542,-0.008535678095,-0.0092393068185,-0.009504309259998707,-0.009538077534010914,0.6883112731530678,0.7123070772500341,0.0010195699779242786,0.0015151266338578845,0.12200787178211137
0,-0.005,-0.004933648466,-0.003510522236,-0.004222085351,-0.004490076063228826,-0.0045242251214491595,0.6883112731530678,0.7123070772500341,0.0010195699779242786,0.0015151266338578845,0.12200787178211137
0,-0.002,-0.001973389416,-0.0005332879539,-0.00125333868495,-0.0015245260247476453,-0.0015590824173119518,0.6883112731530678,0.7123070772500341,0.0010195699779242786,0.0015151266338578845,0.12200787178211137
0,-0.001,-0.001000223246,0.0004585838293,-0.00027081970835,-0.0005455295259844463,-0.0005805347747786133,0.6883112731530678,0.7123070772500341,0.0010195699779242786,0.0015151266338578845,0.12200787178211137
0,-0.0005,-0.0005145477439,0.0009533636249,0.00021940794049999995,-5.7016318234590546e-05,-9.224003187202482e-05,0.6883112731530678,0.7123070772500341,0.0010195699779242786,0.0015151266338578845,0.12200787178211137
0,-0.0002,-0.0002244426822,0.00125122893,0.0005133931239,0.0002355075238507779,0.00020009759693297236,0.6883112731530678,0.7123070772500341,0.0010195699779242786,0.0015151266338578845,0.12200787178211137
0,-0.0001,-0.0001272843758,0.001350434913,0.0006115752686,0.0003333040679632261,0.0002978450053988731,0.6883112731530678,0.7123070772500341,0.0010195699779242786,0.0015151266338578845,0.12200787178211137
0,0.0,-3.037337382e-05,0.001451033273,0.00071032994959,0.00043136437786990876,0.00039581683418487244,0.6883112731530678,0.7123070772500341,0.0010195699779242786,0.0015151266338578845,0.12200787178211137
0,0.0001,6.690121737e-05,0.001551409238,0.000809155227685,0.000529605632314224,0.0004939836686708116,0.6883112731530678,0.7123070772500341,0.0010195699779242786,0.0015151266338578845,0.12200787178211137
0,0.0002,0.0001642671797,0.001652727117,0.00090849714835,0.0006282033625197016,0.0005924865694580682,0.6883112731530678,0.7123070772500341,0.0010195699779242786,0.0015151266338578845,0.12200787178211137
0,0.0005,0.0004561249155,0.001959189609,0.00120765726225,0.0009246132361855894,0.0008885459902552967,0.6883112731530678,0.7123070772500341,0.0010195699779242786,0.0015151266338578845,0.12200787178211137
0,0.001,0.0009430227854,0.002463959136,0.0017034909606999998,0.0014170815001337334,0.001380585409420781,0.6883112731530678,0.7123070772500341,0.0010195699779242786,0.0015151266338578845,0.12200787178211137
0,0.002,0.001931870591,0.003482822084,0.0027073463375,0.0024152846872545187,0.0023780683590645937,0.6883112731530678,0.7123070772500341,0.0010195699779242786,0.0015151266338578845,0.12200787178211137
0,0.005,0.004908850307,0.006480248384,0.0056945493455,0.005398637372989848,0.005360930412575807,0.6883112731530678,0.7123070772500341,0.0010195699779242786,0.0015151266338578845,0.12200787178211137
0,0.01,0.009813317529,0.01139332382,0.0106033206745,0.010305787678251934,0.010267874156821124,0.6883112731530678,0.7123070772500341,0.0010195699779242786,0.0015151266338578845,0.12200787178211137
2,-0.01,-0.01054739071,-0.008247661143,-0.0093975259265,-0.009820195052105386,-0.009890178884193903,0.6837907950875974,0.7142221262722511,0.0010145110802239452,0.0014918706349651048,0.15274877993227587
2,-0.005,-0.005532139373,-0.003201695524,-0.0043669174485,-0.004795231576414711,-0.004866150084990869,0.6837907950875974,0.7142221262722511,0.0010145110802239452,0.0014918706349651048,0.15274877993227587
2,-0.002,-0.002522539278,-0.0001497765924,-0.0013361579352,-0.001772249875740607,-0.001844456202848689,0.6837907950875974,0.7142221262722511,0.0010145110802239452,0.0014918706349651048,0.15274877993227587
2,-0.001,-0.001520130935,0.000875430435,-0.00032235025,-0.0007626323788734342,-0.0008355325002970667,0.6837907950875974,0.7142221262722511,0.0010145110802239452,0.0014918706349651048,0.15274877993227587
2,-0.0005,-0.001016497449,0.001384955873,0.00018422921199999997,-0.00025713580341613226,-0.00033021522478240094,0.6837907950875974,0.7142221262722511,0.0010145110802239452,0.0014918706349651048,0.15274877993227587
2,-0.0002,-0.0007151716559,0.001692249524,0.00048853893405,4.607708128545704e-05,-2.7183949941029552e-05,0.6837907950875974,0.7142221262722511,0.0010145110802239452,0.0014918706349651048,0.15274877993227587
2,-0.0001,-0.0006146096884,0.001794562565,0.0005899764383000001,0.00014719275434463524,7.387843562054158e-05,0.6837907950875974,0.7142221262722511,0.0010145110802239452,0.0014918706349651048,0.15274877993227587
2,0.0,-0.000514423419,0.001896709367,0.000691142974,0.00024799896219928605,0.00017462498185834345,0.6837907950875974,0.7142221262722511,0.0010145110802239452,0.0014918706349651048,0.15274877993227587
2,0.0001,-0.0004145330557,0.001998848569,0.00079215775665,0.0003486004289965893,0.00027515801350038615,0.6837907950875974,0.7142221262722511,0.0010145110802239452,0.0014918706349651048,0.15274877993227587
2,0.0002,-0.0003149463387,0.002100832031,0.00089294284615,0.000448945018827417,0.0003754296671903538,0.6837907950875974,0.7142221262722511,0.0010145110802239452,0.0014918706349651048,0.15274877993227587
2,0.0005,-1.530530301e-05,0.002408338085,0.001196516390995,0.0007510730457038436,0.0006773183510898154,0.6837907950875974,0.7142221262722511,0.0010145110802239452,0.0014918706349651048,0.15274877993227587
2,0.001,0.0004863065158,0.002932074921,0.0017091907184,0.0012596809986081669,0.0011852530102685636,0.6837907950875974,0.7142221262722511,0.0010145110802239452,0.0014918706349651048,0.15274877993227587
2,0.002,0.001491324803,0.003988181134,0.0027397529685,0.0022808537582060086,0.002204871096276848,0.6837907950875974,0.7142221262722511,0.0010145110802239452,0.0014918706349651048,0.15274877993227587
2,0.005,0.004527676805,0.007114948192,0.0058213124985,0.005345795833175879,0.005267061720733504,0.6837907950875974,0.7142221262722511,0.0010145110802239452,0.0014918706349651048,0.15274877993227587
2,0.01,0.009555999541,0.01217802072,0.0108670101305,0.01038510677327507,0.010305315178403746,0.6837907950875974,0.7142221262722511,0.0010145110802239452,0.0014918706349651048,0.15274877993227587
4,-0.01,-0.01007994875,-0.01174503819,-0.01091249347,-0.010604505742965946,-0.010565828517240276,0.6849676777927641,0.7081959950209786,0.001019433298341703,0.0015031983731951333,0.12008887751392491
4,-0.005,-0.005108425015,-0.006644860006,-0.0058766425104999995,-0.005592451698135183,-0.005556762898763707,0.6849676777927641,0.7081959950209786,0.001019433298341703,0.0015031983731951333,0.12008887751392491
4,-0.002,-0.002143031092,-0.003615552635,-0.0028792918634999998,-0.002606922973191472,-0.002572718775665288,0.6849676777927641,0.7081959950209786,0.001019433298341703,0.0015031983731951333,0.12008887751392491
4,-0.001,-0.001142462427,-0.002568165418,-0.0018553139225,-0.0015916049510325317,-0.0015584882696843697,0.6849676777927641,0.7081959950209786,0.001019433298341703,0.0015031983731951333,0.12008887751392491
4,-0.0005,-0.0006445544249,-0.002036737372,-0.00134064589845,-0.0010831370516622264,-0.0010507989845272771,0.6849676777927641,0.7081959950209786,0.001019433298341703,0.0015031983731951333,0.12008887751392491
4,-0.0002,-0.0003417436576,-0.001714389627,-0.0010280666423,-0.0007741715049084845,-0.0007422872488892312,0.6849676777927641,0.7081959950209786,0.001019433298341703,0.0015031983731951333,0.12008887751392491
4,-0.0001,-0.0002402385456,-0.001606762385,-0.0009235004653,-0.0006707377240777299,-0.0006389956748362291,0.6849676777927641,0.7081959950209786,0.001019433298341703,0.0015031983731951333,0.12008887751392491
4,0.0,-0.0001389581343,-0.001500172688,-0.00081956541115,-0.0005677847161743971,-0.0005361659927053911,0.6849676777927641,0.7081959950209786,0.001019433298341703,0.0015031983731951333,0.12008887751392491
4,0.0001,-3.714424025e-05,-0.001394832975,-0.000715988607625,-0.0004648600751928964,-0.0004333232505649502,0.6849676777927641,0.7081959950209786,0.001019433298341703,0.0015031983731951333,0.12008887751392491
4,0.0002,6.413558082e-05,-0.001286419025,-0.0006111417220899999,-0.00036133277291915263,-0.0003299616621011395,0.6849676777927641,0.7081959950209786,0.001019433298341703,0.0015031983731951333,0.12008887751392491
4,0.0005,0.0003676191407,-0.0009664818245,-0.0002994313419,-5.266578442587075e-05,-2.1676863991738004e-05,0.6849676777927641,0.7081959950209786,0.001019433298341703,0.0015031983731951333,0.12008887751392491
4,0.001,0.0008686206117,-0.000433388982,0.00021761581484999997,0.00045844550586058924,0.0004886889977372316,0.6849676777927641,0.7081959950209786,0.001019433298341703,0.0015031983731951333,0.12008887751392491
4,0.002,0.001875820624,0.0005854127776,0.0012306167008,0.0014693004435541697,0.0014992744463641263,0.6849676777927641,0.7081959950209786,0.001019433298341703,0.0015031983731951333,0.12008887751392491
4,0.005,0.004898121635,0.003667011187,0.0042825664109999995,0.004510282051672969,0.0045388786757020825,0.6849676777927641,0.7081959950209786,0.001019433298341703,0.0015031983731951333,0.12008887751392491
4,0.01,0.009898475035,0.00886468003,0.009381577532500001,0.009572796193888608,0.009596809512213693,0.6849676777927641,0.7081959950209786,0.001019433298341703,0.0015031983731951333,0.12008887751392491
6,-0.01,-0.01008809403,-0.01185643811,-0.01097226607,-0.010645846095731982,-0.010603254384900387,0.6845907580769106,0.7086764048202735,0.0010195896979855543,0.0015021169519515807,0.12419446689614182
6,-0.005,-0.00508244458,-0.006669067344,-0.005875755962,-0.005582880063211157,-0.0055446652278024755,0.6845907580769106,0.7086764048202735,0.0010195896979855543,0.0015021169519515807,0.12419446689614182
6,-0.002,-0.002070301363,-0.003561907624,-0.0028161044935000002,-0.0025407677630297438,-0.00250484146154711,0.6845907580769106,0.7086764048202735,0.0010195896979855543,0.0015021169519515807,0.12419446689614182
6,-0.001,-0.001064133019,-0.002545681861,-0.00180490744,-0.001531427216127251,-0.0014957431540858009,0.6845907580769106,0.7086764048202735,0.0010195896979855543,0.0015021169519515807,0.12419446689614182
6,-0.0005,-0.0005622936678,-0.002035969197,-0.0012991314324,-0.0010271045493055796,-0.0009916101210949303,0.6845907580769106,0.7086764048202735,0.0010195896979855543,0.0015021169519515807,0.12419446689614182
6,-0.0002,-0.0002611651469,-0.001726410626,-0.0009937878864499999,-0.0007233171126941649,-0.0006880257276922529,0.6845907580769106,0.7086764048202735,0.0010195896979855543,0.0015021169519515807,0.12419446689614182
6,-0.0001,-0.0001611055068,-0.001623115198,-0.0008921103524,-0.000622236875185602,-0.000587023426227986,0.6845907580769106,0.7086764048202735,0.0010195896979855543,0.0015021169519515807,0.12419446689614182
6,0.0,-6.120538472e-05,-0.001520468587,-0.0007908369858599999,-0.0005214704851173946,-0.0004863231871216902,0.6845907580769106,0.7086764048202735,0.0010195896979855543,0.0015021169519515807,0.12419446689614182
6,0.0001,3.871760897e-05,-0.001417898941,-0.000689590666015,-0.00042071271282866356,-0.0003856291611655503,0.6845907580769106,0.7086764048202735,0.0010195896979855543,0.0015021169519515807,0.12419446689614182
6,0.0002,0.0001388589709,-0.001315494037,-0.0005883175330500001,-0.00031985740881030386,-0.00028482837602187736,0.6845907580769106,0.7086764048202735,0.0010195896979855543,0.0015021169519515807,0.12419446689614182
6,0.0005,0.0004408075707,-0.001006837514,-0.00028301497165,-1.5793068038913536e-05,1.9074400080936263e-05,0.6845907580769106,0.7086764048202735,0.0010195896979855543,0.0015021169519515807,0.12419446689614182
6,0.001,0.0009471225937,-0.0004927090734,0.00022720676015,0.000492986379083131,0.0005276656559868088,0.6845907580769106,0.7086764048202735,0.0010195896979855543,0.0015021169519515807,0.12419446689614182
6,0.002,0.001961979106,0.0005494593713,0.0012557192386500001,0.0015164573272768698,0.0015504787786248826,0.6845907580769106,0.7086764048202735,0.0010195896979855543,0.0015021169519515807,0.12419446689614182
6,0.005,0.00499691598,0.003671673123,0.0043342945515,0.0045789221351096405,0.0046108414664125085,0.6845907580769106,0.7086764048202735,0.0010195896979855543,0.0015021169519515807,0.12419446689614182
6,0.01,0.009971392413,0.00891269364,0.0094420430265,0.009637469035583164,0.009662968480237275,0.6845907580769106,0.7086764048202735,0.0010195896979855543,0.0015021169519515807,0.12419446689614182
8,-0.01,-0.008967157084,-0.01126858326,-0.010117870171999999,-0.009661472694629605,-0.009574260634672815,0.6983107179929782,0.7362055072615917,0.0009938291783334993,0.001512015197912804,0.1747652919422994
8,-0.005,-0.003978414861,-0.006280736808,-0.005129575834499999,-0.004673000716139439,-0.00458575471112937,0.6983107179929782,0.7362055072615917,0.0009938291783334993,0.001512015197912804,0.1747652919422994
8,-0.002,-0.001053193177,-0.003354920565,-0.002204056871,-0.0017475996600616176,-0.0016603761857395614,0.6983107179929782,0.7362055072615917,0.0009938291783334993,0.001512015197912804,0.1747652919422994
8,-0.001,-4.361606603e-05,-0.002360858879,-0.0012022374725149999,-0.0007427033865108508,-0.0006548919584291433,0.6983107179929782,0.7362055072615917,0.0009938291783334993,0.001512015197912804,0.1747652919422994
8,-0.0005,0.0004602898651,-0.001840552495,-0.00069013131495,-0.00023384961452991063,-0.00014665967815362163,0.6983107179929782,0.7362055072615917,0.0009938291783334993,0.001512015197912804,0.1747652919422994
8,-0.0002,0.0007610124909,-0.001529083743,-0.00038403562604999995,7.011500236772433e-05,0.0001568977165562104,0.6983107179929782,0.7362055072615917,0.0009938291783334993,0.001512015197912804,0.1747652919422994
8,-0.0001,0.0008614356371,-0.001425815237,-0.00028218979995,0.00017139656312283795,0.00025807145300130955,0.6983107179929782,0.7362055072615917,0.0009938291783334993,0.001512015197912804,0.1747652919422994
8,0.0,0.0009618219731,-0.001323315072,-0.00018074654945,0.00027242061867613354,0.0003590154054501003,0.6983107179929782,0.7362055072615917,0.0009938291783334993,0.001512015197912804,0.1747652919422994
8,0.0001,0.001062255819,-0.001221823952,-7.978406650000001e-05,0.0003731734328402472,0.0004597281544349953,0.6983107179929782,0.7362055072615917,0.0009938291783334993,0.001512015197912804,0.1747652919422994
8,0.0002,0.001162656985,-0.00111908157,2.1787707499999992e-05,0.0004742809186143104,0.0005607469203221063,0.6983107179929782,0.7362055072615917,0.0009938291783334993,0.001512015197912804,0.1747652919422994
8,0.0005,0.001464154473,-0.0008119036895,0.00032612539175,0.0007774921201491535,0.0008637428645801988,0.6983107179929782,0.7362055072615917,0.0009938291783334993,0.001512015197912804,0.1747652919422994
8,0.001,0.001965725659,-0.0002931004787,0.0008363125901500001,0.0012842620233385928,0.0013698597638211706,0.6983107179929782,0.7362055072615917,0.0009938291783334993,0.001512015197912804,0.1747652919422994
8,0.002,0.002968891692,0.0007696109347,0.00186925131335,0.0023053922593983035,0.0023887335402387037,0.6983107179929782,0.7362055072615917,0.0009938291783334993,0.001512015197912804,0.1747652919422994
8,0.005,0.005988673261,0.003955740197,0.004972206729,0.005375359144553505,0.0054523967146109815,0.6983107179929782,0.7362055072615917,0.0009938291783334993,0.001512015197912804,0.1747652919422994
8,0.01,0.01105028046,0.009066100395,0.0100581904275,0.010451674600817504,0.010526864686251663,0.6983107179929782,0.7362055072615917,0.0009938291783334993,0.001512015197912804,0.1747652919422994
10,-0.01,-0.01112957894,-0.007420523675,-0.0092750513075,-0.009942829050105422,-0.010109761735449245,0.6800398470486043,0.7250466408052413,0.0009948207736865673,0.0014503208089664131,0.2143682272515268
10,-0.005,-0.006047960818,-0.002449347199,-0.0042486540085,-0.004896547854051784,-0.005058509915011942,0.6800398470486043,0.7250466408052413,0.0009948207736865673,0.0014503208089664131,0.2143682272515268
10,-0.002,-0.003045801069,0.0005300877986,-0.0012578566352000001,-0.0019016591199855109,-0.002062598412746238,0.6800398470486043,0.7250466408052413,0.0009948207736865673,0.0014503208089664131,0.2143682272515268
10,-0.001,-0.002050769121,0.00152505762,-0.0002628557505,-0.0009066470500219492,-0.0010675835466636035,0.6800398470486043,0.7250466408052413,0.0009948207736865673,0.0014503208089664131,0.2143682272515268
10,-0.0005,-0.001556022374,0.002011105267,0.0002275414464999999,-0.00041468366838848865,-0.0005752286464305747,0.6800398470486043,0.7250466408052413,0.0009948207736865673,0.0014503208089664131,0.2143682272515268
10,-0.0002,-0.001258397424,0.002294013619,0.0005178080975,-0.00012176744333549283,-0.00028165007448659337,0.6800398470486043,0.7250466408052413,0.0009948207736865673,0.0014503208089664131,0.2143682272515268
10,-0.0001,-0.001159322521,0.002387734652,0.0006142060654999999,-2.4405565399574728e-05,-0.00018404723602778554,0.6800398470486043,0.7250466408052413,0.0009948207736865673,0.0014503208089664131,0.2143682272515268
10,0.0,-0.00106000769,0.002483557585,0.0007117749475000001,7.379199738225461e-05,-8.569251411285088e-05,0.6800398470486043,0.7250466408052413,0.0009948207736865673,0.0014503208089664131,0.2143682272515268
10,0.0001,-0.0009604846554,0.002580861752,0.0008101885482999999,0.0001726050827655797,1.3220435386920729e-05,0.6800398470486043,0.7250466408052413,0.0009948207736865673,0.0014503208089664131,0.2143682272515268
10,0.0002,-0.0008609945444,0.002680011243,0.0009095083492999999,0.0002719862089382814,0.00011261689177371169,0.6800398470486043,0.7250466408052413,0.0009948207736865673,0.0014503208089664131,0.2143682272515268
10,0.0005,-0.0005660217821,0.002984128273,0.00120905324545,0.000569884772530202,0.0004101039011952029,0.6800398470486043,0.7250466408052413,0.0009948207736865673,0.0014503208089664131,0.2143682272515268
10,0.001,-7.324072408e-05,0.003498456534,0.00171260790496,0.0010695600769113575,0.0009088094350558053,0.6800398470486043,0.7250466408052413,0.0009948207736865673,0.0014503208089664131,0.2143682272515268
10,0.002,0.0009125253016,0.004515517449,0.0027140213753,0.0020653392201647816,0.0019031800956799674,0.6800398470486043,0.7250466408052413,0.0009948207736865673,0.0014503208089664131,0.2143682272515268
10,0.005,0.003867086209,0.007632498801,0.005749792505,0.005071868197861432,0.004902399049924644,0.6800398470486043,0.7250466408052413,0.0009948207736865673,0.0014503208089664131,0.2143682272515268
10,0.01,0.008801281202,0.01280005994,0.010800670570999999,0.01008073105862927,0.009900758848689678,0.6800398470486043,0.7250466408052413,0.0009948207736865673,0.0014503208089664131,0.2143682272515268
12,-0.01,-0.01226511078,-0.01363527159,-0.012950191185,-0.01268154570109522,-0.01271334104619834,0.6960685796470691,0.6728630224080466,0.0008935968712760855,0.0013523211950798332,-0.14593050619635903
12,-0.005,-0.00728787572,-0.008314176829,-0.0078010262745,-0.007599800873768157,-0.00762361676289753,0.6960685796470691,0.6728630224080466,0.0008935968712760855,0.0013523211950798332,-0.14593050619635903
12,-0.002,-0.004277447572,-0.005258426225,-0.0047679368985,-0.004575597807342194,-0.004598361963624645,0.6960685796470691,0.6728630224080466,0.0008935968712760855,0.0013523211950798332,-0.14593050619635903
12,-0.001,-0.003236904425,-0.004255818246,-0.0037463613355,-0.003546584349833762,-0.003570228812828608,0.6960685796470691,0.6728630224080466,0.0008935968712760855,0.0013523211950798332,-0.14593050619635903
12,-0.0005,-0.002739489409,-0.003751549222,-0.0032455193155,-0.0030470861854472115,-0.003070571597367097,0.6960685796470691,0.6728630224080466,0.0008935968712760855,0.0013523211950798332,-0.14593050619635903
12,-0.0002,-0.002447485951,-0.003449813702,-0.0029486498265,-0.0027521248480205885,-0.00277538442201868,0.6960685796470691,0.6728630224080466,0.0008935968712760855,0.0013523211950798332,-0.14593050619635903
12,-0.0001,-0.002353716789,-0.003349688602,-0.0028517026955,-0.002656423916756573,-0.002679535997671598,0.6960685796470691,0.6728630224080466,0.0008935968712760855,0.0013523211950798332,-0.14593050619635903
12,0.0,-0.002259325201,-0.003249899013,-0.002754612107,-0.0025603917066455767,-0.0025833785239394195,0.6960685796470691,0.6728630224080466,0.0008935968712760855,0.0013523211950798332,-0.14593050619635903
12,0.0001,-0.00216107124,-0.003149843305,-0.0026554572725,-0.0024615901381207506,-0.002484535144871454,0.6960685796470691,0.6728630224080466,0.0008935968712760855,0.0013523211950798332,-0.14593050619635903
12,0.0002,-0.002061917777,-0.003048623709,-0.002555270743,-0.002361808712383422,-0.0023847057733665314,0.6960685796470691,0.6728630224080466,0.0008935968712760855,0.0013523211950798332,-0.14593050619635903
12,0.0005,-0.001773557049,-0.002749012738,-0.0022612848935000002,-0.0020700286820491166,-0.0020926646748743363,0.6960685796470691,0.6728630224080466,0.0008935968712760855,0.0013523211950798332,-0.14593050619635903
12,0.001,-0.001281671471,-0.002239519174,-0.0017605953225,-0.001572791483854582,-0.0015950188735528148,0.6960685796470691,0.6728630224080466,0.0008935968712760855,0.0013523211950798332,-0.14593050619635903
12,0.002,-0.0003018856142,-0.001233542378,-0.0007677139961,-0.000585045377703149,-0.0006066649920626324,0.6960685796470691,0.6728630224080466,0.0008935968712760855,0.0013523211950798332,-0.14593050619635903
12,0.005,0.002579056097,0.001943203737,0.002261129917,0.002385800586090437,0.0023710452777548894,0.6960685796470691,0.6728630224080466,0.0008935968712760855,0.0013523211950798332,-0.14593050619635903
12,0.01,0.007428697191,0.007438260163,0.007433478677,0.007431603678662755,0.007431825592756876,0.6960685796470691,0.6728630224080466,0.0008935968712760855,0.0013523211950798332,-0.14593050619635903
14,-0.01,-0.0104652759,-0.009883481742,-0.010174378820999998,-0.010288859052169192,-0.010303563680622647,0.6967710221820264,0.7220456459493161,0.001018025442157249,0.0015431861654315836,0.12381750571349114
14,-0.005,-0.005351424833,-0.004854455645,-0.005102940239000001,-0.005200729374115733,-0.0052132900833663665,0.6967710221820264,0.7220456459493161,0.001018025442157249,0.0015431861654315836,0.12381750571349114
14,-0.002,-0.002336877404,-0.001694486714,-0.0020156820589999997,-0.002142085931711517,-0.0021583221147128766,0.6967710221820264,0.7220456459493161,0.001018025442157249,0.0015431861654315836,0.12381750571349114
14,-0.001,-0.00132490891,-0.0006288643341,-0.00097688662205,-0.001113848024734098,-0.001131440289515233,0.6967710221820264,0.7220456459493161,0.001018025442157249,0.0015431861654315836,0.12381750571349114
14,-0.0005,-0.0008181064009,-0.0001020263456,-0.00046006637325,-0.000600970177695543,-0.0006190688316805104,0.6967710221820264,0.7220456459493161,0.001018025442157249,0.0015431861654315836,0.12381750571349114
14,-0.0002,-0.000515924175,0.000215942512,-0.0001499908315,-0.0002940009876019631,-0.00031249864276370096,0.6967710221820264,0.7220456459493161,0.001018025442157249,0.0015431861654315836,0.12381750571349114
14,-0.0001,-0.0004138836096,0.0003206222962,-4.663065670000002e-05,-0.00019116013458300116,-0.00020972449500694854,0.6967710221820264,0.7220456459493161,0.001018025442157249,0.0015431861654315836,0.12381750571349114
14,0.0,-0.0003119291108,0.0004251549473,5.661291825000001e-05,-8.842386529641304e-05,-0.00010705338754975774,0.6967710221820264,0.7220456459493161,0.001018025442157249,0.0015431861654315836,0.12381750571349114
14,0.0001,-0.0002113353853,0.0005299469346,0.00015930577465,1.3442894837813234e-05,-5.292736903003085e-06,0.6967710221820264,0.7220456459493161,0.001018025442157249,0.0015431861654315836,0.12381750571349114
14,0.0002,-0.000111197417,0.000634048886,0.0002614257345,0.00011478285768131395,9.594703775902524e-05,0.6967710221820264,0.7220456459493161,0.001018025442157249,0.0015431861654315836,0.12381750571349114
14,0.0005,0.000191398346,0.0009448326464,0.0005681154962,0.0004198614587632922,0.00040081869028731087,0.6967710221820264,0.7220456459493161,0.001018025442157249,0.0015431861654315836,0.12381750571349114
14,0.001,0.0006961862887,0.001463453723,0.00107982000585,0.0009288440085158084,0.000909451612784982,0.6967710221820264,0.7220456459493161,0.001018025442157249,0.0015431861654315836,0.12381750571349114
14,0.002,0.001715922521,0.002469375453,0.002092648987,0.0019443912834043154,0.0019253480440216538,0.6967710221820264,0.7220456459493161,0.001018025442157249,0.0015431861654315836,0.12381750571349114
14,0.005,0.004775198007,0.005553343644,0.0051642708255,0.005011154313101026,0.004991486974889693,0.6967710221820264,0.7220456459493161,0.001018025442157249,0.0015431861654315836,0.12381750571349114
14,0.01,0.009829329052,0.01075949967,0.010294414360999999,0.010111383737692454,0.010087874025283114,0.6967710221820264,0.7220456459493161,0.001018025442157249,0.0015431861654315836,0.12381750571349114
16,-0.01,-0.01153623526,-0.01089338065,-0.011214807955,-0.011356277924089015,-0.011369650571441774,0.7200652634178287,0.7408672412596907,0.0009592890076119123,0.0015385336593983063,0.09617951186606966
16,-0.005,-0.006557730174,-0.005716523133,-0.0061371266535,-0.006322247102566597,-0.006339745872793898,0.7200652634178287,0.7408672412596907,0.0009592890076119123,0.0015385336593983063,0.09617951186606966
16,-0.002,-0.003580879567,-0.002613145256,-0.0030970124115,-0.003309977117568686,-0.0033301079052629177,0.7200652634178287,0.7408672412596907,0.0009592890076119123,0.0015385336593983063,0.09617951186606966
16,-0.001,-0.002592956679,-0.001571171787,-0.002082064233,-0.002306923594414338,-0.002328178741096871,0.7200652634178287,0.7408672412596907,0.0009592890076119123,0.0015385336593983063,0.09617951186606966
16,-0.0005,-0.002101279097,-0.001051004764,-0.0015761419305,-0.0018072708282526296,-0.001829118611655572,0.7200652634178287,0.7408672412596907,0.0009592890076119123,0.0015385336593983063,0.09617951186606966
16,-0.0002,-0.001804636627,-0.0007396687972,-0.0012721527121,-0.0015065151380964504,-0.0015286685752942458,0.7200652634178287,0.7408672412596907,0.0009592890076119123,0.0015385336593983063,0.09617951186606966
16,-0.0001,-0.001705718854,-0.0006352114091,-0.00117046513155,-0.0014060466344026654,-0.0014283153065510234,0.7200652634178287,0.7408672412596907,0.0009592890076119123,0.0015385336593983063,0.09617951186606966
16,0.0,-0.001607092848,-0.0005305820068,-0.0010688374274,-0.0013057400692408263,-0.001328133623905993,0.7200652634178287,0.7408672412596907,0.0009592890076119123,0.0015385336593983063,0.09617951186606966
16,0.0001,-0.001508672957,-0.0004262657538,-0.0009674693554,-0.0012056695816975633,-0.0012281857923544016,0.7200652634178287,0.7408672412596907,0.0009592890076119123,0.0015385336593983063,0.09617951186606966
16,0.0002,-0.00140899257,-0.000321695313,-0.0008653439415,-0.0011046202987751877,-0.001127238232222819,0.7200652634178287,0.7408672412596907,0.0009592890076119123,0.0015385336593983063,0.09617951186606966
16,0.0005,-0.001108143508,-3.663368981e-06,-0.0005559034384904999,-0.0007989611512234763,-0.0008219365226021262,0.7200652634178287,0.7408672412596907,0.0009592890076119123,0.0015385336593983063,0.09617951186606966
16,0.001,-0.0006085414459,0.0005412771537,-3.3632146099999956e-05,-0.00028666727910369285,-0.00031058578013473285,0.7200652634178287,0.7408672412596907,0.0009592890076119123,0.0015385336593983063,0.09617951186606966
16,0.002,0.0004027603932,0.001546745272,0.0009747528326,0.0007230014989008653,0.0006992043508006424,0.7200652634178287,0.7408672412596907,0.0009592890076119123,0.0015385336593983063,0.09617951186606966
16,0.005,0.00341970222,0.004632208954,0.004025955587,0.003759124973186399,0.003733902434972623,0.7200652634178287,0.7408672412596907,0.0009592890076119123,0.0015385336593983063,0.09617951186606966
16,0.01,0.008432850143,0.009861236473,0.009147043308,0.008832705094026123,0.008802991833239847,0.7200652634178287,0.7408672412596907,0.0009592890076119123,0.0015385336593983063,0.09617951186606966
18,-0.01,-0.01089450111,-0.0111011135,-0.010997807305,-0.010956206923036779,-0.010951930541150047,0.7013450498453718,0.7220426560573283,0.001001496637333387,0.0015347247775761763,0.10183638722530383
18,-0.005,-0.005915898996,-0.005818598614,-0.005867248804999999,-0.005886839755263763,-0.0058888536402546725,0.7013450498453718,0.7220426560573283,0.001001496637333387,0.0015347247775761763,0.10183638722530383
18,-0.002,-0.002918039886,-0.00274328341,-0.002830661648,-0.002865847999371021,-0.0028694650400942585,0.7013450498453718,0.7220426560573283,0.001001496637333387,0.0015347247775761763,0.10183638722530383
18,-0.001,-0.001917313324,-0.001719214275,-0.0018182637995,-0.0018581500623952255,-0.0018622502385023908,0.7013450498453718,0.7220426560573283,0.001001496637333387,0.0015347247775761763,0.10183638722530383
18,-0.0005,-0.001417347361,-0.001206293702,-0.0013118205315,-0.001354315140991403,-0.0013586834465149778,0.7013450498453718,0.7220426560573283,0.001001496637333387,0.0015347247775761763,0.10183638722530383
18,-0.0002,-0.001116390322,-0.0008987646562,-0.0010075774891,-0.0010513953396281332,-0.0010558996699604765,0.7013450498453718,0.7220426560573283,0.001001496637333387,0.0015347247775761763,0.10183638722530383
18,-0.0001,-0.001015999885,-0.0007973357924,-0.0009066678387,-0.00095069477132394,-0.0009552205946052696,0.7013450498453718,0.7220426560573283,0.001001496637333387,0.0015347247775761763,0.10183638722530383
18,0.0,-0.0009159403637,-0.000695889971,-0.00080591516735,-0.0008502212246366751,-0.0008547757410115661,0.7013450498453718,0.7220426560573283,0.001001496637333387,0.0015347247775761763,0.10183638722530383
18,0.0001,-0.0008155769448,-0.0005943361041,-0.00070495652445,-0.0007495022725485734,-0.0007540814283473842,0.7013450498453718,0.7220426560573283,0.001001496637333387,0.0015347247775761763,0.10183638722530383
18,0.0002,-0.0007154515022,-0.0004924208548,-0.0006039361785,-0.0006488422953177986,-0.0006534584958308814,0.7013450498453718,0.7220426560573283,0.001001496637333387,0.0015347247775761763,0.10183638722530383
18,0.0005,-0.0004099596954,-0.0001896772792,-0.00029981848730000003,-0.0003441712613698479,-0.0003487305800757739,0.7013450498453718,0.7220426560573283,0.001001496637333387,0.0015347247775761763,0.10183638722530383
18,0.001,9.454506296e-05,0.0003155036668,0.00020502436488000001,0.00016053544377607143,0.00015596212960464743,0.7013450498453718,0.7220426560573283,0.001001496637333387,0.0015347247775761763,0.10183638722530383
18,0.002,0.001097020733,0.001272492414,0.0011847565735,0.0011494262191426039,0.001145794375387916,0.7013450498453718,0.7220426560573283,0.001001496637333387,0.0015347247775761763,0.10183638722530383
18,0.005,0.004134335118,0.004253833748,0.004194084432999999,0.0041700239753861956,0.004167550639799587,0.7013450498453718,0.7220426560573283,0.001001496637333387,0.0015347247775761763,0.10183638722530383
18,0.01,0.009372170348,0.009171979019,0.0092720746835,0.009312382216616115,0.009316525697910805,0.7013450498453718,0.7220426560573283,0.001001496637333387,0.0015347247775761763,0.10183638722530383
20,-0.01,-0.008204885005,-0.01014859048,-0.0091767377425,-0.008723513813888802,-0.008650708297504816,0.7331752080963796,0.7706322803331014,0.0009306722860618503,0.0015427216609123864,0.15646141757037274
20,-0.005,-0.00321116133,-0.005063937631,-0.0041375494805,-0.0037055279809582843,-0.003636128405213241,0.7331752080963796,0.7706322803331014,0.0009306722860618503,0.0015427216609123864,0.15646141757037274
20,-0.002,-0.0002139974744,-0.002076602231,-0.0011452998526999998,-0.0007109866009784884,-0.0006412188800620607,0.7331752080963796,0.7706322803331014,0.0009306722860618503,0.0015427216609123864,0.15646141757037274
20,-0.001,0.0007933213462,-0.001086673495,-0.00014667607439999998,0.00029169211391693017,0.0003621112164884228,0.7331752080963796,0.7706322803331014,0.0009306722860618503,0.0015427216609123864,0.15646141757037274
20,-0.0005,0.00129677617,-0.0007443469739,0.00027621459805000003,0.0007521539118792192,0.0008286084089243263,0.7331752080963796,0.7706322803331014,0.0009306722860618503,0.0015427216609123864,0.15646141757037274
20,-0.0002,0.001600888706,-0.0004618505506,0.0005695190777,0.0010504987331062764,0.0011277629064462644,0.7331752080963796,0.7706322803331014,0.0009306722860618503,0.0015427216609123864,0.15646141757037274
20,-0.0001,0.001703935591,-0.0003669004883,0.0006685175513499999,0.0011513851850742684,0.0012289526416870181,0.7331752080963796,0.7706322803331014,0.0009306722860618503,0.0015427216609123864,0.15646141757037274
20,0.0,0.00180747955,-0.000270624997,0.0007684272765,0.0012529897366927577,0.0013308294488251968,0.7331752080963796,0.7706322803331014,0.0009306722860618503,0.0015427216609123864,0.15646141757037274
20,0.0001,0.001911103887,-0.0001674701079,0.00087181688955,0.0013564888133545307,0.0014343461096308714,0.7331752080963796,0.7706322803331014,0.0009306722860618503,0.0015427216609123864,0.15646141757037274
20,0.0002,0.002014890079,-6.226193608e-05,0.0009763140714600001,0.0014606544248240933,0.001538458457899597,0.7331752080963796,0.7706322803331014,0.0009306722860618503,0.0015427216609123864,0.15646141757037274
20,0.0005,0.002328232812,0.0002502922017,0.0012892625068500001,0.0017737867410686206,0.0018516203126122456,0.7331752080963796,0.7706322803331014,0.0009306722860618503,0.0015427216609123864,0.15646141757037274
20,0.001,0.002842172494,0.0007706074365,0.00180638996525,0.002289427578617751,0.002367022340619597,0.7331752080963796,0.7706322803331014,0.0009306722860618503,0.0015427216609123864,0.15646141757037274
20,0.002,0.003844827135,0.001805734977,0.002825281056,0.003300746794269346,0.0033771252165288846,0.7331752080963796,0.7706322803331014,0.0009306722860618503,0.0015427216609123864,0.15646141757037274
20,0.005,0.006831502701,0.004901044142,0.0058662734215,0.006316408497716262,0.006388717823410722,0.7331752080963796,0.7706322803331014,0.0009306722860618503,0.0015427216609123864,0.15646141757037274
20,0.01,0.01177812019,0.01001670547,0.01089741283,0.011308131073880024,0.011374108512285892,0.7331752080963796,0.7706322803331014,0.0009306722860618503,0.0015427216609123864,0.15646141757037274
22,-0.01,-0.009374442971,-0.009987511062,-0.0096809770165,-0.00955774356928821,-0.009542019272910608,0.701011028009592,0.7266595597280754,0.0010089001459386339,0.0015448382890403446,0.1235857683176649
22,-0.005,-0.004399657934,-0.005002221011,-0.0047009394725,-0.004579817648951608,-0.0045643627907587855,0.701011028009592,0.7266595597280754,0.0010089001459386339,0.0015448382890403446,0.1235857683176649
22,-0.002,-0.001406967874,-0.001995585881,-0.0017012768775,-0.001582958166807973,-0.001567860979185363,0.701011028009592,0.7266595597280754,0.0010089001459386339,0.0015448382890403446,0.1235857683176649
22,-0.001,-0.0004048581991,-0.0009806061822,-0.0006927321906500001,-0.0005770004966926198,-0.0005622334062862265,0.701011028009592,0.7266595597280754,0.0010089001459386339,0.0015448382890403446,0.1235857683176649
22,-0.0005,9.53104987e-05,-0.0004820351997,-0.0001933623505,-7.730949814770013e-05,-6.250142868975777e-05,0.701011028009592,0.7266595597280754,0.0010089001459386339,0.0015448382890403446,0.1235857683176649
22,-0.0002,0.0003990648051,-0.0001744981678,0.00011228331864999999,0.00022757580146086676,0.00024228684956384004,0.701011028009592,0.7266595597280754,0.0010089001459386339,0.0015448382890403446,0.1235857683176649
22,-0.0001,0.0005007060619,-7.216758481e-05,0.00021426923854499997,0.0003294231591897809,0.0003441165270881056,0.701011028009592,0.7266595597280754,0.0010089001459386339,0.0015448382890403446,0.1235857683176649
22,0.0,0.0006010841298,3.028446496e-05,0.00031568429737999996,0.00043042132479701893,0.00044506149810556733,0.701011028009592,0.7266595597280754,0.0010089001459386339,0.0015448382890403446,0.1235857683176649
22,0.0001,0.00070151125,0.0001313154052,0.0004164133276,0.0005310289805300458,0.000545653666741146,0.701011028009592,0.7266595597280754,0.0010089001459386339,0.0015448382890403446,0.1235857683176649
22,0.0002,0.000802619312,0.0002324133846,0.0005175163483,0.0006321340279438368,0.0006467589727588229,0.701011028009592,0.7266595597280754,0.0010089001459386339,0.0015448382890403446,0.1235857683176649
22,0.0005,0.001106042379,0.0005393999727,0.0008227211758499999,0.0009366225484541919,0.0009511560941852153,0.701011028009592,0.7266595597280754,0.0010089001459386339,0.0015448382890403446,0.1235857683176649
22,0.001,0.001609421901,0.001055522467,0.001332472184,0.0014438120786422713,0.00145801878584407,0.701011028009592,0.7266595597280754,0.0010089001459386339,0.0015448382890403446,0.1235857683176649
22,0.002,0.002612651498,0.002093936054,0.0023532937759999997,0.0024575613006428917,0.002470865590161193,0.701011028009592,0.7266595597280754,0.0010089001459386339,0.0015448382890403446,0.1235857683176649
22,0.005,0.005694305365,0.005206439906,0.0054503726355,0.005548438972943962,0.005560952005643475,0.701011028009592,0.7266595597280754,0.0010089001459386339,0.0015448382890403446,0.1235857683176649
22,0.01,0.01084198292,0.01027216543,0.010557074175,0.010671613774442746,0.010686228756408756,0.701011028009592,0.7266595597280754,0.0010089001459386339,0.0015448382890403446,0.1235857683176649
24,-0.01,-0.0100321548,-0.01182296966,-0.01092756223,-0.010599604984216918,-0.01055922230640829,0.6831329709778498,0.7056828608132676,0.0010192092485778903,0.0014965025230001896,0.11782167032505358
24,-0.005,-0.005100285423,-0.006749071003,-0.0059246782130000005,-0.005622731211229163,-0.0055855512780379375,0.6831329709778498,0.7056828608132676,0.0010192092485778903,0.0014965025230001896,0.11782167032505358
24,-0.002,-0.00214340836,-0.003659618289,-0.0029015133245000003,-0.0026238452955761157,-0.002589654928709799,0.6831329709778498,0.7056828608132676,0.0010192092485778903,0.0014965025230001896,0.11782167032505358
24,-0.001,-0.001169595205,-0.002631974852,-0.0019007850285,-0.001632975099047351,-0.0015999985991099438,0.6831329709778498,0.7056828608132676,0.0010192092485778903,0.0014965025230001896,0.11782167032505358
24,-0.0005,-0.0006752054415,-0.002124851889,-0.00140002866525,-0.0011345506044518395,-0.0011018612367604099,0.6831329709778498,0.7056828608132676,0.0010192092485778903,0.0014965025230001896,0.11782167032505358
24,-0.0002,-0.0003805555015,-0.001824044993,-0.00110230024725,-0.0008379497280962994,-0.0008053991990843912,0.6831329709778498,0.7056828608132676,0.0010192092485778903,0.0014965025230001896,0.11782167032505358
24,-0.0001,-0.0002820892753,-0.001723492474,-0.00100279087465,-0.0007388224244950931,-0.0007063189411559892,0.6831329709778498,0.7056828608132676,0.0010192092485778903,0.0014965025230001896,0.11782167032505358
24,0.0,-0.0001837324467,-0.001621774442,-0.00090275344435,-0.000639400541359796,-0.0006069728527870766,0.6831329709778498,0.7056828608132676,0.0010192092485778903,0.0014965025230001896,0.11782167032505358
24,0.0001,-8.438227886e-05,-0.001521014923,-0.00080269860093,-0.0005396037966048779,-0.0005072078887455559,0.6831329709778498,0.7056828608132676,0.0010192092485778903,0.0014965025230001896,0.11782167032505358
24,0.0002,1.508043834e-05,-0.001421715879,-0.00070331772033,-0.00044019294204549245,-0.0004077933433735414,0.6831329709778498,0.7056828608132676,0.0010192092485778903,0.0014965025230001896,0.11782167032505358
24,0.0005,0.0003134218132,-0.001122801289,-0.0004046897379,-0.00014166993420709013,-0.00010928326147339809,0.6831329709778498,0.7056828608132676,0.0010192092485778903,0.0014965025230001896,0.11782167032505358
24,0.001,0.0008104410927,-0.0006209825857,9.472925350000001e-05,0.00035687012445343407,0.0003891485707091627,0.6831329709778498,0.7056828608132676,0.0010192092485778903,0.0014965025230001896,0.11782167032505358
24,0.002,0.001780634141,0.000374415441,0.001077524791,0.0013350497993756096,0.0013667598761451143,0.6831329709778498,0.7056828608132676,0.0010192092485778903,0.0014965025230001896,0.11782167032505358
24,0.005,0.004801749517,0.003386122674,0.0040939360955,0.004353184045054585,0.004385106274412295,0.6831329709778498,0.7056828608132676,0.0010192092485778903,0.0014965025230001896,0.11782167032505358
24,0.01,0.009910624557,0.008487035744,0.0091988301505,0.00945953619927552,0.009491637970179604,0.6831329709778498,0.7056828608132676,0.0010192092485778903,0.0014965025230001896,0.11782167032505358
26,-0.01,-0.01149460242,-0.009112743106,-0.010303672763,-0.010814496215108268,-0.01090519404037563,0.7144641579398793,0.7525427399679036,0.0009697243179457961,0.0015339393709511,0.16691499167911317
26,-0.005,-0.006498278918,-0.004143882574,-0.005321080746,-0.00582601437537269,-0.005915666449684175,0.7144641579398793,0.7525427399679036,0.0009697243179457961,0.0015339393709511,0.16691499167911317
26,-0.002,-0.003486730668,-0.001113889623,-0.0023003101455,-0.0028091995021411083,-0.0028995539245126032,0.7144641579398793,0.7525427399679036,0.0009697243179457961,0.0015339393709511,0.16691499167911317
26,-0.001,-0.002478173046,-0.0001016109138,-0.0012898919799,-0.001799579376374077,-0.001890075492469751,0.7144641579398793,0.7525427399679036,0.0009697243179457961,0.0015339393709511,0.16691499167911317
26,-0.0005,-0.001972851734,0.0004082060226,-0.0007823228557,-0.001292974402475437,-0.0013836417055735936,0.7144641579398793,0.7525427399679036,0.0009697243179457961,0.0015339393709511,0.16691499167911317
26,-0.0002,-0.00166989476,0.0007176028463,-0.00047614595685000003,-0.000988178620568607,-0.0010790911440118132,0.7144641579398793,0.7525427399679036,0.0009697243179457961,0.0015339393709511,0.16691499167911317
26,-0.0001,-0.001570154224,0.0008194527603,-0.00037535073185,-0.0008878357815451539,-0.0009788286271115612,0.7144641579398793,0.7525427399679036,0.0009697243179457961,0.0015339393709511,0.16691499167911317
26,0.0,-0.001470479528,0.0009217305257,-0.00027437450115000005,-0.0007874178159320839,-0.0008785097826901637,0.7144641579398793,0.7525427399679036,0.0009697243179457961,0.0015339393709511,0.16691499167911317
26,0.0001,-0.001370743682,0.00102106112,-0.00017484128100000009,-0.0006877976838174898,-0.0007788742191654692,0.7144641579398793,0.7525427399679036,0.0009697243179457961,0.0015339393709511,0.16691499167911317
26,0.0002,-0.001270467687,0.001118178011,-7.614483800000001e-05,-0.000588423726238285,-0.0006793799673854656,0.7144641579398793,0.7525427399679036,0.0009697243179457961,0.0015339393709511,0.16691499167911317
26,0.0005,-0.000969731924,0.001406628252,0.00021844816399999993,-0.0002911959201077033,-0.00038168434599764967,0.7144641579398793,0.7525427399679036,0.0009697243179457961,0.0015339393709511,0.16691499167911317
26,0.001,-0.0004714514577,0.001884493501,0.00070652102165,0.00020125526992970094,0.00011154422656633247,0.7144641579398793,0.7525427399679036,0.0009697243179457961,0.0015339393709511,0.16691499167911317
26,0.002,0.0005536409411,0.0028402532,0.0016969470705500002,0.0012065506979100065,0.0011194797454431966,0.7144641579398793,0.7525427399679036,0.0009697243179457961,0.0015339393709511,0.16691499167911317
26,0.005,0.003648383084,0.005748893037,0.0046986380605,0.00424815396218552,0.004168169521639527,0.7144641579398793,0.7525427399679036,0.0009697243179457961,0.0015339393709511,0.16691499167911317
26,0.01,0.008453126504,0.01081086145,0.009631993977,0.009126344337160683,0.009036565133619083,0.7144641579398793,0.7525427399679036,0.0009697243179457961,0.0015339393709511,0.16691499167911317
28,-0.01,-0.01084937467,-0.008219658155,-0.0095345164125,-0.010022408311511008,-0.010125107416000522,0.6855302258734183,0.7245835245479011,0.0010011462889470014,0.0014781598153640197,0.18726088672007676
28,-0.005,-0.005853160986,-0.003123195235,-0.0044881781105,-0.004994669272909725,-0.0051012834407546375,0.6855302258734183,0.7245835245479011,0.0010011462889470014,0.0014781598153640197,0.18726088672007676
28,-0.002,-0.002902053271,-6.847906551e-05,-0.001485266168255,-0.0020109798306286518,-0.0021216402503919625,0.6855302258734183,0.7245835245479011,0.0010011462889470014,0.0014781598153640197,0.18726088672007676
28,-0.001,-0.001912756947,0.001018362182,-0.00044719738249999997,-0.0009910085765652671,-0.001105478447360594,0.6855302258734183,0.7245835245479011,0.0010011462889470014,0.0014781598153640197,0.18726088672007676
28,-0.0005,-0.001418104262,0.001563057121,7.247642950000005e-05,-0.00048061911525310204,-0.0005970433011402354,0.6855302258734183,0.7245835245479011,0.0010011462889470014,0.0014781598153640197,0.18726088672007676
28,-0.0002,-0.001121844951,0.00189143769,0.0003847963695,-0.00017425863950518042,-0.0002919372664747878,0.6855302258734183,0.7245835245479011,0.0010011462889470014,0.0014781598153640197,0.18726088672007676
28,-0.0001,-0.001022856154,0.002001430476,0.000489287161,-7.180942056985904e-05,-0.0001899177896084941,0.6855302258734183,0.7245835245479011,0.0010011462889470014,0.0014781598153640197,0.18726088672007676
28,0.0,-0.0009241233594,0.002111283042,0.0005935798413,3.0420206030638266e-05,-8.812242676167314e-05,0.6855302258734183,0.7245835245479011,0.0010011462889470014,0.0014781598153640197,0.18726088672007676
28,0.0001,-0.0008255212803,0.002220811426,0.0006976450728500001,0.00013245827776457936,1.3488936723599922e-05,0.6855302258734183,0.7245835245479011,0.0010011462889470014,0.0014781598153640197,0.18726088672007676
28,0.0002,-0.0007270099134,0.002331850741,0.0008024204138,0.00023490930567385585,0.00011545070693394868,0.6855302258734183,0.7245835245479011,0.0010011462889470014,0.0014781598153640197,0.18726088672007676
28,0.0005,-0.0004305897852,0.002664609159,0.0011170096869,0.000542756727659408,0.00042187899883462155,0.6855302258734183,0.7245835245479011,0.0010011462889470014,0.0014781598153640197,0.18726088672007676
28,0.001,6.440164605e-05,0.003211320267,0.001637860956525,0.0010540124339748803,0.0009311148811666284,0.6855302258734183,0.7245835245479011,0.0010011462889470014,0.0014781598153640197,0.18726088672007676
28,0.002,0.001042966834,0.00426023136,0.002651599097,0.0020546992827966837,0.0019290544903479874,0.6855302258734183,0.7245835245479011,0.0010011462889470014,0.0014781598153640197,0.18726088672007676
28,0.005,0.003994193402,0.007301416879,0.0056478051405,0.005034215221798317,0.004905057235567775,0.6855302258734183,0.7245835245479011,0.0010011462889470014,0.0014781598153640197,0.18726088672007676
28,0.01,0.008913602939,0.0122258917,0.0105697473195,0.009955217637513685,0.00982586183523422,0.6855302258734183,0.7245835245479011,0.0010011462889470014,0.0014781598153640197,0.18726088672007676
30,-0.01,-0.00992101888,-0.01091922555,-0.010420122215,-0.010226148528716837,-0.010201612257960825,0.6943221700603985,0.7189025214980537,0.001019584200905809,0.0015366382617523734,0.12186944714004164
30,-0.005,-0.004970812914,-0.00576124385,-0.0053660283819999995,-0.005212430127233608,-0.005193001057039534,0.6943221700603985,0.7189025214980537,0.001019584200905809,0.0015366382617523734,0.12186944714004164
30,-0.002,-0.002010207084,-0.002660422805,-0.0023353149445,-0.0022089636145878936,-0.0021929810836554256,0.6943221700603985,0.7189025214980537,0.001019584200905809,0.0015366382617523734,0.12186944714004164
30,-0.001,-0.001024375374,-0.001641580281,-0.0013329778275,-0.0012130412305998337,-0.0011978701170767283,0.6943221700603985,0.7189025214980537,0.001019584200905809,0.0015366382617523734,0.12186944714004164
30,-0.0005,-0.0005347378985,-0.00113009197,-0.0008324149342499999,-0.0007167244391218263,-0.0007020904268145176,0.6943221700603985,0.7189025214980537,0.001019584200905809,0.0015366382617523734,0.12186944714004164
30,-0.0002,-0.0002388672917,-0.0008222710104,-0.00053056915105,-0.00041720087441090973,-0.0004028606059752289,0.6943221700603985,0.7189025214980537,0.001019584200905809,0.0015366382617523734,0.12186944714004164
30,-0.0001,-0.0001407082041,-0.0007199241186,-0.00043031616135,-0.00031776166791084177,-0.00030352433717414896,0.6943221700603985,0.7189025214980537,0.001019584200905809,0.0015366382617523734,0.12186944714004164
30,0.0,-4.370518343e-05,-0.0006176837932,-0.000330694488315,-0.00021915771929624297,-0.00020504912335039965,0.6943221700603985,0.7189025214980537,0.001019584200905809,0.0015366382617523734,0.12186944714004164
30,0.0001,5.384554634e-05,-0.0005159678007,-0.00023106112718,-0.00012033376105380825,-0.00010632754872969851,0.6943221700603985,0.7189025214980537,0.001019584200905809,0.0015366382617523734,0.12186944714004164
30,0.0002,0.0001519843091,-0.0004140439267,-0.00013102980880000002,-2.1037973703885054e-05,-7.124800744285137e-06,0.6943221700603985,0.7189025214980537,0.001019584200905809,0.0015366382617523734,0.12186944714004164
30,0.0005,0.0004453933292,-0.0001069588374,0.0001692172459,0.0002765515175512748,0.000290128527923653,0.6943221700603985,0.7189025214980537,0.001019584200905809,0.0015366382617523734,0.12186944714004164
30,0.001,0.000932944558,0.000400427353,0.0006666859555000001,0.0007701658543700981,0.0007832553144155959,0.6943221700603985,0.7189025214980537,0.001019584200905809,0.0015366382617523734,0.12186944714004164
30,0.002,0.001904342927,0.001414027705,0.0016591853160000001,0.0017544644339526861,0.0017665165544246781,0.6943221700603985,0.7189025214980537,0.001019584200905809,0.0015366382617523734,0.12186944714004164
30,0.005,0.00483680372,0.00443068192,0.00463374282,0.004712661289484835,0.004722643906055328,0.6943221700603985,0.7189025214980537,0.001019584200905809,0.0015366382617523734,0.12186944714004164
30,0.01,0.009775506481,0.009542364257,0.009658935369000001,0.009704240071900388,0.009709970789701265,0.6943221700603985,0.7189025214980537,0.001019584200905809,0.0015366382617523734,0.12186944714004164
32,-0.01,-0.00880545914,-0.01100642452,-0.00990594183,-0.009451709751947146,-0.009370375929508715,0.7063785655969084,0.7433322692659907,0.0009849762339338144,0.0015277441520751894,0.16673072388123006
32,-0.005,-0.003843360272,-0.005959069033,-0.0049012146525,-0.0044645777131840075,-0.004386394438579932,0.7063785655969084,0.7433322692659907,0.0009849762339338144,0.0015277441520751894,0.16673072388123006
32,-0.002,-0.0009002577457,-0.002939562067,-0.0019199099063499999,-0.0014990412057045294,-0.0014236813581241297,0.7063785655969084,0.7433322692659907,0.0009849762339338144,0.0015277441520751894,0.16673072388123006
32,-0.001,9.585321274e-05,-0.001934883304,-0.00091951504563,-0.0005004145561999367,-0.00042537132073034215,0.7063785655969084,0.7433322692659907,0.0009849762339338144,0.0015277441520751894,0.16673072388123006
32,-0.0005,0.0006049533111,-0.001431732734,-0.00041338971144999994,6.938633108978173e-06,8.220172568655903e-05,0.7063785655969084,0.7433322692659907,0.0009849762339338144,0.0015277441520751894,0.16673072388123006
32,-0.0002,0.0009155376756,-0.001131278318,-0.00010787032119999996,0.00031454862759997877,0.0003901860592926116,0.7063785655969084,0.7433322692659907,0.0009849762339338144,0.0015277441520751894,0.16673072388123006
32,-0.0001,0.001018744042,-0.001030478922,-5.86743999999998e-06,0.000417048255898565,0.0004927746340620997,0.7063785655969084,0.7433322692659907,0.0009849762339338144,0.0015277441520751894,0.16673072388123006
32,0.0,0.001121678434,-0.000931417247,9.513059350000003e-05,0.0005188455351779877,0.0005947150245779347,0.7063785655969084,0.7433322692659907,0.0009849762339338144,0.0015277441520751894,0.16673072388123006
32,0.0001,0.001224914113,-0.000832344691,0.00019628471100000005,0.0006208588320311312,0.0006968821642447581,0.7063785655969084,0.7433322692659907,0.0009849762339338144,0.0015277441520751894,0.16673072388123006
32,0.0002,0.001328638649,-0.0007334574846,0.00029759058220000004,0.0007231630243752987,0.0007993651138335137,0.7063785655969084,0.7433322692659907,0.0009849762339338144,0.0015277441520751894,0.16673072388123006
32,0.0005,0.00163907278,-0.0004349896283,0.00060204157585,0.0010300836006334232,0.001106727888260925,0.7063785655969084,0.7433322692659907,0.0009849762339338144,0.0015277441520751894,0.16673072388123006
32,0.001,0.002179224946,5.689262497e-05,0.001118058785485,0.0015560626856191287,0.0016344907252977873,0.7063785655969084,0.7433322692659907,0.0009849762339338144,0.0015277441520751894,0.16673072388123006
32,0.002,0.003193468541,0.001043651073,0.002118559807,0.0025622360523410177,0.002641679769996106,0.7063785655969084,0.7433322692659907,0.0009849762339338144,0.0015277441520751894,0.16673072388123006
32,0.005,0.006341529343,0.004032345797,0.00518693757,0.005663503557923463,0.005748836442399867,0.7063785655969084,0.7433322692659907,0.0009849762339338144,0.0015277441520751894,0.16673072388123006
32,0.01,0.01158523305,0.009101773802,0.010343503426,0.010856036183320619,0.01094780920044545,0.7063785655969084,0.7433322692659907,0.0009849762339338144,0.0015277441520751894,0.16673072388123006
34,-0.01,-0.008818549862,-0.009746435101,-0.0092824924815,-0.009088216609251971,-0.009066273231305242,0.7093748925862897,0.73302369852093,0.0009875502656176184,0.0015428743226212499,0.11175698036609072
34,-0.005,-0.003833542429,-0.004710734281,-0.004272138355,-0.004088476405209931,-0.004067731865334536,0.7093748925862897,0.73302369852093,0.0009875502656176184,0.0015428743226212499,0.11175698036609072
34,-0.002,-0.0008752112073,-0.001602717983,-0.00123896459515,-0.0010866429421320146,-0.0010694382755773492,0.7093748925862897,0.73302369852093,0.0009875502656176184,0.0015428743226212499,0.11175698036609072
34,-0.001,0.0001119174731,-0.0005684434609,-0.0002282629939,-8.581249642384224e-05,-6.972277273016563e-05,0.7093748925862897,0.73302369852093,0.0009875502656176184,0.0015428743226212499,0.11175698036609072
34,-0.0005,0.0005904774455,-5.738205073e-05,0.000266547697385,0.000402193209819164,0.0004175143133184211,0.7093748925862897,0.73302369852093,0.0009875502656176184,0.0015428743226212499,0.11175698036609072
34,-0.0002,0.0008829096843,0.0002476013153,0.0005652554998,0.0006982731213185459,0.0007132974056456797,0.7093748925862897,0.73302369852093,0.0009875502656176184,0.0015428743226212499,0.11175698036609072
34,-0.0001,0.0009804981504,0.0003508031333,0.00066565064185,0.0007974929684174344,0.0008123845036748422,0.7093748925862897,0.73302369852093,0.0009875502656176184,0.0015428743226212499,0.11175698036609072
34,0.0,0.001077663242,0.0004534699365,0.00076556658925,0.0008962569955421437,0.0009110184218896148,0.7093748925862897,0.73302369852093,0.0009875502656176184,0.0015428743226212499,0.11175698036609072
34,0.0001,0.00117418099,0.0005548298609,0.0008645054254500001,0.0009941820015785098,0.001008828916235996,0.7093748925862897,0.73302369852093,0.0009875502656176184,0.0015428743226212499,0.11175698036609072
34,0.0002,0.001270652167,0.0006557642519,0.00096320820945,0.00109195030062667,0.0011064916656024254,0.7093748925862897,0.73302369852093,0.0009875502656176184,0.0015428743226212499,0.11175698036609072
34,0.0005,0.001561565564,0.0009605886947,0.0012610771293499999,0.001386906596806532,0.0014011189821598153,0.7093748925862897,0.73302369852093,0.0009875502656176184,0.0015428743226212499,0.11175698036609072
34,0.001,0.002047302174,0.001469539718,0.001758420946,0.001879389898165391,0.0018930532903636559,0.7093748925862897,0.73302369852093,0.0009875502656176184,0.0015428743226212499,0.11175698036609072
34,0.002,0.003014801759,0.002478113195,0.002746457477,0.0028588265874397905,0.002871518631137167,0.7093748925862897,0.73302369852093,0.0009875502656176184,0.0015428743226212499,0.11175698036609072
34,0.005,0.005960177427,0.005487337104,0.0057237572655,0.005822758157338592,0.005833940266375291,0.7093748925862897,0.73302369852093,0.0009875502656176184,0.0015428743226212499,0.11175698036609072
34,0.01,0.01087067767,0.01061966392,0.010745170795,0.010797726771943931,0.010803662947404606,0.7093748925862897,0.73302369852093,0.0009875502656176184,0.0015428743226212499,0.11175698036609072
36,-0.01,-0.008890320499,-0.006708943588,-0.0077996320434999995,-0.008144578076582034,-0.008157994939381978,0.6581322472712439,0.6642828866826578,0.000999872366695373,0.0013873054197503709,0.039465016762672965
36,-0.005,-0.004035864444,-0.001805052249,-0.0029204583465,-0.0032732216921354464,-0.0032869426135414765,0.6581322472712439,0.6642828866826578,0.000999872366695373,0.0013873054197503709,0.039465016762672965
36,-0.002,-0.001100839685,0.001170301658,3.473098650000003e-05,-0.0003244096979392208,-0.0003383786693923681,0.6581322472712439,0.6642828866826578,0.000999872366695373,0.0013873054197503709,0.039465016762672965
36,-0.001,-0.0001106012299,0.00215965506,0.00102452691505,0.0006655261860464367,0.0006515626582357674,0.6581322472712439,0.6642828866826578,0.000999872366695373,0.0013873054197503709,0.039465016762672965
36,-0.0005,0.0003670935266,0.002651098038,0.0015090957823,0.0011479210161346588,0.001133872927970995,0.6581322472712439,0.6642828866826578,0.000999872366695373,0.0013873054197503709,0.039465016762672965
36,-0.0002,0.0006483301749,0.002946471828,0.00179740100145,0.0014339906972976458,0.001419855656673077,0.6581322472712439,0.6642828866826578,0.000999872366695373,0.0013873054197503709,0.039465016762672965
36,-0.0001,0.0007420892526,0.003045851946,0.0018939705993,0.0015296714274130045,0.0015155018137964335,0.6581322472712439,0.6642828866826578,0.000999872366695373,0.0013873054197503709,0.039465016762672965
36,0.0,0.0008354469562,0.003144745556,0.0019900962561,0.0016249216788932893,0.0016107180159126366,0.6581322472712439,0.6642828866826578,0.000999872366695373,0.0013873054197503709,0.039465016762672965
36,0.0001,0.0009290090042,0.003243288567,0.0020861487856,0.0017201865575205244,0.0017059522584325368,0.6581322472712439,0.6642828866826578,0.000999872366695373,0.0013873054197503709,0.039465016762672965
36,0.0002,0.001022783609,0.003342652778,0.0021827181935,0.0018158720684307572,0.0018016033896905816,0.6581322472712439,0.6642828866826578,0.000999872366695373,0.0013873054197503709,0.039465016762672965
36,0.0005,0.001305270541,0.003637972085,0.002471621313,0.00210274597563418,0.002088398369582587,0.6581322472712439,0.6642828866826578,0.000999872366695373,0.0013873054197503709,0.039465016762672965
36,0.001,0.001775560662,0.004130399454,0.0029529800579999998,0.0025806041078595392,0.0025661203435779377,0.6581322472712439,0.6642828866826578,0.000999872366695373,0.0013873054197503709,0.039465016762672965
36,0.002,0.002711269588,0.005104126449,0.0039076980184999995,0.003529310185671656,0.0035145925859565172,0.6581322472712439,0.6642828866826578,0.000999872366695373,0.0013873054197503709,0.039465016762672965
36,0.005,0.005572695392,0.008018761886,0.006795728639,0.006408926647328888,0.006393881774347953,0.6581322472712439,0.6642828866826578,0.000999872366695373,0.0013873054197503709,0.039465016762672965
36,0.01,0.01041714383,0.01310657414,0.011761858985,0.011336573326200302,0.011320031610141366,0.6581322472712439,0.6642828866826578,0.000999872366695373,0.0013873054197503709,0.039465016762672965
38,-0.01,-0.009209363573,-0.009344852945,-0.009277108259000001,-0.009249736358733045,-0.009246689160713308,0.7020224897562735,0.7245128000644455,0.0010036093155940677,0.0015404530021471334,0.10951083476784572
38,-0.005,-0.004152354113,-0.004348045443,-0.004250199778,-0.004210665728289683,-0.004206264569553365,0.7020224897562735,0.7245128000644455,0.0010036093155940677,0.0015404530021471334,0.10951083476784572
38,-0.002,-0.001194463498,-0.001386719575,-0.0012905915365,-0.001251751485153686,-0.0012474275863233245,0.7020224897562735,0.7245128000644455,0.0010036093155940677,0.0015404530021471334,0.10951083476784572
38,-0.001,-0.0001985769598,-0.0003840868629,-0.00029133191135,-0.00025385473885129294,-0.00024968256356533506,0.7020224897562735,0.7245128000644455,0.0010036093155940677,0.0015404530021471334,0.10951083476784572
38,-0.0005,0.000278057289,0.0001186641233,0.00019836070614999998,0.00023056171033484824,0.00023414651209244312,0.7020224897562735,0.7245128000644455,0.0010036093155940677,0.0015404530021471334,0.10951083476784572
38,-0.0002,0.0005603530078,0.0004222954329,0.00049132422035,0.0005192149553610112,0.0005223199130609059,0.7020224897562735,0.7245128000644455,0.0010036093155940677,0.0015404530021471334,0.10951083476784572
38,-0.0001,0.0006537552532,0.0005227412974,0.0005882482753,0.0006147160408435344,0.0006176625853641776,0.7020224897562735,0.7245128000644455,0.0010036093155940677,0.0015404530021471334,0.10951083476784572
38,0.0,0.0007469940581,0.0006236497081,0.0006853218831,0.0007102402157843691,0.000713014268490629,0.7020224897562735,0.7245128000644455,0.0010036093155940677,0.0015404530021471334,0.10951083476784572
38,0.0001,0.0008407635483,0.0007243689614,0.00078256625485,0.0008060805790896908,0.0008086983294672635,0.7020224897562735,0.7245128000644455,0.0010036093155940677,0.0015404530021471334,0.10951083476784572
38,0.0002,0.0009352336065,0.000825345831,0.0008802897187500001,0.0009024895207502884,0.0009049609309203583,0.7020224897562735,0.7245128000644455,0.0010036093155940677,0.0015404530021471334,0.10951083476784572
38,0.0005,0.001220912039,0.001124902377,0.001172907208,0.0011923033189578983,0.0011944626060488611,0.7020224897562735,0.7245128000644455,0.0010036093155940677,0.0015404530021471334,0.10951083476784572
38,0.001,0.001695365815,0.001628010311,0.001661688063,0.0016752953896168685,0.0016768102358027922,0.7020224897562735,0.7245128000644455,0.0010036093155940677,0.0015404530021471334,0.10951083476784572
38,0.002,0.002644516442,0.002627871068,0.0026361937550000002,0.002639556494898404,0.00263993085452486,0.7020224897562735,0.7245128000644455,0.0010036093155940677,0.0015404530021471334,0.10951083476784572
38,0.005,0.005528836849,0.00564626564,0.0055875512445,0.00556382798777311,0.0055611869778244075,0.7020224897562735,0.7245128000644455,0.0010036093155940677,0.0015404530021471334,0.10951083476784572
38,0.01,0.01022716572,0.01078125865,0.010504212185,0.01039227295172505,0.010379811229789789,0.7020224897562735,0.7245128000644455,0.0010036093155940677,0.0015404530021471334,0.10951083476784572
40,-0.01,-0.009477808329,-0.009224113218,-0.0093509607735,-0.009401318219776512,-0.009406934905018302,0.6984959271702749,0.7206354363616535,0.0010102522091024575,0.0015376771341649028,0.10932870315117815
40,-0.005,-0.004505786521,-0.004217876627,-0.004361831574,-0.004418980515351026,-0.004425354699095527,0.6984959271702749,0.7206354363616535,0.0010102522091024575,0.0015376771341649028,0.10932870315117815
40,-0.002,-0.001465157123,-0.001222590069,-0.001343873596,-0.0013920221682846923,-0.0013973924838062506,0.6984959271702749,0.7206354363616535,0.0010102522091024575,0.0015376771341649028,0.10932870315117815
40,-0.001,-0.0003529653224,-0.0001931532119,-0.00027305926715,-0.0003047813201967359,-0.00030831948188604424,0.6984959271702749,0.7206354363616535,0.0010102522091024575,0.0015376771341649028,0.10932870315117815
40,-0.0005,0.0001026224499,0.0002996543258,0.00020113838784999998,0.00016202836296113097,0.00015766617393364832,0.6984959271702749,0.7206354363616535,0.0010102522091024575,0.0015376771341649028,0.10932870315117815
40,-0.0002,0.0003778640788,0.0005808101713,0.00047933712505,0.0004390531522536281,0.00043456002537337,0.6984959271702749,0.7206354363616535,0.0010102522091024575,0.0015376771341649028,0.10932870315117815
40,-0.0001,0.0004685836899,0.0006745758058,0.00057157974785,0.0005306911518146629,0.0005261305874713431,0.6984959271702749,0.7206354363616535,0.0010102522091024575,0.0015376771341649028,0.10932870315117815
40,0.0,0.0005581415216,0.0007672739916,0.0006627077566,0.0006211958130659404,0.0006165657228241596,0.6984959271702749,0.7206354363616535,0.0010102522091024575,0.0015376771341649028,0.10932870315117815
40,0.0001,0.0006492078284,0.0008584230856,0.000753815457,0.0007122870805439186,0.0007076551574341625,0.6984959271702749,0.7206354363616535,0.0010102522091024575,0.0015376771341649028,0.10932870315117815
40,0.0002,0.0007411758027,0.000954290671,0.0008477332368499999,0.0008054308034730205,0.0008007125448874731,0.6984959271702749,0.7206354363616535,0.0010102522091024575,0.0015376771341649028,0.10932870315117815
40,0.0005,0.001014971033,0.001250435731,0.0011327033819999999,0.0010859645984546214,0.0010807515256090051,0.6984959271702749,0.7206354363616535,0.0010102522091024575,0.0015376771341649028,0.10932870315117815
40,0.001,0.001477617968,0.001744834645,0.0016112263065,0.0015581848844435251,0.0015522688383669938,0.6984959271702749,0.7206354363616535,0.0010102522091024575,0.0015376771341649028,0.10932870315117815
40,0.002,0.002410099847,0.002725544002,0.0025678219244999996,0.002505207544482831,0.0024982237657138417,0.6984959271702749,0.7206354363616535,0.0010102522091024575,0.0015376771341649028,0.10932870315117815
40,0.005,0.005306394024,0.00563086967,0.0054686318469999995,0.005404224752803056,0.00539704102125606,0.6984959271702749,0.7206354363616535,0.0010102522091024575,0.0015376771341649028,0.10932870315117815
40,0.01,0.01025629765,0.01059041307,0.01042335536,0.010357034809925215,0.010349637658513142,0.6984959271702749,0.7206354363616535,0.0010102522091024575,0.0015376771341649028,0.10932870315117815
42,-0.01,-0.009596033077,-0.009542119573,-0.009569076325,-0.009579827695968008,-0.009581092655652141,0.6994188871123809,0.7228816485780618,0.0010111808657721573,0.0015424698253749993,0.11479561428258013
42,-0.005,-0.004553092642,-0.004511128506,-0.004532110574,-0.004540479015299752,-0.004541463609812835,0.6994188871123809,0.7228816485780618,0.0010111808657721573,0.0015424698253749993,0.11479561428258013
42,-0.002,-0.001530318833,-0.00149051942,-0.0015104191265,-0.001518355881148186,-0.0015192896852818793,0.6994188871123809,0.7228816485780618,0.0010111808657721573,0.0015424698253749993,0.11479561428258013
42,-0.001,-0.0005190643826,-0.0004744028282,-0.0004967336054000001,-0.0005056399628751571,-0.0005066878462727308,0.6994188871123809,0.7228816485780618,0.0010111808657721573,0.0015424698253749993,0.11479561428258013
42,-0.0005,3.777597825e-06,1.465936431e-05,9.2184810675e-06,7.0484513052444954e-06,6.7931350138817e-06,0.6994188871123809,0.7228816485780618,0.0010111808657721573,0.0015424698253749993,0.11479561428258013
42,-0.0002,0.0003194357847,0.0003001683009,0.00030980204279999995,0.0003136443429768518,0.0003140964113532951,0.6994188871123809,0.7228816485780618,0.0010111808657721573,0.0015424698253749993,0.11479561428258013
42,-0.0001,0.0004228170395,0.000393639718,0.00040822837874999996,0.0004140468877324501,0.0004147314682670121,0.6994188871123809,0.7228816485780618,0.0010111808657721573,0.0015424698253749993,0.11479561428258013
42,0.0,0.0005267892821,0.0004871332812,0.00050696128165,0.0005148694372168056,0.0005157998765066051,0.6994188871123809,0.7228816485780618,0.0010111808657721573,0.0015424698253749993,0.11479561428258013
42,0.0001,0.0006267966494,0.0005800245884,0.0006034106189,0.0006127378512525724,0.0006138352529630737,0.6994188871123809,0.7228816485780618,0.0010111808657721573,0.0015424698253749993,0.11479561428258013
42,0.0002,0.0007238217666,0.0006726361779,0.00069822897225,0.000708436345384746,0.0007096373006428946,0.6994188871123809,0.7228816485780618,0.0010111808657721573,0.0015424698253749993,0.11479561428258013
42,0.0005,0.001014498094,0.0009508002819,0.0009826491879500001,0.0009953517347504755,0.0009968462613216638,0.6994188871123809,0.7228816485780618,0.0010111808657721573,0.0015424698253749993,0.11479561428258013
42,0.001,0.001499631715,0.001437240983,0.001468436349,0.0014808782393415667,0.001482342098204152,0.6994188871123809,0.7228816485780618,0.0010111808657721573,0.0015424698253749993,0.11479561428258013
42,0.002,0.002468267303,0.0023999095,0.0024340884015,0.0024477202384997074,0.002449324101325815,0.6994188871123809,0.7228816485780618,0.0010111808657721573,0.0015424698253749993,0.11479561428258013
42,0.005,0.00546125751,0.005311015147,0.0053861363285,0.005416097493326595,0.005419622594051704,0.6994188871123809,0.7228816485780618,0.0010111808657721573,0.0015424698253749993,0.11479561428258013
42,0.01,0.01026494366,0.01026805897,0.010266501314999999,0.01026588006334679,0.010265806969571368,0.6994188871123809,0.7228816485780618,0.0010111808657721573,0.0015424698253749993,0.11479561428258013
44,-0.01,-0.0100261469,-0.01050582651,-0.010265986705,-0.010171988360025875,-0.010160222653897849,0.6959606850375054,0.7204889449066856,0.0010195866840958978,0.0015425939924482177,0.12091848513093154
44,-0.005,-0.005079479115,-0.005439412973,-0.005259446044000001,-0.005188913158618128,-0.0051800846074133875,0.6959606850375054,0.7204889449066856,0.0010195866840958978,0.0015425939924482177,0.12091848513093154
44,-0.002,-0.002105333756,-0.002374936681,-0.0022401352185,-0.002187303644628885,-0.002180690754022994,0.6959606850375054,0.7204889449066856,0.0010195866840958978,0.0015425939924482177,0.12091848513093154
44,-0.001,-0.001087671993,-0.001330483743,-0.001209077868,-0.0011614963111348446,-0.001155540561431554,0.6959606850375054,0.7204889449066856,0.0010195866840958978,0.0015425939924482177,0.12091848513093154
44,-0.0005,-0.0005760993886,-0.0008066783543,-0.00069138887145,-0.0006462044593761884,-0.0006405487585851322,0.6959606850375054,0.7204889449066856,0.0010195866840958978,0.0015425939924482177,0.12091848513093154
44,-0.0002,-0.0002717236293,-0.0004928022047,-0.000382262917,-0.0003389402079175002,-0.00033351753516858086,0.6959606850375054,0.7204889449066856,0.0010195866840958978,0.0015425939924482177,0.12091848513093154
44,-0.0001,-0.0001710198953,-0.0003870712859,-0.0002790455906,-0.00023670801209471832,-0.0002314086474409838,0.6959606850375054,0.7204889449066856,0.0010195866840958978,0.0015425939924482177,0.12091848513093154
44,0.0,-7.023835613e-05,-0.0002812064327,-0.00017572239441500002,-0.0001343809456092979,-0.00012920626580308786,0.6959606850375054,0.7204889449066856,0.0010195866840958978,0.0015425939924482177,0.12091848513093154
44,0.0001,3.037646743e-05,-0.000176514859,-7.3069195785e-05,-3.252662972945904e-05,-2.7451945510104637e-05,0.6959606850375054,0.7204889449066856,0.0010195866840958978,0.0015425939924482177,0.12091848513093154
44,0.0002,0.0001310242366,-7.222974976e-05,2.9397243419999994e-05,6.922703382370938e-05,7.421250042059425e-05,0.6959606850375054,0.7204889449066856,0.0010195866840958978,0.0015425939924482177,0.12091848513093154
44,0.0005,0.0004328377888,0.00024261705,0.0003377274194,0.0003750032056835884,0.00037966898939738227,0.6959606850375054,0.7204889449066856,0.0010195866840958978,0.0015425939924482177,0.12091848513093154
44,0.001,0.0009355153311,0.000765084919,0.00085030012505,0.0008836977853563403,0.0008878781467939406,0.6959606850375054,0.7204889449066856,0.0010195866840958978,0.0015425939924482177,0.12091848513093154
44,0.002,0.001936803564,0.001805670246,0.001871236905,0.001896933879826521,0.0019001503519279332,0.6959606850375054,0.7204889449066856,0.0010195866840958978,0.0015425939924482177,0.12091848513093154
44,0.005,0.004908621054,0.004876116018,0.004892368536,0.004898738245121728,0.004899535537091794,0.6959606850375054,0.7204889449066856,0.0010195866840958978,0.0015425939924482177,0.12091848513093154
44,0.01,0.009820891508,0.009910646263,0.0098657688855,0.009848180482224826,0.009845978954269693,0.6959606850375054,0.7204889449066856,0.0010195866840958978,0.0015425939924482177,0.12091848513093154
