burst_id,utc_time,n_drops,loo_burst_signal_ncc,loo_burst_noise_ncc,loo_burst_delay_s,loo_burst_least_squares_gain_after_rms_normalization,burst_signal_rms,burst_relative_amplitude,hours,cumulative_drops,delay_ms,delay_source_corrected_ms,moon_potential_m2s2,moon_ra_deg,moon_dec_deg,moon_distance_m,sun_potential_m2s2,sun_ra_deg,sun_dec_deg,sun_distance_m,total_potential_m2s2,radial_tide_accel_nm_s2
0,2026-06-16 23:48:41.465249792+00:00,20,0.9556484572104108,0.5119601764969451,0.0003311611785092,0.9828993829918498,0.0074706624098117,0.8027840282079866,0.0,0,0.3311611785092,0.2294684513428466,2.861544316409774,113.95843223887024,25.08420741470575,366111662.4200467,0.23808065477151683,87.02580586988856,23.407687479654726,151996256762.71448,3.0996249711812904,973.0418996017236
1,2026-06-17 00:17:33.311500032+00:00,20,0.9699432819272108,0.1906810089877728,-0.0004374651828387,0.9978781833672656,0.0076751614551229,0.8247591300602696,0.48106840284444446,20,-0.4374651828387,-0.5456750366007299,2.3679261155484466,114.27052502774411,25.01773460144767,366162492.16750354,0.010427618780614606,87.04665327738157,23.40808097967477,151996495689.61,2.3783537343290613,746.6186577708559
2,2026-06-17 00:47:40.707749888+00:00,20,0.9959174068443248,0.3759327397699647,2.690624166382622e-05,1.0251632972372382,0.0080854878498674,0.868852070951345,0.9831229166933334,40,0.02690624166382622,-0.10486153126252032,1.789893627436867,114.59577847629289,24.94768727602338,366215979.1806447,-0.20936307051435538,87.06841019379003,23.40848869530598,151996744744.65677,1.5805305569225117,496.1640423552069
3,2026-06-17 01:17:38.280000+00:00,20,0.950096876119867,0.3514431435908368,-0.0002365281125696,0.9770124771447212,0.0075514036151829,0.8114603338064159,1.4824485417244444,60,-0.2365281125696,-0.3136644596581122,1.1789129906078386,114.91880152872902,24.877340945666344,366269619.5038745,-0.4000106495981705,87.09004891314945,23.408891205884814,151996992147.3115,0.778902341009668,244.51493988688372
4,2026-06-17 01:47:33.977499904+00:00,21,0.9450241185025492,0.3846470911197819,-8.170161816822308e-05,0.971757926012944,0.0083919962625235,0.901788917069372,1.981253402808889,81,-0.08170161816822308,-0.21749766673395804,0.5615538928817756,115.24102473363503,24.806394948128517,366323644.4298651,-0.5547540355507852,87.11166512615196,23.409290320517037,151997238994.538,0.006799857330990422,2.134627948827632
5,2026-06-17 02:17:37.279499776+00:00,20,0.9391900199548838,0.3935854474735838,0.0005108057745065,0.967134010276821,0.0090004682590547,0.9671742301288334,2.4821706249955553,101,0.5108057745065,0.33504699902017987,-0.036954109569176774,115.56414443305444,24.734475385407112,366378339.64807445,-0.668924618960879,87.13337294034274,23.40968813175093,151997486587.945,-0.7058787285300557,-221.59118773506694
6,2026-06-17 02:48:19.282500096+00:00,19,0.9697759582877492,0.3917552245405774,0.0004403759176693,0.9977279776885022,0.0098486978615204,1.0583234669379196,2.9938381250844444,120,0.4403759176693,0.2042837949976252,-0.5986283807518311,115.89371197651234,24.660319952398638,366434663.7834594,-0.7403606863701516,87.15554669165014,23.410091383276228,151997739185.44598,-1.3389890671219828,-420.33874340668115
7,2026-06-17 03:18:14.223249920+00:00,20,0.9721291800520232,0.1807135701816075,0.0005445770611739,1.0024357407748865,0.0091873599724386,0.9872572795665898,3.4924327778133333,140,0.5445770611739,0.3736519084946939,-1.0746784574064485,116.21438377075629,24.587389930259725,366489989.6567906,-0.7665866255138103,87.17715397341141,23.410481320721367,151997985028.22086,-1.8412650829202588,-578.0144664637447
8,2026-06-17 03:48:04.228999936+00:00,21,0.9890795752459424,0.4124176493081096,0.0004003437485128,1.0179872204786216,0.0086382381853923,0.9282496339255752,3.9896565972622224,161,0.4003437485128,0.28581569060446504,-1.4617218027121115,116.53370436448594,24.51400644702005,366545595.0786528,-0.7534429154939848,87.19870190572576,23.410867226050172,151998229899.18878,-2.215164718206096,-695.3899601965455
9,2026-06-17 04:18:48.933499904+00:00,19,0.9662456528633016,0.5933732229471234,0.0003089254724185,0.994022312768416,0.0091324204129841,0.9813535727160532,4.50207451392,180,0.3089254724185,0.16337624518314134,-1.7566467031266144,116.86228987842075,24.43770127318713,366603348.9861704,-0.7049619934179577,87.22090835498867,23.411261830938546,151998481943.68692,-2.4616086965445723,-772.7542604126737
10,2026-06-17 04:47:58.788750080+00:00,20,0.952224229597454,0.3433271992525157,0.0002471892866335,0.9793020727555044,0.0097754634279137,1.050453825614398,4.988145416746667,200,0.2471892866335,0.058815139697851376,-1.9336017964133205,117.17351618263775,24.364686073682087,366658553.2396947,-0.6338390422362411,87.24197306835357,23.41163324492866,151998720738.71365,-2.5674408386495617,-805.9773469312704
11,2026-06-17 05:18:47.209500160+00:00,20,0.9666323543939166,0.341852892755999,0.0004753214850462,0.9944294357256764,0.0096217843482468,1.0339397464258828,5.501595625102222,220,0.4753214850462,0.31008438112441095,-2.012950708644568,117.50178015193762,24.28689237766942,366717309.2830334,-0.5417416138502659,87.26422436711636,23.412022511727738,151998972677.76608,-2.5546923224948337,-801.975301363941
12,2026-06-17 05:48:49.050749952+00:00,20,0.9894204812579545,0.1577726177657137,0.0003159542974622,1.0183451560080847,0.0088832358688517,0.9545766470390104,6.002107083377777,240,0.3159542974622,0.22227655821343967,-1.9914483169921016,117.8212824944163,24.210404753803218,366775020.3209916,-0.44530910226893833,87.2859149962496,23.41239893508718,151999217964.6559,-2.4367574192610397,-764.9528862850541
13,2026-06-17 06:19:03.282749952+00:00,20,0.9935849584151168,0.4368796547670094,-4.006903278811388e-05,1.0227180710644237,0.0090361208787551,0.971005396910193,6.506060416711111,260,-0.04006903278811388,-0.13599068579938525,-1.884570746209359,118.14249181963821,24.132742579534522,366833560.99243647,-0.351721839064596,87.30775483949178,23.41277492064972,151999464635.66797,-2.2362925852739552,-702.0224722253822
14,2026-06-17 06:49:19.073750016+00:00,20,0.9971215458706022,0.1562733713216469,0.000174188947046,1.026431985391911,0.0091006954281138,0.9779444625525924,7.010446805617778,280,0.174188947046,0.08333475188501176,-1.7101130833228597,118.46348287817966,24.054366112885678,366892585.031443,-0.27088220336135305,87.32961350304903,23.413148188620085,151999711214.54297,-1.9809952866842129,-621.8789159266089
15,2026-06-17 07:19:20.710749952+00:00,20,0.9381301363189865,0.3828101283862432,8.578563337154589e-05,0.9643631662736888,0.0094140426511834,1.0116161950127878,7.510901527822222,300,0.08578563337154589,-0.020597412161197676,-1.491613413326314,118.78148136116391,23.975964345663634,366951575.4357638,-0.21105415957122034,87.35130183124525,23.413515540438443,151999955570.63516,-1.7026675728975342,-534.5055950078588
16,2026-06-17 07:49:52.553499904+00:00,21,0.9952477103967052,0.264864089915405,-4.55534350137857e-05,1.0244622229925011,0.0092074294349512,0.9894139081325694,8.019746736142222,321,-0.0455534350137857,-0.12389624663158584,-1.2468667827697042,119.10430869304432,23.895602491611704,367011988.58705515,-0.17679678112963484,87.37335383121729,23.41388598060439,152000203716.38516,-1.4236635638993391,-446.919969831844
17,2026-06-17 08:19:29.566749952+00:00,20,0.9317330388604778,0.334118545341605,0.000530065770265,0.9601331970319814,0.0086044989300161,0.9246240738542066,8.513361527822221,341,0.530065770265,0.5120542830344504,-1.0106975849989992,119.41698753199505,23.817027900540026,367071009.6614174,-0.17224758311487376,87.39474583461644,23.414242374496695,152000444138.84543,-1.182945168113873,-371.3530585822863
18,2026-06-17 08:49:58.411000064+00:00,20,0.9880343191515316,0.1744932872391414,-5.733079830591746e-05,1.0168881545374742,0.0098844680989084,1.0621672727057403,9.021373819519999,361,-0.05733079830591746,-0.17089939316563796,-0.7913366608514689,119.73828526345112,23.735530043820894,367132178.3842504,-0.19749370124613796,87.41676183804664,23.414606121186246,152000691269.45312,-0.9888303620976069,-310.41606093159845
19,2026-06-17 09:19:51.662249984+00:00,20,0.9944597229646328,0.5831844592964173,4.241146790384161e-05,1.023633279253204,0.0093059430024886,1.0,9.51949916672,381,0.042411467903841614,-0.012846367402248503,-0.6186660246746831,120.05283482183411,23.655000404983845,367192574.61308074,-0.2494331883607155,87.43834941379025,23.41495979206515,152000933290.58887,-0.8680992130353986,-272.51584148026956
20,2026-06-17 09:49:45.840249856+00:00,20,0.9727722229463142,0.0726683175720641,0.0001224747924531,1.000871569081705,0.0093899458050383,1.0090267910008883,10.017881944462221,401,0.12247479245309999,0.07067591722714546,-0.5028280637563624,120.36705495765888,23.57382088928929,367253414.4699376,-0.3235372515608833,87.45994819218673,23.415310676253426,152001175139.67023,-0.8263653153172457,-259.41463359511715
21,2026-06-17 10:20:21.592249856+00:00,20,0.9782727616327136,0.4343478384800477,-1.929671103888033e-05,1.0066000392932235,0.0097176826360592,1.044244805009071,10.527813055573333,421,-0.01929671103888033,-0.08781577648971128,-0.45335499416114505,120.68804536681355,23.490134780369132,367316089.2104721,-0.415032122533497,87.48204749613569,23.415666616688817,152001422285.13947,-0.8683871166946421,-272.6062209055539
22,2026-06-17 10:50:11.489999872+00:00,20,0.874540843802026,0.184761880339811,-0.0001542250144701,0.8980187075382647,0.0086507505495219,0.9295941902081856,11.025006875022223,441,-0.1542250144701,-0.1239972838999342,-0.4764039537780131,121.00051929785965,23.407933922336007,367377610.6461758,-0.5107746422179075,87.50359483892048,23.416010672273128,152001662957.6661,-0.9871785959959205,-309.8975344517095
23,2026-06-17 11:20:13.540499968+00:00,19,0.9976136600303956,0.2158361877610912,-0.0001690498903259,1.026948942949249,0.0095561931324727,1.0268914316278517,11.525576458382222,460,-0.1690498903259,-0.20389226585755255,-0.5686717350325684,121.31461624993169,23.324575503719313,367439959.12886,-0.6039240117991524,87.52528852418776,23.416354077509375,152001904965.37775,-1.1725957468317207,-368.1041427818932
24,2026-06-17 11:51:14.308250112+00:00,20,0.9963171297881784,0.1534210878226271,-7.941569176310772e-05,1.0255837991842292,0.0095538164874289,1.026636041599864,12.042456388977778,480,-0.07941569176310771,-0.1036476074130321,-0.7281691757567468,121.63842144059181,23.237874118244612,367504768.2355308,-0.686038995114821,87.5476891131376,23.41670552758068,152002154543.82074,-1.414208170871568,-443.9517095814057
25,2026-06-17 12:20:28.889750016+00:00,20,0.9804269025830846,0.297734648443686,0.0002142063959849,1.0088949925782615,0.009318493063064,1.0013486070752928,12.52984013895111,500,0.2142063959849,0.21987099601479426,-0.9252164701767924,121.94325764324708,23.155541026768653,367566276.51672035,-0.7409561784379689,87.56881143467871,23.4170339951494,152002389586.88638,-1.6661726486147614,-523.0490185574514
26,2026-06-17 12:50:05.915500032+00:00,19,0.9534888656675892,0.3250043034192458,-0.0005340813946359,0.97950694078302,0.0102162348376714,1.0978183333961238,13.023458402844444,519,-0.5340813946359,-0.592849337828294,-1.153708432667598,122.2515067465139,23.07158549984135,367628963.14455944,-0.7661573160665068,87.59020398931825,23.417363768901794,152002627346.71,-1.9198657487341046,-602.6889809242206
27,2026-06-17 13:20:09.314249984+00:00,20,0.9688468132609986,0.2115564792592414,0.0001616903798358,0.9967534794071092,0.0099663902683802,1.0709704825953694,13.524402500053334,539,0.1616903798358,0.13402118234381982,-1.3946101202473367,122.56382910890785,22.985802350777032,367692981.13795066,-0.7539317383741186,87.61191407293983,23.417695457713425,152002868336.87894,-2.1485418586214555,-674.4755481467447
28,2026-06-17 13:47:46.489999872+00:00,20,0.9595427995359492,0.5167773578109875,-0.0001402201273432,0.9868938299216026,0.0096191304527132,1.0336545635558718,13.984729097244445,559,-0.14022012734320002,-0.12872540698401222,-1.6043651533906553,122.85038161552228,22.906461615446002,367752163.0138186,-0.7054083926767694,87.63186389697131,23.417997606592174,152003089522.17642,-2.309773546067425,-725.089796285489
29,2026-06-17 14:18:16.698749952+00:00,20,0.9977295075626772,0.216040373609971,-0.0001624821611859,1.027070693817408,0.0093440616634787,1.00409616317013,14.493120416711111,579,-0.1624821611859,-0.11780033951688587,-1.8007399846645764,123.1663569512227,22.818269540610803,367817917.16699934,-0.608715888285664,87.65389680768637,23.4183283592339,152003333507.51065,-2.4094558729502404,-756.38231767391
30,2026-06-17 14:47:30.119750144+00:00,20,0.9333795145299424,0.5014780687291499,-8.35438309700353e-05,0.9595483159547896,0.0090504236218702,0.97254234411815,14.980181805653334,599,-0.0835438309700353,-0.004137528343974517,-1.9335057945973801,123.46858492673371,22.733223287173526,367881297.5339959,-0.47477284340107184,87.67500534817657,23.41864233564269,152003566965.9211,-2.408278637998452,-756.0127571804904
31,2026-06-17 15:17:47.326000128+00:00,20,0.9672214309106092,0.1553311476003058,-0.0004786513190954,0.9950423667160998,0.0091879527900231,0.9873209826845142,15.48496131953778,619,-0.4786513190954,-0.4002175942567839,-1.9947019393030196,123.78130014631057,22.644514970534033,367947379.1744761,-0.29737521817882256,87.69688180430185,23.41896473990764,152003808617.1567,-2.292077157481842,-719.534502427199
32,2026-06-17 15:48:34.485749760+00:00,20,0.906262063591972,0.2191936012432687,-0.0001733834434199,0.9310309105915976,0.0086907220302489,0.9338894540751886,15.99806124999111,639,-0.1733834434199,-0.04336945393805797,-1.9614790661071195,124.09864025874569,22.55375597690244,368014960.7942469,-0.08395776880241525,87.71911889305314,23.419289335306633,152004053938.7779,-2.045436834909535,-642.1085653459535
33,2026-06-17 16:17:33.060999936+00:00,20,0.9819426455339486,0.4411179245753764,-0.0003286800871766,1.010458734877209,0.008510726840473,0.9145474927363164,16.480998819484444,659,-0.3286800871766,-0.17335029964753823,-1.832934171451579,124.39683726362479,22.4677942023719,368078946.123412,0.1385648052066603,87.74004881806499,23.419591973013098,152004284551.14346,-1.6943693662449186,-531.9006015523211
34,2026-06-17 16:48:42.922500096+00:00,21,0.9817162123726912,0.3108909075904461,-0.0003760340421797,1.01025479753754,0.009738507031385,1.0464825573056649,17.000404791751112,680,-0.37603404217970005,-0.3114198643117233,-1.5856307159920693,124.71702305385344,22.374763198849937,368148168.6663734,0.38973703405523125,87.76255927518001,23.41991435069151,152004532266.026,-1.195893681936838,-375.4178879098534
35,2026-06-17 17:18:03.848750080+00:00,20,0.9920771362916844,0.2932308504724114,8.017871386872106e-05,1.021133805659253,0.0088687735407954,0.9530225511185336,17.489550972302222,700,0.08017871386872105,0.22721328420819523,-1.2523124049051306,125.01805340373724,22.28660847452052,368213740.7113491,0.6255652663207258,87.78375834042609,23.420214997001718,152004765253.86182,-0.6267471385844048,-196.75000426444979
36,2026-06-17 17:49:13.464000+00:00,21,0.953178168556856,0.0747738618667222,-0.0002917173359867,0.980321573353136,0.0101161250687934,1.0870607165859634,18.008888541724442,721,-0.29171733598669997,-0.23701871923486734,-0.8020006464339622,125.33713085051176,22.192439962554506,368283763.8463542,0.8617980734490378,87.80626590243008,23.420531067956443,152005012308.52008,0.05979742701507562,18.77175545913534
37,2026-06-17 18:17:44.589499904+00:00,20,0.9560089176596273,0.1305248680483815,-9.475076275030524e-05,0.9832738562087184,0.009156987491847,0.9839935070952196,18.484201180586666,741,-0.09475076275030525,0.049770161206852404,-0.31752248290914603,125.62867794178138,22.105741218707692,368348213.71874213,1.0538603741184513,87.82686549825516,23.420817517910926,152005238136.73416,0.7363378912093053,231.153003047969
38,2026-06-17 18:47:38.760000+00:00,20,0.991809388143341,0.395760133166383,-0.0003309769631252,1.020852103473457,0.0098047261702603,1.053598347597694,18.98258187505778,761,-0.33097696312520003,-0.22966972074870523,0.24441874861961618,125.93387973479699,22.014312210595634,368416161.8936883,1.2198369216794853,87.84846487110482,23.421114967937456,152005474634.1188,1.4642556702991014,459.66274377620516
39,2026-06-17 19:17:57.484999936+00:00,23,0.9757433296927794,0.3182787265730163,-0.000311681256098,1.003941205869591,0.0100764729264217,1.082799768247776,19.48778326392889,784,-0.311681256098,-0.22089663742825794,0.8452001723023389,126.24274124715372,21.921090109218753,368485425.02208406,1.341962531431534,87.87035987733069,23.421413456716884,152005714064.2779,2.187162703733873,686.5994988962087
40,2026-06-17 19:48:20.408000+00:00,21,0.9813273002445952,0.1621141700648629,-0.0001767275730155,1.009804691835389,0.0103356242810085,1.1106477095598513,19.994150763946667,805,-0.1767275730155,-0.09646415290808794,1.449977526433927,126.55179296586888,21.82710973032846,368555234.9885051,1.4108680230465747,87.89230545159766,23.421709571193947,152005953740.07584,2.8608455494805014,898.0836758689378
41,2026-06-17 20:18:14.292000+00:00,20,0.983683060905248,0.3643222891909224,-0.0001889191258392,1.012224994811555,0.0103058584516975,1.107449126750664,20.492451875057778,825,-0.18891912583919998,-0.09577764920167141,2.0182763375691977,126.85541049940639,21.73409984231292,368624309.09862924,1.4225506104924213,87.91390146307747,23.421997974651738,152006189297.76807,3.440826948061619,1080.1528639339565
42,2026-06-17 20:48:01.580999936+00:00,21,0.9923245759765744,0.2097782418751885,-0.0001203332626325,1.0213858093587722,0.0090823265886312,0.9759705798974236,20.988921041706668,846,-0.12033326263250001,0.08504085367943078,2.529709081675512,127.15740760291646,21.640916508735916,368693498.43668634,1.378159907286083,87.9354181060715,23.422282364252883,152006423693.38757,3.907868988961595,1226.7678508747747
43,2026-06-17 21:18:09.107749888+00:00,20,0.9916778051599144,0.1150778720888629,-0.0001170965207614,1.020715137669339,0.0092408184680825,0.9930018339475418,21.49101180558222,866,-0.11709652076140001,0.08556947962446726,2.9649336743055534,127.46231236513167,21.54615900536648,368763843.9948332,1.278891159333423,87.95717841171091,23.422566975620096,152006660442.5134,4.243824833638977,1332.2319364743296
44,2026-06-17 21:47:08.260000+00:00,20,0.9622791768902595,0.4042580481224631,9.11059914076222e-05,0.9898646772147058,0.0099824731040261,1.0726987153646457,21.97410965283556,886,0.09110599140762221,0.24278285007322192,3.2846110923314407,127.75519737184553,21.45449715168475,368831880.5376859,1.1369151110466376,87.9781156003877,23.42283797441972,152006887950.60336,4.421526203378078,1388.0163878129267
45,2026-06-17 22:17:50.136750080+00:00,20,0.9751860024544062,0.482912840108227,-0.0001069642664328,1.0034017892632558,0.009843506143878,1.0577655742406322,22.48574208341333,906,-0.1069642664328,0.0666315941182322,3.499515227981797,128.06486233577473,21.3569027538063,368904310.0665639,0.9451297701708047,88.00028948664631,23.423121936256884,152007128591.46533,4.444644998152602,1395.2738967674154
46,2026-06-17 22:47:53.889249792+00:00,22,0.99164164640074,0.4355218764829683,-4.754213773544856e-05,1.0206751154218097,0.0086458798021913,0.9290707884068476,22.986784444444446,928,-0.04754213773544856,0.236662285460347,3.5753647686977135,128.367599823957,21.260815748344864,368975611.57777625,0.7264056136835751,88.02200442842364,23.42339698595296,152007363947.11145,4.301770382381289,1350.422345748325
47,2026-06-17 23:18:04.937750016+00:00,20,0.9903639521981644,0.2175261927460347,3.01972718987672e-05,1.019333699927986,0.0103453929665192,1.1116974350425937,23.489853472284445,948,0.0301972718987672,0.18410983419124818,3.51316567036033,128.67104649570783,21.163833930716798,369047568.9509889,0.4880168366690895,88.04380722840472,23.423670127142266,152007599951.79144,4.001182507029419,1256.0610601253866
48,2026-06-17 23:46:01.412000+00:00,20,0.9920038496589028,0.5200278477165581,0.0002457575331374,1.0210516491349424,0.0100272691404706,1.0775124173648003,23.955540763946665,968,0.24575753313739998,0.43642179567859607,3.3345816809866236,128.9514847617938,21.073610216579716,369114505.73229295,0.26160606808635606,88.06398993898195,23.42392027379747,152007818148.98175,3.5961877490729797,1128.924108954004
