band_low_hz,band_high_hz,canonical_burst_index,n_common_drops,positive_slowness_ms_per_m,positive_t0_s,positive_semblance,negative_slowness_ms_per_m,negative_t0_s,negative_semblance,direction_margin
15.0,25.0,0,18,0.3076923076923077,-0.092,0.2846399247646332,-0.5,-0.031999999999999945,0.09972791373729706,0.18491201102733612
15.0,25.0,1,17,0.26666666666666666,-0.05199999999999996,0.06327931582927704,-0.625,0.048000000000000126,0.08545046299695969,-0.022171147167682648
15.0,25.0,2,18,0.3076923076923077,-0.092,0.262407511472702,-0.38461538461538464,-0.007999999999999924,0.10326949506998062,0.1591380164027214
15.0,25.0,3,18,0.3076923076923077,-0.092,0.26350724697113037,-0.38461538461538464,-0.007999999999999924,0.10456477850675583,0.15894246846437454
15.0,25.0,4,19,0.4166666666666667,0.18000000000000024,0.04473695904016495,-0.6666666666666666,0.08400000000000016,0.07862978428602219,-0.03389282524585724
15.0,25.0,5,19,0.2985074626865672,-0.092,0.1144002228975296,-0.32786885245901637,-0.007999999999999924,0.11146065592765808,0.002939566969871521
15.0,25.0,6,17,0.3333333333333333,-0.092,0.06032661348581314,-0.45454545454545453,0.048000000000000126,0.09706839174032211,-0.03674177825450897
15.0,25.0,7,19,0.3076923076923077,-0.055999999999999966,0.07067178934812546,-0.3636363636363636,0.04400000000000012,0.09778744727373123,-0.027115657925605774
15.0,25.0,8,19,0.3076923076923077,-0.092,0.2489563673734665,-0.38461538461538464,-0.03599999999999995,0.10128296166658401,0.14767340570688248
15.0,25.0,9,18,0.3125,-0.092,0.2363988608121872,-0.5,-0.1,0.09938552230596542,0.13701333850622177
15.0,25.0,10,18,0.2061855670103093,0.17200000000000024,0.05469193682074547,-0.30303030303030304,0.21200000000000027,0.054233718663454056,0.00045821815729141235
15.0,25.0,11,18,0.23809523809523808,-0.07999999999999999,0.12548762559890747,-0.21978021978021978,-0.011999999999999927,0.1006188914179802,0.024868734180927277
15.0,25.0,12,18,0.3125,-0.088,0.13724704086780548,-0.6451612903225806,-0.031999999999999945,0.10536012053489685,0.03188692033290863
15.0,25.0,13,20,0.30303030303030304,-0.092,0.23231016099452972,-0.6666666666666666,-0.02799999999999994,0.10315689444541931,0.1291532665491104
15.0,25.0,14,20,0.3076923076923077,-0.092,0.27053582668304443,-0.38461538461538464,-0.03599999999999995,0.10222946852445602,0.1683063581585884
15.0,25.0,15,19,0.3076923076923077,-0.092,0.2520129084587097,-0.38461538461538464,-0.03599999999999995,0.09995828568935394,0.15205462276935577
15.0,25.0,16,20,0.33898305084745767,0.20800000000000027,0.051726680248975754,-0.45454545454545453,0.07200000000000015,0.07160910964012146,-0.019882429391145706
15.0,25.0,17,20,0.2898550724637681,-0.05999999999999997,0.05666667968034744,-0.4347826086956522,0.04400000000000012,0.09329112619161606,-0.036624446511268616
15.0,25.0,18,18,0.3125,-0.092,0.1935940831899643,-0.38461538461538464,-0.007999999999999924,0.10640022158622742,0.08719386160373688
15.0,25.0,19,18,0.35714285714285715,0.19600000000000026,0.048586998134851456,-0.5,0.048000000000000126,0.09496162086725235,-0.046374622732400894
15.0,25.0,20,19,0.30303030303030304,-0.05999999999999997,0.09730800986289978,-0.47619047619047616,0.016000000000000097,0.09518304467201233,0.002124965190887451
15.0,25.0,21,19,0.22727272727272727,-0.04799999999999996,0.06495416164398193,-0.47619047619047616,0.0200000000000001,0.10681861639022827,-0.04186445474624634
15.0,25.0,22,18,0.3125,-0.096,0.18240417540073395,-0.32786885245901637,0.016000000000000097,0.09658350795507431,0.08582066744565964
15.0,25.0,23,18,0.3125,-0.096,0.20778803527355194,-0.31746031746031744,-0.011999999999999927,0.1092706099152565,0.09851742535829544
15.0,25.0,24,20,0.2702702702702703,-0.08399999999999999,0.15466126799583435,-0.4166666666666667,0.016000000000000097,0.09743882715702057,0.05722244083881378
15.0,25.0,25,20,0.24390243902439024,0.20400000000000026,0.05925365164875984,-0.45454545454545453,0.0200000000000001,0.09665754437446594,-0.0374038927257061
15.0,25.0,26,18,0.20833333333333334,0.18800000000000025,0.06644371896982193,-0.23255813953488375,0.04400000000000012,0.0752420499920845,-0.008798331022262573
15.0,25.0,27,19,0.2898550724637681,-0.055999999999999966,0.07340432703495026,-0.3636363636363636,0.09600000000000017,0.07699593901634216,-0.0035916119813919067
15.0,25.0,28,17,0.3076923076923077,-0.092,0.28901785612106323,-0.33898305084745767,-0.011999999999999927,0.11071264743804932,0.17830520868301392
15.0,25.0,29,18,0.30303030303030304,-0.092,0.2732284963130951,-0.38461538461538464,-0.03599999999999995,0.10031850636005402,0.17290998995304108
15.0,25.0,30,19,0.273972602739726,-0.096,0.05426020920276642,-0.6451612903225806,0.04400000000000012,0.10405181348323822,-0.0497916042804718
15.0,25.0,31,18,0.2,0.21600000000000028,0.058110032230615616,-0.5555555555555556,0.04400000000000012,0.08758857846260071,-0.029478546231985092
15.0,25.0,32,19,0.4,0.20800000000000027,0.06487290561199188,-0.38461538461538464,0.04000000000000012,0.07401514798402786,-0.00914224237203598
15.0,25.0,33,19,0.2985074626865672,-0.088,0.1404866725206375,-0.5,-0.007999999999999924,0.10804934799671173,0.03243732452392578
15.0,25.0,34,21,0.3076923076923077,-0.092,0.20064428448677063,-0.45454545454545453,-0.1,0.10337480157613754,0.09726948291063309
15.0,25.0,35,17,0.2985074626865672,-0.088,0.25728094577789307,-0.38461538461538464,-0.011999999999999927,0.09754584729671478,0.15973509848117828
15.0,25.0,36,19,0.2777777777777778,-0.07999999999999999,0.05162414163351059,-0.5,0.0200000000000001,0.07115877419710159,-0.019534632563591003
15.0,25.0,37,18,0.2898550724637681,0.19200000000000025,0.05181485787034035,-0.6666666666666666,0.10800000000000018,0.08138874918222427,-0.029573891311883926
15.0,25.0,38,19,0.3076923076923077,-0.092,0.2702418267726898,-0.2597402597402597,-0.03999999999999995,0.10272952169179916,0.16751230508089066
15.0,25.0,39,22,0.5555555555555556,0.18400000000000025,0.04374535754323006,-0.5405405405405406,0.048000000000000126,0.08251756429672241,-0.038772206753492355
15.0,25.0,40,18,0.22222222222222224,-0.07999999999999999,0.06346700340509415,-0.31746031746031744,0.04400000000000012,0.09176614135503769,-0.028299137949943542
15.0,25.0,41,18,0.5128205128205128,0.2360000000000003,0.04696919769048691,-0.588235294117647,0.05600000000000013,0.09910506010055542,-0.05213586241006851
15.0,25.0,42,19,0.30303030303030304,-0.092,0.2670981287956238,-0.20202020202020202,-0.03999999999999995,0.1007097065448761,0.16638842225074768
15.0,25.0,43,19,0.30303030303030304,-0.092,0.24203914403915405,-0.28571428571428575,-0.03999999999999995,0.10228413343429565,0.1397550106048584
15.0,25.0,44,18,0.30303030303030304,-0.088,0.10101567953824997,-0.5555555555555556,-0.007999999999999924,0.1029747873544693,-0.00195910781621933
15.0,25.0,45,19,0.22988505747126436,-0.05199999999999996,0.06097536161541939,-0.3448275862068965,0.07600000000000015,0.09748145192861557,-0.03650609031319618
25.0,35.0,0,18,0.3448275862068965,-0.1,0.43802881240844727,-0.45454545454545453,-0.043999999999999956,0.05783703923225403,0.38019177317619324
25.0,35.0,1,17,0.31746031746031744,-0.092,0.06866335868835449,-0.4651162790697675,0.05200000000000013,0.04075821116566658,0.027905147522687912
25.0,35.0,2,18,0.3448275862068965,-0.1,0.4304274320602417,-0.625,-0.07599999999999998,0.06867846846580505,0.36174896359443665
25.0,35.0,3,18,0.3448275862068965,-0.1,0.43934667110443115,-0.625,-0.096,0.07313693314790726,0.3662097379565239
25.0,35.0,4,19,0.588235294117647,0.17600000000000024,0.042366381734609604,-0.31746031746031744,0.26000000000000034,0.030419321730732918,0.011947060003876686
25.0,35.0,5,19,0.37037037037037035,-0.096,0.1251872330904007,-0.5555555555555556,-0.043999999999999956,0.06967049092054367,0.055516742169857025
25.0,35.0,6,17,0.6060606060606061,0.1320000000000002,0.06176454946398735,-0.5,0.03200000000000011,0.033595409244298935,0.028169140219688416
25.0,35.0,7,19,0.31746031746031744,-0.03599999999999995,0.034674402326345444,-0.588235294117647,0.016000000000000097,0.03731510043144226,-0.002640698105096817
25.0,35.0,8,19,0.3448275862068965,-0.1,0.40195000171661377,-0.588235294117647,-0.096,0.06463707983493805,0.3373129218816757
25.0,35.0,9,18,0.3508771929824561,-0.1,0.3001406490802765,-0.4166666666666667,-0.043999999999999956,0.07057381421327591,0.22956683486700058
25.0,35.0,10,18,0.45454545454545453,0.16800000000000023,0.028873607516288757,-0.6451612903225806,0.036000000000000115,0.025541527196764946,0.0033320803195238113
25.0,35.0,11,18,0.32786885245901637,-0.043999999999999956,0.14554494619369507,-0.5128205128205128,0.03200000000000011,0.044205836951732635,0.10133910924196243
25.0,35.0,12,18,0.3333333333333333,-0.031999999999999945,0.07496614754199982,-0.6451612903225806,0.11600000000000019,0.04174639284610748,0.033219754695892334
25.0,35.0,13,20,0.3448275862068965,-0.1,0.30499330163002014,-0.4166666666666667,-0.02799999999999994,0.05284944549202919,0.25214385613799095
25.0,35.0,14,20,0.3448275862068965,-0.1,0.447443425655365,-0.625,-0.096,0.07520207017660141,0.3722413554787636
25.0,35.0,15,19,0.3448275862068965,-0.1,0.4240049421787262,-0.5405405405405406,-0.1,0.07121721655130386,0.35278772562742233
25.0,35.0,16,20,0.47619047619047616,0.00800000000000009,0.06382791697978973,-0.6451612903225806,0.14800000000000021,0.026605810970067978,0.037222106009721756
25.0,35.0,17,20,0.3448275862068965,-0.031999999999999945,0.04771501570940018,-0.4166666666666667,0.012000000000000094,0.024014191702008247,0.02370082400739193
25.0,35.0,18,18,0.3448275862068965,-0.1,0.3006754517555237,-0.5714285714285715,-0.1,0.07687904685735703,0.22379640489816666
25.0,35.0,19,18,0.33898305084745767,-0.1,0.06049521639943123,-0.5128205128205128,8.326672684688674e-17,0.04260251671075821,0.01789269968867302
25.0,35.0,20,19,0.6666666666666666,0.048000000000000126,0.07148763537406921,-0.588235294117647,-0.043999999999999956,0.038582075387239456,0.03290555998682976
25.0,35.0,21,19,0.5714285714285715,0.18000000000000024,0.06043866276741028,-0.625,-0.02799999999999994,0.03512992709875107,0.02530873566865921
25.0,35.0,22,18,0.32786885245901637,-0.05199999999999996,0.09960570186376572,-0.588235294117647,-0.019999999999999934,0.04550260677933693,0.05410309508442879
25.0,35.0,23,18,0.33898305084745767,-0.1,0.14051182568073273,-0.6666666666666666,-0.07599999999999998,0.060188211500644684,0.08032361418008804
25.0,35.0,24,20,0.33898305084745767,-0.1,0.14261123538017273,-0.6060606060606061,0.05200000000000013,0.04666885733604431,0.09594237804412842
25.0,35.0,25,20,0.625,0.15200000000000022,0.04382127523422241,-0.45454545454545453,-0.007999999999999924,0.03380146250128746,0.010019812732934952
25.0,35.0,26,18,0.28571428571428575,-0.1,0.034827083349227905,-0.22727272727272727,-0.02799999999999994,0.04367831349372864,-0.008851230144500732
25.0,35.0,27,19,0.3076923076923077,-0.088,0.03470873460173607,-0.2702702702702703,0.04000000000000012,0.023939942941069603,0.010768791660666466
25.0,35.0,28,17,0.3448275862068965,-0.1,0.45171603560447693,-0.588235294117647,-0.07999999999999999,0.06455844640731812,0.3871575891971588
25.0,35.0,29,18,0.3448275862068965,-0.1,0.4784798324108124,-0.625,-0.096,0.06654322147369385,0.41193661093711853
25.0,35.0,30,19,0.5714285714285715,0.16000000000000023,0.09822994470596313,-0.6060606060606061,-0.06399999999999997,0.06396868824958801,0.03426125645637512
25.0,35.0,31,18,0.31746031746031744,-0.092,0.04481446370482445,-0.6451612903225806,0.15200000000000022,0.032976891845464706,0.011837571859359741
25.0,35.0,32,19,0.35714285714285715,-0.1,0.041566357016563416,-0.3333333333333333,0.05600000000000013,0.03317968547344208,0.008386671543121338
25.0,35.0,33,19,0.3448275862068965,-0.05999999999999997,0.08760127425193787,-0.625,-0.00399999999999992,0.04554760828614235,0.04205366596579552
25.0,35.0,34,21,0.3508771929824561,-0.06799999999999998,0.2358819991350174,-0.625,-0.07999999999999999,0.07049628347158432,0.16538571566343307
25.0,35.0,35,17,0.3448275862068965,-0.1,0.47593173384666443,-0.625,-0.07999999999999999,0.06438574194908142,0.411545991897583
25.0,35.0,36,19,0.35714285714285715,-0.1,0.08014193922281265,-0.625,-0.06399999999999997,0.04474528506398201,0.03539665415883064
25.0,35.0,37,18,0.30303030303030304,-0.043999999999999956,0.04915359616279602,-0.6451612903225806,0.3080000000000004,0.03852804750204086,0.010625548660755157
25.0,35.0,38,19,0.3448275862068965,-0.1,0.49585941433906555,-0.5263157894736842,-0.1,0.06352459639310837,0.4323348179459572
25.0,35.0,39,22,0.5263157894736842,0.18400000000000025,0.06287451833486557,-0.588235294117647,-0.007999999999999924,0.03730608895421028,0.02556842938065529
25.0,35.0,40,18,0.33898305084745767,-0.055999999999999966,0.08788106590509415,-0.2898550724637681,0.2480000000000003,0.041418325155973434,0.04646274074912071
25.0,35.0,41,18,0.5714285714285715,0.17600000000000024,0.03888269513845444,-0.2777777777777778,-0.007999999999999924,0.03265126049518585,0.006231434643268585
25.0,35.0,42,19,0.3448275862068965,-0.1,0.490447998046875,-0.5714285714285715,-0.096,0.06780263781547546,0.42264536023139954
25.0,35.0,43,19,0.3448275862068965,-0.1,0.47310173511505127,-0.625,-0.096,0.07035240530967712,0.40274932980537415
25.0,35.0,44,18,0.3448275862068965,-0.1,0.3197198808193207,-0.625,-0.04799999999999996,0.05234423279762268,0.267375648021698
25.0,35.0,45,19,0.3448275862068965,-0.06399999999999997,0.06452251225709915,-0.39215686274509803,0.3160000000000004,0.03662288561463356,0.02789962664246559
35.0,45.0,0,18,0.33898305084745767,-0.1,0.6739706993103027,-0.20833333333333334,0.3160000000000004,0.04012889415025711,0.6338418051600456
35.0,45.0,1,17,0.33898305084745767,-0.043999999999999956,0.24837836623191833,-0.28169014084507044,0.06000000000000014,0.03443409502506256,0.21394427120685577
35.0,45.0,2,18,0.33898305084745767,-0.1,0.6949713826179504,-0.625,0.28800000000000037,0.030017124488949776,0.6649542581290007
35.0,45.0,3,18,0.33898305084745767,-0.1,0.71067875623703,-0.4444444444444445,0.2960000000000004,0.03254387527704239,0.6781348809599876
35.0,45.0,4,19,0.3448275862068965,-0.06799999999999998,0.26873546838760376,-0.588235294117647,0.3120000000000004,0.031312018632888794,0.23742344975471497
35.0,45.0,5,19,0.33898305084745767,-0.07999999999999999,0.5428451895713806,-0.45454545454545453,0.05200000000000013,0.03963438794016838,0.5032108016312122
35.0,45.0,6,17,0.3448275862068965,-0.03999999999999995,0.19159571826457977,-0.425531914893617,-0.031999999999999945,0.026196829974651337,0.16539888828992844
35.0,45.0,7,19,0.3333333333333333,-0.03999999999999995,0.13768713176250458,-0.28169014084507044,-0.023999999999999938,0.034556079655885696,0.10313105210661888
35.0,45.0,8,19,0.33898305084745767,-0.1,0.6960654854774475,-0.47619047619047616,0.3200000000000004,0.033117473125457764,0.6629480123519897
35.0,45.0,9,18,0.3448275862068965,-0.1,0.6263954043388367,-0.20833333333333334,0.26400000000000035,0.0495755672454834,0.5768198370933533
35.0,45.0,10,18,0.37037037037037035,-0.07999999999999999,0.031198685988783836,-0.39215686274509803,0.05600000000000013,0.020530985668301582,0.010667700320482254
35.0,45.0,11,18,0.33898305084745767,-0.055999999999999966,0.4713340401649475,-0.32786885245901637,0.06400000000000014,0.04147777333855629,0.4298562668263912
35.0,45.0,12,18,0.33898305084745767,-0.088,0.31742942333221436,-0.3508771929824561,-0.011999999999999927,0.030057799071073532,0.2873716242611408
35.0,45.0,13,20,0.33898305084745767,-0.092,0.601152241230011,-0.28169014084507044,0.06400000000000014,0.04559347778558731,0.5555587634444237
35.0,45.0,14,20,0.33898305084745767,-0.1,0.7032339572906494,-0.28169014084507044,0.06400000000000014,0.03342554718255997,0.6698084101080894
35.0,45.0,15,19,0.33898305084745767,-0.1,0.7003870010375977,-0.3076923076923077,0.08800000000000016,0.035269174724817276,0.6651178263127804
35.0,45.0,16,20,0.3333333333333333,-0.092,0.06459084898233414,-0.5263157894736842,-0.007999999999999924,0.025361906737089157,0.03922894224524498
35.0,45.0,17,20,0.3333333333333333,-0.011999999999999927,0.11006373912096024,-0.47619047619047616,0.04400000000000012,0.02668563462793827,0.08337810449302197
35.0,45.0,18,18,0.33898305084745767,-0.092,0.6116129755973816,-0.2173913043478261,0.15200000000000022,0.04101071506738663,0.570602260529995
35.0,45.0,19,18,0.3448275862068965,-0.023999999999999938,0.08358946442604065,-0.45454545454545453,0.004000000000000087,0.03516658768057823,0.04842287674546242
35.0,45.0,20,19,0.3448275862068965,-0.03599999999999995,0.2608385384082794,-0.33898305084745767,0.06400000000000014,0.04492419213056564,0.21591434627771378
35.0,45.0,21,19,0.3333333333333333,-0.03999999999999995,0.33717820048332214,-0.38461538461538464,0.06800000000000014,0.04247967153787613,0.294698528945446
35.0,45.0,22,18,0.33898305084745767,-0.07199999999999998,0.4338250458240509,-0.45454545454545453,0.05600000000000013,0.04078901559114456,0.39303603023290634
35.0,45.0,23,18,0.33898305084745767,-0.092,0.5283821225166321,-0.4878048780487805,0.028000000000000108,0.04656984657049179,0.4818122759461403
35.0,45.0,24,20,0.33898305084745767,-0.1,0.5003395676612854,-0.33898305084745767,0.07600000000000015,0.030034104362130165,0.47030546329915524
35.0,45.0,25,20,0.3508771929824561,-0.06799999999999998,0.24503099918365479,-0.22222222222222224,0.08800000000000016,0.03716981038451195,0.20786118879914284
35.0,45.0,26,18,0.35714285714285715,-0.01599999999999993,0.08941201120615005,-0.6666666666666666,0.0200000000000001,0.03273957967758179,0.05667243152856827
35.0,45.0,27,19,0.3333333333333333,-0.07199999999999998,0.14080551266670227,-0.39215686274509803,0.06400000000000014,0.029691673815250397,0.11111383885145187
35.0,45.0,28,17,0.33898305084745767,-0.092,0.6712157130241394,-0.38461538461538464,0.05200000000000013,0.0363471694290638,0.6348685435950756
35.0,45.0,29,18,0.33898305084745767,-0.1,0.6750178337097168,-0.32786885245901637,0.07600000000000015,0.035430893301963806,0.639586940407753
35.0,45.0,30,19,0.3333333333333333,-0.092,0.33962786197662354,-0.3508771929824561,-0.011999999999999927,0.04914502426981926,0.2904828377068043
35.0,45.0,31,18,0.3448275862068965,-0.06399999999999997,0.21104301512241364,-0.35714285714285715,0.036000000000000115,0.038791071623563766,0.17225194349884987
35.0,45.0,32,19,0.3333333333333333,-0.043999999999999956,0.11316262930631638,-0.5263157894736842,0.1240000000000002,0.04053675755858421,0.07262587174773216
35.0,45.0,33,19,0.3508771929824561,-0.03999999999999995,0.3012809157371521,-0.47619047619047616,0.08000000000000015,0.034658897668123245,0.26662201806902885
35.0,45.0,34,21,0.33898305084745767,-0.06399999999999997,0.4229702353477478,-0.6666666666666666,-0.05999999999999997,0.04263528436422348,0.3803349509835243
35.0,45.0,35,17,0.33898305084745767,-0.1,0.7076563239097595,-0.3076923076923077,0.05200000000000013,0.031872496008872986,0.6757838279008865
35.0,45.0,36,19,0.35714285714285715,-0.00399999999999992,0.14204666018486023,-0.33898305084745767,0.06800000000000014,0.028977233916521072,0.11306942626833916
35.0,45.0,37,18,0.33898305084745767,-0.05999999999999997,0.10993135720491409,-0.6060606060606061,0.3080000000000004,0.030919725075364113,0.07901163212954998
35.0,45.0,38,19,0.33898305084745767,-0.1,0.7144665718078613,-0.4,0.06400000000000014,0.030844055116176605,0.6836225166916847
35.0,45.0,39,22,0.3508771929824561,-0.096,0.13885566592216492,-0.22222222222222224,0.016000000000000097,0.03843190521001816,0.10042376071214676
35.0,45.0,40,18,0.3508771929824561,-0.092,0.15111812949180603,-0.4347826086956522,0.048000000000000126,0.042426493018865585,0.10869163647294044
35.0,45.0,41,18,0.33898305084745767,0.012000000000000094,0.11473269015550613,-0.4347826086956522,0.05600000000000013,0.03464168310165405,0.08009100705385208
35.0,45.0,42,19,0.33898305084745767,-0.1,0.7035431861877441,-0.4444444444444445,0.3200000000000004,0.04265232011675835,0.6608908660709858
35.0,45.0,43,19,0.33898305084745767,-0.1,0.6806083917617798,-0.4347826086956522,0.09200000000000016,0.030301587656140327,0.6503068041056395
35.0,45.0,44,18,0.33898305084745767,-0.06799999999999998,0.6228674650192261,-0.47619047619047616,-0.023999999999999938,0.03566011041402817,0.5872073546051979
35.0,45.0,45,19,0.33898305084745767,-0.055999999999999966,0.16997162997722626,-0.20833333333333334,0.07600000000000015,0.04699084535241127,0.12298078462481499
45.0,60.0,0,18,0.3333333333333333,-0.092,0.6792877912521362,-0.31746031746031744,0.3200000000000004,0.06127186119556427,0.618015930056572
45.0,60.0,1,17,0.3225806451612903,-0.023999999999999938,0.1972447782754898,-0.5,0.048000000000000126,0.023637067526578903,0.1736077107489109
45.0,60.0,2,18,0.33898305084745767,-0.096,0.6903738379478455,-0.33898305084745767,0.2960000000000004,0.03862190619111061,0.6517519317567348
45.0,60.0,3,18,0.3333333333333333,-0.092,0.6961936950683594,-0.3125,0.28000000000000036,0.043531667441129684,0.6526620276272297
45.0,60.0,4,19,0.3448275862068965,-0.03599999999999995,0.1513126641511917,-0.39215686274509803,0.048000000000000126,0.03529509902000427,0.11601756513118744
45.0,60.0,5,19,0.33898305084745767,-0.092,0.5997540354728699,-0.2061855670103093,0.1280000000000002,0.021660741418600082,0.5780932940542698
45.0,60.0,6,17,0.33898305084745767,-0.08399999999999999,0.32049059867858887,-0.37037037037037035,0.06400000000000014,0.024641012772917747,0.2958495859056711
45.0,60.0,7,19,0.3333333333333333,-0.07599999999999998,0.12330964207649231,-0.39215686274509803,0.25200000000000033,0.017121048644185066,0.10618859343230724
45.0,60.0,8,19,0.33898305084745767,-0.092,0.6647711992263794,-0.5405405405405406,0.3200000000000004,0.03484448418021202,0.6299267150461674
45.0,60.0,9,18,0.33898305084745767,-0.096,0.6522278189659119,-0.588235294117647,0.3160000000000004,0.04253586754202843,0.6096919514238834
45.0,60.0,10,18,0.33898305084745767,-0.05199999999999996,0.076724573969841,-0.2597402597402597,0.06400000000000014,0.01773892715573311,0.058985646814107895
45.0,60.0,11,18,0.33898305084745767,-0.06399999999999997,0.5423318147659302,-0.47619047619047616,0.09600000000000017,0.02386450581252575,0.5184673089534044
45.0,60.0,12,18,0.33898305084745767,-0.02799999999999994,0.33617234230041504,-0.33898305084745767,0.3160000000000004,0.018626026809215546,0.3175463154911995
45.0,60.0,13,20,0.33898305084745767,-0.08399999999999999,0.6682195067405701,-0.5714285714285715,0.3200000000000004,0.023766465485095978,0.6444530412554741
45.0,60.0,14,20,0.3333333333333333,-0.092,0.682765781879425,-0.2941176470588235,0.26800000000000035,0.05232188478112221,0.6304438970983028
45.0,60.0,15,19,0.33898305084745767,-0.096,0.6752516031265259,-0.33898305084745767,0.3000000000000004,0.03943239152431488,0.635819211602211
45.0,60.0,16,20,0.3333333333333333,-0.096,0.1100943461060524,-0.2898550724637681,0.3200000000000004,0.02727743610739708,0.08281690999865532
45.0,60.0,17,20,0.3333333333333333,-0.023999999999999938,0.1739446073770523,-0.22727272727272727,0.024000000000000105,0.020738383755087852,0.15320622362196445
45.0,60.0,18,18,0.33898305084745767,-0.08399999999999999,0.6053100228309631,-0.2777777777777778,0.2360000000000003,0.03632252290844917,0.568987499922514
45.0,60.0,19,18,0.33898305084745767,-0.03599999999999995,0.26653626561164856,-0.4166666666666667,0.10400000000000018,0.02397642284631729,0.24255984276533127
45.0,60.0,20,19,0.33898305084745767,-0.05199999999999996,0.47268375754356384,-0.22988505747126436,0.04400000000000012,0.021023830398917198,0.45165992714464664
45.0,60.0,21,19,0.3508771929824561,-0.096,0.20171378552913666,-0.33898305084745767,0.06000000000000014,0.03172045573592186,0.1699933297932148
45.0,60.0,22,18,0.33898305084745767,-0.096,0.45776230096817017,-0.3125,0.10400000000000018,0.02714209258556366,0.4306202083826065
45.0,60.0,23,18,0.33898305084745767,-0.096,0.4903685748577118,-0.5,0.3200000000000004,0.02801441214978695,0.46235416270792484
45.0,60.0,24,20,0.33898305084745767,0.012000000000000094,0.26550525426864624,-0.32786885245901637,0.09200000000000016,0.030236488208174706,0.23526876606047153
45.0,60.0,25,20,0.33898305084745767,-0.055999999999999966,0.17692257463932037,-0.4347826086956522,0.036000000000000115,0.021627703681588173,0.1552948709577322
45.0,60.0,26,18,0.3448275862068965,-0.08399999999999999,0.12338007241487503,-0.5555555555555556,0.2360000000000003,0.03411778062582016,0.08926229178905487
45.0,60.0,27,19,0.33898305084745767,-0.03599999999999995,0.10006649047136307,-0.32786885245901637,0.016000000000000097,0.022559819743037224,0.07750667072832584
45.0,60.0,28,17,0.33898305084745767,-0.07599999999999998,0.6707385778427124,-0.20202020202020202,0.16000000000000023,0.03350812941789627,0.6372304484248161
45.0,60.0,29,18,0.3333333333333333,-0.092,0.6539304852485657,-0.2985074626865672,0.27200000000000035,0.049870315939188004,0.6040601693093777
45.0,60.0,30,19,0.33898305084745767,-0.07199999999999998,0.36686161160469055,-0.3508771929824561,0.3200000000000004,0.02679670974612236,0.3400649018585682
45.0,60.0,31,18,0.33898305084745767,-0.02799999999999994,0.23929738998413086,-0.28169014084507044,0.08800000000000016,0.035809628665447235,0.20348776131868362
45.0,60.0,32,19,0.33898305084745767,-0.06799999999999998,0.07820160686969757,-0.2631578947368421,0.09200000000000016,0.03384292870759964,0.04435867816209793
45.0,60.0,33,19,0.33898305084745767,-0.023999999999999938,0.33877575397491455,-0.32786885245901637,0.08400000000000016,0.026005441322922707,0.31277031265199184
45.0,60.0,34,21,0.33898305084745767,-0.07599999999999998,0.4233441948890686,-0.22727272727272727,0.1320000000000002,0.02852448634803295,0.39481970854103565
45.0,60.0,35,17,0.33898305084745767,-0.096,0.6779401898384094,-0.37037037037037035,0.2400000000000003,0.02286066859960556,0.6550795212388039
45.0,60.0,36,19,0.3225806451612903,0.004000000000000087,0.09124675393104553,-0.4166666666666667,0.04400000000000012,0.023324213922023773,0.06792254000902176
45.0,60.0,37,18,0.3333333333333333,-0.07599999999999998,0.13049297034740448,-0.3636363636363636,-0.05999999999999997,0.0353076346218586,0.09518533572554588
45.0,60.0,38,19,0.33898305084745767,-0.096,0.6897682547569275,-0.3333333333333333,0.19600000000000026,0.02079283632338047,0.668975418433547
45.0,60.0,39,22,0.3333333333333333,-0.06399999999999997,0.1922101378440857,-0.3225806451612903,-0.088,0.02757655642926693,0.16463358141481876
45.0,60.0,40,18,0.33898305084745767,-0.08399999999999999,0.3215097486972809,-0.3125,0.08400000000000016,0.02333967387676239,0.2981700748205185
45.0,60.0,41,18,0.33898305084745767,-0.04799999999999996,0.039074111729860306,-0.26666666666666666,0.024000000000000105,0.03316255658864975,0.005911555141210556
45.0,60.0,42,19,0.33898305084745767,-0.096,0.6920316815376282,-0.37037037037037035,0.3120000000000004,0.04417825862765312,0.647853422909975
45.0,60.0,43,19,0.33898305084745767,-0.096,0.6552663445472717,-0.2941176470588235,0.26000000000000034,0.04220016300678253,0.6130661815404892
45.0,60.0,44,18,0.3333333333333333,-0.02799999999999994,0.4040999412536621,-0.24390243902439024,0.25600000000000034,0.03394467011094093,0.3701552711427212
45.0,60.0,45,19,0.3333333333333333,-0.096,0.2162015587091446,-0.5,0.2960000000000004,0.030919330194592476,0.18528222851455212
60.0,80.0,0,18,0.33898305084745767,-0.07599999999999998,0.5882132053375244,-0.2105263157894737,0.27600000000000036,0.029526714235544205,0.5586864911019802
60.0,80.0,1,17,0.33898305084745767,-0.03599999999999995,0.15460431575775146,-0.25316455696202533,0.3200000000000004,0.019654789939522743,0.13494952581822872
60.0,80.0,2,18,0.33898305084745767,-0.08399999999999999,0.5991390347480774,-0.3448275862068965,0.3200000000000004,0.040293045341968536,0.5588459894061089
60.0,80.0,3,18,0.33898305084745767,-0.06799999999999998,0.6163377165794373,-0.2985074626865672,0.3080000000000004,0.031436286866664886,0.5849014297127724
60.0,80.0,4,19,0.33898305084745767,-0.031999999999999945,0.05168528109788895,-0.25,0.22800000000000029,0.023378852754831314,0.028306428343057632
60.0,80.0,5,19,0.33898305084745767,-0.04799999999999996,0.3639988303184509,-0.4347826086956522,0.16000000000000023,0.0255531445145607,0.33844568580389023
60.0,80.0,6,17,0.3333333333333333,-0.02799999999999994,0.10045827925205231,-0.3636363636363636,-0.043999999999999956,0.02368333749473095,0.07677494175732136
60.0,80.0,7,19,0.3225806451612903,-0.02799999999999994,0.10516875237226486,-0.33898305084745767,0.16400000000000023,0.023606406524777412,0.08156234584748745
60.0,80.0,8,19,0.3333333333333333,-0.092,0.5646196007728577,-0.273972602739726,0.2960000000000004,0.03844083845615387,0.5261787623167038
60.0,80.0,9,18,0.3333333333333333,-0.1,0.5224131345748901,-0.2941176470588235,0.3200000000000004,0.030602367594838142,0.491810766980052
60.0,80.0,10,18,0.3508771929824561,-0.043999999999999956,0.028365066275000572,-0.273972602739726,-0.007999999999999924,0.015158304013311863,0.01320676226168871
60.0,80.0,11,18,0.33898305084745767,-0.043999999999999956,0.34088343381881714,-0.6060606060606061,0.25200000000000033,0.02684849686920643,0.3140349369496107
60.0,80.0,12,18,0.33898305084745767,-0.1,0.1366024762392044,-0.24096385542168675,-0.019999999999999934,0.01921628974378109,0.11738618649542332
60.0,80.0,13,20,0.3333333333333333,-0.1,0.40521880984306335,-0.588235294117647,0.3200000000000004,0.0361182801425457,0.36910052970051765
60.0,80.0,14,20,0.33898305084745767,-0.05199999999999996,0.5853475332260132,-0.4878048780487805,-0.1,0.044505514204502106,0.5408420190215111
60.0,80.0,15,19,0.33898305084745767,-0.07599999999999998,0.604485273361206,-0.425531914893617,0.3120000000000004,0.056390393525362015,0.548094879835844
60.0,80.0,16,20,0.33898305084745767,-0.019999999999999934,0.07697552442550659,-0.2469135802469136,0.25600000000000034,0.020313113927841187,0.056662410497665405
60.0,80.0,17,20,0.32786885245901637,-0.1,0.02565513364970684,-0.32786885245901637,-0.055999999999999966,0.0168191809207201,0.00883595272898674
60.0,80.0,18,18,0.33898305084745767,-0.092,0.4592146575450897,-0.22222222222222224,0.3200000000000004,0.04100300744175911,0.4182116501033306
60.0,80.0,19,18,0.3333333333333333,-0.05199999999999996,0.04556084796786308,-0.38461538461538464,-0.1,0.025705058127641678,0.019855789840221405
60.0,80.0,20,19,0.33898305084745767,-0.1,0.2884971499443054,-0.2631578947368421,0.26000000000000034,0.019399123266339302,0.2690980266779661
60.0,80.0,21,19,0.3333333333333333,-0.05199999999999996,0.18542645871639252,-0.47619047619047616,0.18400000000000025,0.02530190348625183,0.16012455523014069
60.0,80.0,22,18,0.33898305084745767,-0.1,0.17950278520584106,-0.24096385542168675,0.03200000000000011,0.019323423504829407,0.16017936170101166
60.0,80.0,23,18,0.33898305084745767,-0.1,0.3540038764476776,-0.4651162790697675,0.20000000000000026,0.025706250220537186,0.3282976262271404
60.0,80.0,24,20,0.33898305084745767,-0.02799999999999994,0.2530285716056824,-0.625,0.19200000000000025,0.02195606753230095,0.23107250407338142
60.0,80.0,25,20,0.3508771929824561,-0.07199999999999998,0.03338509425520897,-0.2597402597402597,0.048000000000000126,0.0163711067289114,0.01701398752629757
60.0,80.0,26,18,0.32786885245901637,-0.023999999999999938,0.03283635899424553,-0.5555555555555556,0.27200000000000035,0.03094596415758133,0.0018903948366641998
60.0,80.0,27,19,0.3333333333333333,-0.043999999999999956,0.05764864385128021,-0.33898305084745767,-0.02799999999999994,0.016530245542526245,0.04111839830875397
60.0,80.0,28,17,0.33898305084745767,-0.07599999999999998,0.5819411277770996,-0.4651162790697675,0.2400000000000003,0.03235615789890289,0.5495849698781967
60.0,80.0,29,18,0.33898305084745767,-0.092,0.5595489740371704,-0.39215686274509803,0.2960000000000004,0.0418461449444294,0.517702829092741
60.0,80.0,30,19,0.3448275862068965,-0.1,0.060747113078832626,-0.22471910112359553,0.16000000000000023,0.026176853105425835,0.03457025997340679
60.0,80.0,31,18,0.33898305084745767,-0.031999999999999945,0.1070413812994957,-0.4651162790697675,0.19600000000000026,0.026167338714003563,0.08087404258549213
60.0,80.0,32,19,0.3333333333333333,-0.03599999999999995,0.04676983132958412,-0.5555555555555556,0.29200000000000037,0.030977560207247734,0.015792271122336388
60.0,80.0,33,19,0.33898305084745767,-0.03999999999999995,0.14498311281204224,-0.37037037037037035,0.18000000000000024,0.024557773023843765,0.12042533978819847
60.0,80.0,34,21,0.33898305084745767,-0.043999999999999956,0.4235174357891083,-0.625,-0.1,0.02875976823270321,0.39475766755640507
60.0,80.0,35,17,0.33898305084745767,-0.05999999999999997,0.5887429714202881,-0.2597402597402597,0.21600000000000028,0.04420952871441841,0.5445334427058697
60.0,80.0,36,19,0.39215686274509803,-0.04799999999999996,0.023371662944555283,-0.2777777777777778,8.326672684688674e-17,0.02511930838227272,-0.0017476454377174377
60.0,80.0,37,18,0.28571428571428575,-0.023999999999999938,0.03452932834625244,-0.40816326530612246,0.11200000000000018,0.03828611224889755,-0.003756783902645111
60.0,80.0,38,19,0.33898305084745767,-0.092,0.5819801092147827,-0.30303030303030304,0.18800000000000025,0.021074140444397926,0.5609059687703848
60.0,80.0,39,22,0.3333333333333333,-0.011999999999999927,0.039760082960128784,-0.5263157894736842,0.10400000000000018,0.02442510984838009,0.015334973111748695
60.0,80.0,40,18,0.3333333333333333,-0.1,0.17653986811637878,-0.23255813953488375,0.3200000000000004,0.02032218500971794,0.15621768310666084
60.0,80.0,41,18,0.40816326530612246,-0.055999999999999966,0.026391372084617615,-0.26666666666666666,0.016000000000000097,0.025831282138824463,0.0005600899457931519
60.0,80.0,42,19,0.33898305084745767,-0.08399999999999999,0.5857450366020203,-0.5555555555555556,0.3120000000000004,0.04906340688467026,0.53668162971735
60.0,80.0,43,19,0.33898305084745767,-0.092,0.5693124532699585,-0.3333333333333333,0.2360000000000003,0.06383175402879715,0.5054806992411613
60.0,80.0,44,18,0.33898305084745767,-0.04799999999999996,0.4520324170589447,-0.38461538461538464,0.1440000000000002,0.03684170916676521,0.4151907078921795
60.0,80.0,45,19,0.3125,-0.08399999999999999,0.03831861540675163,-0.2,0.22000000000000028,0.03197990357875824,0.006338711827993393
