burst_id,utc_time,hours_into_survey,nano_offset_s,nano_taper_weight,nano_window_ramp,deep_offset_s,deep_taper_weight,deep_window_ramp
0,2026-06-16T23:47:09.409500+00:00,0.0000,221.410,1.0000,1.0000,21.410,1.0000,1.0000
0,2026-06-16T23:47:23.100000+00:00,0.0038,235.100,1.0000,1.0000,35.100,1.0000,1.0000
0,2026-06-16T23:47:32.557000+00:00,0.0064,244.557,0.9858,0.9723,44.557,1.0000,1.0000
0,2026-06-16T23:47:41.957000+00:00,0.0090,253.957,0.8723,0.9258,53.957,0.5055,0.2635
0,2026-06-16T23:47:51.841500+00:00,0.0118,263.841,0.6584,0.8681,3.841,0.2322,3.3962
0,2026-06-16T23:48:01.759000+00:00,0.0145,273.759,0.4022,0.7871,13.759,1.0000,1.0000
0,2026-06-16T23:48:10.999000+00:00,0.0171,282.999,0.1853,0.6565,22.999,1.0000,1.0000
0,2026-06-16T23:48:20.509000+00:00,0.0197,292.509,0.0380,0.3190,32.509,1.0000,1.0000
0,2026-06-16T23:48:28.963000+00:00,0.0221,0.963,0.0006,73.3207,40.963,1.0000,1.0000
0,2026-06-16T23:48:37.465000+00:00,0.0245,9.465,0.0602,1.9002,49.465,0.9636,0.7067
0,2026-06-16T23:48:45.465500+00:00,0.0267,17.465,nan,nan,57.465,nan,nan
0,2026-06-16T23:48:54.964500+00:00,0.0293,26.965,0.4209,1.2233,6.965,0.6249,1.6601
0,2026-06-16T23:49:03.200500+00:00,0.0316,35.200,0.6345,1.1388,15.200,1.0000,1.0000
0,2026-06-16T23:49:11.758000+00:00,0.0340,43.758,0.8298,1.0789,23.758,1.0000,1.0000
0,2026-06-16T23:49:20.329500+00:00,0.0364,52.330,0.9602,1.0316,32.330,1.0000,1.0000
0,2026-06-16T23:49:28.864500+00:00,0.0387,60.864,1.0000,1.0000,40.864,1.0000,1.0000
0,2026-06-16T23:49:37.310000+00:00,0.0411,69.310,1.0000,1.0000,49.310,0.9708,0.7221
0,2026-06-16T23:49:46.120000+00:00,0.0435,78.120,nan,nan,58.120,nan,nan
0,2026-06-16T23:49:55.696000+00:00,0.0462,87.696,1.0000,1.0000,7.696,0.7148,1.4849
0,2026-06-16T23:50:03.961500+00:00,0.0485,95.962,1.0000,1.0000,15.961,1.0000,1.0000
1,2026-06-17T00:16:12.779000+00:00,0.4843,164.779,1.0000,1.0000,24.779,1.0000,1.0000
1,2026-06-17T00:16:21.483500+00:00,0.4867,173.483,1.0000,1.0000,33.483,1.0000,1.0000
1,2026-06-17T00:16:30.351000+00:00,0.4892,182.351,1.0000,1.0000,42.351,1.0000,1.0000
1,2026-06-17T00:16:39.336500+00:00,0.4916,191.337,1.0000,1.0000,51.337,0.8210,0.5251
1,2026-06-17T00:16:47.456500+00:00,0.4939,199.457,nan,nan,59.456,nan,nan
1,2026-06-17T00:16:55.651000+00:00,0.4962,207.651,1.0000,1.0000,7.651,0.7095,1.4947
1,2026-06-17T00:17:03.830500+00:00,0.4985,215.831,1.0000,1.0000,15.831,1.0000,1.0000
1,2026-06-17T00:17:12.443000+00:00,0.5008,224.443,1.0000,1.0000,24.443,1.0000,1.0000
1,2026-06-17T00:17:20.977000+00:00,0.5032,232.977,1.0000,1.0000,32.977,1.0000,1.0000
1,2026-06-17T00:17:29.255000+00:00,0.5055,241.255,0.9989,0.9880,41.255,1.0000,1.0000
1,2026-06-17T00:17:37.368000+00:00,0.5078,249.368,0.9410,0.9490,49.368,0.9682,0.7163
1,2026-06-17T00:17:46.166500+00:00,0.5102,258.166,nan,nan,58.166,nan,nan
1,2026-06-17T00:17:54.477500+00:00,0.5125,266.478,0.5917,0.8497,6.478,0.5623,1.8005
1,2026-06-17T00:18:02.892000+00:00,0.5149,274.892,0.3733,0.7751,14.892,1.0000,1.0000
1,2026-06-17T00:18:11.456500+00:00,0.5172,283.457,0.1761,0.6473,23.456,1.0000,1.0000
1,2026-06-17T00:18:20.348000+00:00,0.5197,292.348,0.0396,0.3289,32.348,1.0000,1.0000
1,2026-06-17T00:18:28.895000+00:00,0.5221,0.895,0.0005,96.9015,40.895,1.0000,1.0000
1,2026-06-17T00:18:37.066000+00:00,0.5243,9.066,0.0553,1.9515,49.066,0.9806,0.7465
1,2026-06-17T00:18:46.007500+00:00,0.5268,18.008,nan,nan,58.008,nan,nan
1,2026-06-17T00:18:54.119500+00:00,0.5291,26.119,0.3991,1.2346,6.120,0.5156,1.9200
2,2026-06-17T00:46:24.629000+00:00,0.9876,176.629,1.0000,1.0000,36.629,1.0000,1.0000
2,2026-06-17T00:46:32.595500+00:00,0.9898,184.595,1.0000,1.0000,44.596,1.0000,1.0000
2,2026-06-17T00:46:40.177500+00:00,0.9919,192.178,1.0000,1.0000,52.178,0.7296,0.4433
2,2026-06-17T00:46:48.040500+00:00,0.9941,200.041,nan,nan,0.041,nan,nan
2,2026-06-17T00:46:55.774500+00:00,0.9962,207.774,1.0000,1.0000,7.774,0.7240,1.4682
2,2026-06-17T00:47:03.807500+00:00,0.9984,215.808,1.0000,1.0000,15.807,1.0000,1.0000
2,2026-06-17T00:47:11.370000+00:00,1.0005,223.370,1.0000,1.0000,23.370,1.0000,1.0000
2,2026-06-17T00:47:20.074500+00:00,1.0030,232.075,1.0000,1.0000,32.075,1.0000,1.0000
2,2026-06-17T00:47:28.380500+00:00,1.0053,240.381,0.9999,0.9922,40.380,1.0000,1.0000
2,2026-06-17T00:47:36.732500+00:00,1.0076,248.732,0.9486,0.9521,48.733,0.9908,0.7804
2,2026-06-17T00:47:44.683000+00:00,1.0098,256.683,0.8210,0.9111,56.683,0.1769,0.0075
2,2026-06-17T00:47:52.744500+00:00,1.0120,264.745,0.6358,0.8620,4.745,0.3385,2.5901
2,2026-06-17T00:48:00.505500+00:00,1.0142,272.505,0.4346,0.7995,12.505,1.0000,1.0000
2,2026-06-17T00:48:08.787500+00:00,1.0165,280.788,0.2324,0.6964,20.788,1.0000,1.0000
2,2026-06-17T00:48:17.668000+00:00,1.0190,289.668,0.0714,0.4649,29.668,1.0000,1.0000
2,2026-06-17T00:48:25.832500+00:00,1.0212,297.832,nan,nan,37.833,nan,nan
2,2026-06-17T00:48:34.000500+00:00,1.0235,6.000,0.0245,2.6467,46.001,1.0000,0.9829
2,2026-06-17T00:48:42.311000+00:00,1.0258,14.311,0.1339,1.5320,54.311,0.4592,0.2264
2,2026-06-17T00:48:50.645000+00:00,1.0281,22.645,0.3122,1.2895,2.645,0.1152,5.9072
2,2026-06-17T00:48:59.032500+00:00,1.0305,31.032,0.5270,1.1768,11.033,0.9840,1.0378
3,2026-06-17T01:16:19.085500+00:00,1.4860,171.085,1.0000,1.0000,31.085,1.0000,1.0000
3,2026-06-17T01:16:28.508000+00:00,1.4886,180.508,1.0000,1.0000,40.508,1.0000,1.0000
3,2026-06-17T01:16:36.869500+00:00,1.4910,188.869,1.0000,1.0000,48.870,0.9871,0.7664
3,2026-06-17T01:16:45.120000+00:00,1.4933,197.120,nan,nan,57.120,nan,nan
3,2026-06-17T01:16:53.176000+00:00,1.4955,205.176,1.0000,1.0000,5.176,0.3930,2.3314
3,2026-06-17T01:17:01.108500+00:00,1.4977,213.108,1.0000,1.0000,13.108,1.0000,1.0000
3,2026-06-17T01:17:09.096000+00:00,1.4999,221.096,1.0000,1.0000,21.096,1.0000,1.0000
3,2026-06-17T01:17:17.511000+00:00,1.5023,229.511,1.0000,1.0000,29.511,1.0000,1.0000
3,2026-06-17T01:17:26.018000+00:00,1.5046,238.018,1.0000,0.9993,38.018,1.0000,1.0000
3,2026-06-17T01:17:34.184500+00:00,1.5069,246.185,0.9740,0.9645,46.184,1.0000,0.9761
3,2026-06-17T01:17:42.375500+00:00,1.5092,254.375,0.8649,0.9236,54.376,0.4509,0.2197
3,2026-06-17T01:17:50.963000+00:00,1.5115,262.963,0.6801,0.8738,2.963,0.1430,4.9321
3,2026-06-17T01:17:59.696000+00:00,1.5140,271.696,0.4556,0.8071,11.696,0.9984,1.0112
3,2026-06-17T01:18:08.189000+00:00,1.5163,280.189,0.2457,0.7060,20.189,1.0000,1.0000
3,2026-06-17T01:18:16.784500+00:00,1.5187,288.784,0.0838,0.4997,28.785,1.0000,1.0000
3,2026-06-17T01:18:25.540000+00:00,1.5211,297.540,nan,nan,37.540,nan,nan
3,2026-06-17T01:18:34.001000+00:00,1.5235,6.001,0.0245,2.6464,46.001,1.0000,0.9829
3,2026-06-17T01:18:42.063000+00:00,1.5257,14.063,0.1295,1.5440,54.063,0.4916,0.2524
3,2026-06-17T01:18:50.706000+00:00,1.5281,22.706,0.3137,1.2883,2.706,0.1203,5.6900
3,2026-06-17T01:18:58.864000+00:00,1.5304,30.864,0.5226,1.1785,10.864,0.9781,1.0473
4,2026-06-17T01:46:13.476500+00:00,1.9845,165.476,1.0000,1.0000,25.477,1.0000,1.0000
4,2026-06-17T01:46:21.627000+00:00,1.9867,173.627,1.0000,1.0000,33.627,1.0000,1.0000
4,2026-06-17T01:46:30.098000+00:00,1.9891,182.098,1.0000,1.0000,42.098,1.0000,1.0000
4,2026-06-17T01:46:38.076000+00:00,1.9913,190.076,1.0000,1.0000,50.076,0.9279,0.6468
4,2026-06-17T01:46:46.009000+00:00,1.9935,198.009,nan,nan,58.009,nan,nan
4,2026-06-17T01:46:54.458500+00:00,1.9958,206.458,1.0000,1.0000,6.458,0.5598,1.8065
4,2026-06-17T01:47:02.220000+00:00,1.9980,214.220,1.0000,1.0000,14.220,1.0000,1.0000
4,2026-06-17T01:47:10.426000+00:00,2.0003,222.426,1.0000,1.0000,22.426,1.0000,1.0000
4,2026-06-17T01:47:18.216500+00:00,2.0024,230.216,1.0000,1.0000,30.216,1.0000,1.0000
4,2026-06-17T01:47:26.053000+00:00,2.0046,238.053,1.0000,0.9992,38.053,1.0000,1.0000
4,2026-06-17T01:47:33.977500+00:00,2.0068,245.977,0.9757,0.9655,45.977,1.0000,0.9837
4,2026-06-17T01:47:41.749000+00:00,2.0090,253.749,0.8759,0.9268,53.749,0.5327,0.2850
4,2026-06-17T01:47:49.662000+00:00,2.0112,261.662,0.7114,0.8821,1.662,0.0466,14.3049
4,2026-06-17T01:47:57.510500+00:00,2.0134,269.510,0.5128,0.8261,9.511,0.8975,1.1703
4,2026-06-17T01:48:05.194500+00:00,2.0155,277.195,0.3161,0.7481,17.195,1.0000,1.0000
4,2026-06-17T01:48:13.045000+00:00,2.0177,285.045,0.1456,0.6117,25.045,1.0000,1.0000
4,2026-06-17T01:48:20.709500+00:00,2.0198,292.709,0.0360,0.3062,32.709,1.0000,1.0000
4,2026-06-17T01:48:28.456000+00:00,2.0220,0.456,nan,nan,40.456,nan,nan
4,2026-06-17T01:48:36.553500+00:00,2.0242,8.553,0.0493,2.0260,48.553,0.9948,0.7988
4,2026-06-17T01:48:44.454500+00:00,2.0264,16.454,0.1744,1.4448,56.455,0.2003,0.0199
4,2026-06-17T01:48:52.112500+00:00,2.0285,24.113,0.3483,1.2644,4.112,0.2628,3.1030
5,2026-06-17T02:16:14.740000+00:00,2.4848,166.740,1.0000,1.0000,26.740,1.0000,1.0000
5,2026-06-17T02:16:23.872000+00:00,2.4874,175.872,1.0000,1.0000,35.872,1.0000,1.0000
5,2026-06-17T02:16:33.005500+00:00,2.4899,185.006,1.0000,1.0000,45.005,1.0000,1.0000
5,2026-06-17T02:16:42.037000+00:00,2.4924,194.037,1.0000,1.0000,54.037,0.4950,0.2551
5,2026-06-17T02:16:50.409500+00:00,2.4947,202.410,1.0000,1.0000,2.409,0.0962,6.9160
5,2026-06-17T02:16:59.078000+00:00,2.4971,211.078,1.0000,1.0000,11.078,0.9855,1.0355
5,2026-06-17T02:17:07.412000+00:00,2.4994,219.412,1.0000,1.0000,19.412,1.0000,1.0000
5,2026-06-17T02:17:16.061500+00:00,2.5018,228.061,1.0000,1.0000,28.061,1.0000,1.0000
5,2026-06-17T02:17:24.532000+00:00,2.5042,236.532,1.0000,1.0000,36.532,1.0000,1.0000
5,2026-06-17T02:17:33.005000+00:00,2.5066,245.005,0.9829,0.9701,45.005,1.0000,1.0000
5,2026-06-17T02:17:41.554000+00:00,2.5089,253.554,0.8793,0.9279,53.554,0.5581,0.3052
5,2026-06-17T02:17:52.107500+00:00,2.5119,264.108,0.6518,0.8663,4.107,0.2622,3.1080
5,2026-06-17T02:18:01.783000+00:00,2.5145,273.783,0.4016,0.7868,13.783,1.0000,1.0000
5,2026-06-17T02:18:10.665000+00:00,2.5170,282.665,0.1922,0.6630,22.665,1.0000,1.0000
5,2026-06-17T02:18:20.172500+00:00,2.5197,292.173,0.0414,0.3396,32.172,1.0000,1.0000
5,2026-06-17T02:18:29.287000+00:00,2.5222,1.287,0.0011,29.6278,41.287,1.0000,1.0000
5,2026-06-17T02:18:37.980500+00:00,2.5246,9.980,0.0667,1.8411,49.980,0.9343,0.6562
5,2026-06-17T02:18:46.461500+00:00,2.5270,18.462,nan,nan,58.462,nan,nan
5,2026-06-17T02:18:54.823500+00:00,2.5293,26.823,0.4172,1.2252,6.824,0.6069,1.6985
5,2026-06-17T02:19:03.030500+00:00,2.5316,35.031,0.6302,1.1402,15.030,1.0000,1.0000
6,2026-06-17T02:46:59.073500+00:00,2.9971,211.073,1.0000,1.0000,11.073,0.9854,1.0357
6,2026-06-17T02:47:07.969000+00:00,2.9996,219.969,1.0000,1.0000,19.969,1.0000,1.0000
6,2026-06-17T02:47:17.007500+00:00,3.0021,229.007,1.0000,1.0000,29.008,1.0000,1.0000
6,2026-06-17T02:47:25.945000+00:00,3.0046,237.945,1.0000,0.9994,37.945,1.0000,1.0000
6,2026-06-17T02:47:34.510500+00:00,3.0070,246.511,0.9712,0.9629,46.511,1.0000,0.9614
6,2026-06-17T02:47:43.335000+00:00,3.0094,255.335,0.8473,0.9185,55.335,0.3287,0.1193
6,2026-06-17T02:47:53.227000+00:00,3.0122,265.227,0.6236,0.8586,5.227,0.3995,2.3044
6,2026-06-17T02:48:01.986000+00:00,3.0146,273.986,0.3964,0.7848,13.986,1.0000,1.0000
6,2026-06-17T02:48:10.732500+00:00,3.0170,282.733,0.1908,0.6618,22.733,1.0000,1.0000
6,2026-06-17T02:48:19.282500+00:00,3.0194,291.283,0.0512,0.3894,31.282,1.0000,1.0000
6,2026-06-17T02:48:28.121500+00:00,3.0219,0.121,nan,nan,40.121,nan,nan
6,2026-06-17T02:48:36.813500+00:00,3.0243,8.813,0.0523,1.9869,48.813,0.9887,0.7721
6,2026-06-17T02:48:45.986500+00:00,3.0268,17.986,nan,nan,57.986,nan,nan
6,2026-06-17T02:48:54.459000+00:00,3.0292,26.459,0.4078,1.2300,6.459,0.5600,1.8061
6,2026-06-17T02:49:02.643500+00:00,3.0315,34.644,0.6204,1.1435,14.643,1.0000,1.0000
6,2026-06-17T02:49:11.709000+00:00,3.0340,43.709,0.8289,1.0792,23.709,1.0000,1.0000
6,2026-06-17T02:49:20.389500+00:00,3.0364,52.389,0.9608,1.0313,32.389,1.0000,1.0000
6,2026-06-17T02:49:29.026500+00:00,3.0388,61.026,1.0000,1.0000,41.026,1.0000,1.0000
6,2026-06-17T02:49:37.566500+00:00,3.0412,69.567,1.0000,1.0000,49.566,0.9585,0.6967
7,2026-06-17T03:16:53.602000+00:00,3.4956,205.602,1.0000,1.0000,5.602,0.4480,2.1246
7,2026-06-17T03:17:01.965500+00:00,3.4979,213.965,1.0000,1.0000,13.966,1.0000,1.0000
7,2026-06-17T03:17:10.460000+00:00,3.5003,222.460,1.0000,1.0000,22.460,1.0000,1.0000
7,2026-06-17T03:17:18.870000+00:00,3.5026,230.870,1.0000,1.0000,30.870,1.0000,1.0000
7,2026-06-17T03:17:27.176500+00:00,3.5049,239.177,1.0000,0.9968,39.176,1.0000,1.0000
7,2026-06-17T03:17:35.428500+00:00,3.5072,247.429,0.9626,0.9585,47.428,1.0000,0.9023
7,2026-06-17T03:17:44.196000+00:00,3.5097,256.196,0.8307,0.9138,56.196,0.2280,0.0386
7,2026-06-17T03:17:53.193500+00:00,3.5122,265.193,0.6245,0.8589,5.194,0.3952,2.3223
7,2026-06-17T03:18:01.673000+00:00,3.5145,273.673,0.4044,0.7880,13.673,1.0000,1.0000
7,2026-06-17T03:18:09.995500+00:00,3.5168,281.995,0.2062,0.6756,21.995,1.0000,1.0000
7,2026-06-17T03:18:18.451000+00:00,3.5192,290.451,0.0612,0.4304,30.451,1.0000,1.0000
7,2026-06-17T03:18:27.051000+00:00,3.5216,299.051,nan,nan,39.051,nan,nan
7,2026-06-17T03:18:36.232000+00:00,3.5241,8.232,0.0457,2.0789,48.232,0.9991,0.8314
7,2026-06-17T03:18:44.887500+00:00,3.5265,16.887,0.1830,1.4300,56.888,0.1570,0.0010
7,2026-06-17T03:18:53.128000+00:00,3.5288,25.128,0.3738,1.2488,5.128,0.3869,2.3574
7,2026-06-17T03:19:01.302500+00:00,3.5311,33.303,0.5860,1.1551,13.303,1.0000,1.0000
7,2026-06-17T03:19:09.539500+00:00,3.5334,41.539,0.7840,1.0928,21.540,1.0000,1.0000
7,2026-06-17T03:19:17.904000+00:00,3.5357,49.904,0.9318,1.0442,29.904,1.0000,1.0000
7,2026-06-17T03:19:28.277000+00:00,3.5386,60.277,1.0000,1.0000,40.277,1.0000,1.0000
7,2026-06-17T03:19:36.752500+00:00,3.5409,68.752,1.0000,1.0000,48.752,0.9903,0.7783
8,2026-06-17T03:46:40.941000+00:00,3.9921,192.941,1.0000,1.0000,52.941,0.6367,0.3675
8,2026-06-17T03:46:49.687500+00:00,3.9945,201.688,1.0000,1.0000,1.688,0.0480,13.8418
8,2026-06-17T03:46:58.293500+00:00,3.9969,210.293,1.0000,1.0000,10.293,0.9509,1.0883
8,2026-06-17T03:47:06.555000+00:00,3.9992,218.555,1.0000,1.0000,18.555,1.0000,1.0000
8,2026-06-17T03:47:14.655500+00:00,4.0015,226.655,1.0000,1.0000,26.655,1.0000,1.0000
8,2026-06-17T03:47:22.977500+00:00,4.0038,234.977,1.0000,1.0000,34.977,1.0000,1.0000
8,2026-06-17T03:47:31.171000+00:00,4.0060,243.171,0.9931,0.9789,43.171,1.0000,1.0000
8,2026-06-17T03:47:39.222000+00:00,4.0083,251.222,0.9161,0.9398,51.222,0.8323,0.5361
8,2026-06-17T03:47:47.592500+00:00,4.0106,259.592,nan,nan,59.593,nan,nan
8,2026-06-17T03:47:55.879500+00:00,4.0129,267.880,0.5554,0.8392,7.880,0.7362,1.4463
8,2026-06-17T03:48:04.229000+00:00,4.0152,276.229,0.3398,0.7599,16.229,1.0000,1.0000
8,2026-06-17T03:48:12.916000+00:00,4.0176,284.916,0.1480,0.6148,24.916,1.0000,1.0000
8,2026-06-17T03:48:21.504500+00:00,4.0200,293.505,0.0286,0.2517,33.505,1.0000,1.0000
8,2026-06-17T03:48:29.416500+00:00,4.0222,1.417,0.0014,23.1427,41.416,1.0000,1.0000
8,2026-06-17T03:48:37.308500+00:00,4.0244,9.309,0.0582,1.9198,49.309,0.9709,0.7223
8,2026-06-17T03:48:46.322500+00:00,4.0269,18.323,nan,nan,58.322,nan,nan
8,2026-06-17T03:48:54.336000+00:00,4.0291,26.336,0.4047,1.2316,6.336,0.5439,1.8457
8,2026-06-17T03:49:02.478500+00:00,4.0314,34.478,0.6162,1.1449,14.479,1.0000,1.0000
8,2026-06-17T03:49:12.026000+00:00,4.0341,44.026,0.8351,1.0773,24.026,1.0000,1.0000
8,2026-06-17T03:49:20.438500+00:00,4.0364,52.438,0.9613,1.0311,32.438,1.0000,1.0000
8,2026-06-17T03:49:44.627000+00:00,4.0431,76.627,1.0000,1.0000,56.627,0.1825,0.0101
9,2026-06-17T04:17:23.067000+00:00,4.5038,235.067,1.0000,1.0000,35.067,1.0000,1.0000
9,2026-06-17T04:17:31.747500+00:00,4.5062,243.748,0.9904,0.9762,43.748,1.0000,1.0000
9,2026-06-17T04:17:42.416000+00:00,4.5092,254.416,0.8642,0.9233,54.416,0.4455,0.2154
9,2026-06-17T04:17:57.522000+00:00,4.5134,269.522,0.5125,0.8260,9.522,0.8984,1.1688
9,2026-06-17T04:18:06.798500+00:00,4.5159,278.798,0.2777,0.7267,18.799,1.0000,1.0000
9,2026-06-17T04:18:15.417500+00:00,4.5183,287.418,0.1046,0.5464,27.418,1.0000,1.0000
9,2026-06-17T04:18:23.694500+00:00,4.5206,295.695,0.0126,0.0741,35.694,1.0000,1.0000
9,2026-06-17T04:18:31.942000+00:00,4.5229,3.942,0.0106,4.0340,43.942,1.0000,1.0000
9,2026-06-17T04:18:40.424000+00:00,4.5253,12.424,0.1021,1.6367,52.424,0.7004,0.4190
9,2026-06-17T04:18:48.933500+00:00,4.5276,20.933,0.2714,1.3230,0.933,0.0148,75.5477
9,2026-06-17T04:18:57.480000+00:00,4.5300,29.480,0.4864,1.1932,9.480,0.8951,1.1741
9,2026-06-17T04:19:05.835500+00:00,4.5323,37.836,0.6994,1.1183,17.835,1.0000,1.0000
9,2026-06-17T04:19:14.095000+00:00,4.5346,46.095,0.8732,1.0651,26.095,1.0000,1.0000
9,2026-06-17T04:19:22.399500+00:00,4.5369,54.400,0.9787,1.0212,34.400,1.0000,1.0000
9,2026-06-17T04:19:30.857000+00:00,4.5393,62.857,1.0000,1.0000,42.857,1.0000,1.0000
9,2026-06-17T04:19:39.159000+00:00,4.5416,71.159,1.0000,1.0000,51.159,0.8385,0.5422
9,2026-06-17T04:19:47.379000+00:00,4.5439,79.379,nan,nan,59.379,nan,nan
9,2026-06-17T04:19:55.670500+00:00,4.5462,87.671,1.0000,1.0000,7.670,0.7117,1.4905
9,2026-06-17T04:20:05.039500+00:00,4.5488,97.040,1.0000,1.0000,17.040,1.0000,1.0000
10,2026-06-17T04:46:33.612500+00:00,4.9901,185.613,1.0000,1.0000,45.612,1.0000,0.9936
10,2026-06-17T04:46:43.088000+00:00,4.9927,195.088,1.0000,1.0000,55.088,0.3594,0.1448
10,2026-06-17T04:46:52.362000+00:00,4.9953,204.362,1.0000,1.0000,4.362,0.2921,2.8762
10,2026-06-17T04:47:01.384000+00:00,4.9978,213.384,1.0000,1.0000,13.384,1.0000,1.0000
10,2026-06-17T04:47:10.343000+00:00,5.0003,222.343,1.0000,1.0000,22.343,1.0000,1.0000
10,2026-06-17T04:47:19.226000+00:00,5.0027,231.226,1.0000,1.0000,31.226,1.0000,1.0000
10,2026-06-17T04:47:28.205500+00:00,5.0052,240.206,1.0000,0.9930,40.206,1.0000,1.0000
10,2026-06-17T04:47:37.204500+00:00,5.0077,249.204,0.9430,0.9498,49.205,0.9753,0.7326
10,2026-06-17T04:47:45.837000+00:00,5.0101,257.837,nan,nan,57.837,nan,nan
10,2026-06-17T04:47:54.531500+00:00,5.0125,266.531,0.5903,0.8493,6.532,0.5693,1.7838
10,2026-06-17T04:48:03.046000+00:00,5.0149,275.046,0.3694,0.7734,15.046,1.0000,1.0000
10,2026-06-17T04:48:12.019000+00:00,5.0174,284.019,0.1650,0.6353,24.019,1.0000,1.0000
10,2026-06-17T04:48:20.902500+00:00,5.0199,292.902,0.0341,0.2936,32.903,1.0000,1.0000
10,2026-06-17T04:48:29.784500+00:00,5.0223,1.784,0.0022,13.8148,41.785,1.0000,1.0000
10,2026-06-17T04:48:38.865500+00:00,5.0248,10.866,0.0788,1.7548,50.865,0.8657,0.5705
10,2026-06-17T04:48:47.411500+00:00,5.0272,19.412,nan,nan,59.411,nan,nan
10,2026-06-17T04:48:55.825500+00:00,5.0296,27.826,0.4432,1.2124,7.825,0.7299,1.4575
10,2026-06-17T04:49:05.756500+00:00,5.0323,37.757,0.6975,1.1189,17.756,1.0000,1.0000
10,2026-06-17T04:49:14.888500+00:00,5.0349,46.889,0.8867,1.0606,26.889,1.0000,1.0000
10,2026-06-17T04:49:23.633000+00:00,5.0373,55.633,0.9870,1.0151,35.633,1.0000,1.0000
11,2026-06-17T05:17:19.764000+00:00,5.5029,231.764,1.0000,1.0000,31.764,1.0000,1.0000
11,2026-06-17T05:17:29.313000+00:00,5.5055,241.313,0.9988,0.9877,41.313,1.0000,1.0000
11,2026-06-17T05:17:38.740500+00:00,5.5081,250.740,0.9230,0.9422,50.740,0.8767,0.5826
11,2026-06-17T05:17:47.983000+00:00,5.5107,259.983,nan,nan,59.983,nan,nan
11,2026-06-17T05:17:57.138500+00:00,5.5133,269.139,0.5225,0.8292,9.139,0.8661,1.2217
11,2026-06-17T05:18:05.868000+00:00,5.5157,277.868,0.2998,0.7394,17.868,1.0000,1.0000
11,2026-06-17T05:18:15.338000+00:00,5.5183,287.338,0.1059,0.5488,27.338,1.0000,1.0000
11,2026-06-17T05:18:24.477500+00:00,5.5209,296.478,0.0085,0.0169,36.477,1.0000,1.0000
11,2026-06-17T05:18:33.764500+00:00,5.5234,5.764,0.0226,2.7409,45.764,1.0000,0.9900
11,2026-06-17T05:18:42.431000+00:00,5.5258,14.431,0.1361,1.5262,54.431,0.4436,0.2138
11,2026-06-17T05:18:51.988000+00:00,5.5285,23.988,0.3452,1.2664,3.988,0.2486,3.2303
11,2026-06-17T05:19:01.218000+00:00,5.5311,33.218,0.5839,1.1559,13.218,1.0000,1.0000
11,2026-06-17T05:19:10.609500+00:00,5.5337,42.609,0.8066,1.0860,22.610,1.0000,1.0000
11,2026-06-17T05:19:19.516500+00:00,5.5361,51.517,0.9515,1.0358,31.517,1.0000,1.0000
11,2026-06-17T05:19:28.323000+00:00,5.5386,60.323,1.0000,1.0000,40.323,1.0000,1.0000
11,2026-06-17T05:19:37.113500+00:00,5.5410,69.114,1.0000,1.0000,49.114,0.9789,0.7418
11,2026-06-17T05:19:46.217500+00:00,5.5436,78.218,nan,nan,58.218,nan,nan
11,2026-06-17T05:19:55.787000+00:00,5.5462,87.787,1.0000,1.0000,7.787,0.7255,1.4654
11,2026-06-17T05:20:05.030500+00:00,5.5488,97.031,1.0000,1.0000,17.030,1.0000,1.0000
11,2026-06-17T05:20:14.033000+00:00,5.5513,106.033,1.0000,1.0000,26.033,1.0000,1.0000
12,2026-06-17T05:47:22.978500+00:00,6.0038,234.978,1.0000,1.0000,34.978,1.0000,1.0000
12,2026-06-17T05:47:31.757500+00:00,6.0062,243.757,0.9904,0.9761,43.758,1.0000,1.0000
12,2026-06-17T05:47:41.671000+00:00,6.0090,253.671,0.8773,0.9273,53.671,0.5429,0.2931
12,2026-06-17T05:47:51.684000+00:00,6.0117,263.684,0.6623,0.8691,3.684,0.2151,3.5944
12,2026-06-17T05:48:00.485000+00:00,6.0142,272.485,0.4351,0.7997,12.485,1.0000,1.0000
12,2026-06-17T05:48:09.349000+00:00,6.0166,281.349,0.2200,0.6870,21.349,1.0000,1.0000
12,2026-06-17T05:48:18.267500+00:00,6.0191,290.267,0.0635,0.4388,30.267,1.0000,1.0000
12,2026-06-17T05:48:27.054500+00:00,6.0216,299.055,nan,nan,39.054,nan,nan
12,2026-06-17T05:48:35.670000+00:00,6.0240,7.670,0.0398,2.1831,47.670,1.0000,0.8827
12,2026-06-17T05:48:44.588000+00:00,6.0264,16.588,0.1770,1.4401,56.588,0.1865,0.0120
12,2026-06-17T05:48:53.513500+00:00,6.0289,25.514,0.3836,1.2432,5.513,0.4364,2.1645
12,2026-06-17T05:49:03.253000+00:00,6.0316,35.253,0.6358,1.1384,15.253,1.0000,1.0000
12,2026-06-17T05:49:12.264000+00:00,6.0341,44.264,0.8397,1.0758,24.264,1.0000,1.0000
12,2026-06-17T05:49:21.104500+00:00,6.0366,53.105,0.9678,1.0277,33.105,1.0000,1.0000
12,2026-06-17T05:49:29.810500+00:00,6.0390,61.810,1.0000,1.0000,41.810,1.0000,1.0000
12,2026-06-17T05:49:38.516500+00:00,6.0414,70.516,1.0000,1.0000,50.517,0.8953,0.6042
12,2026-06-17T05:49:47.065000+00:00,6.0438,79.065,nan,nan,59.065,nan,nan
12,2026-06-17T05:49:55.988500+00:00,6.0463,87.989,1.0000,1.0000,7.989,0.7487,1.4242
12,2026-06-17T05:50:04.800500+00:00,6.0487,96.800,1.0000,1.0000,16.800,1.0000,1.0000
12,2026-06-17T05:50:13.139500+00:00,6.0510,105.139,1.0000,1.0000,25.140,1.0000,1.0000
13,2026-06-17T06:17:40.282500+00:00,6.5086,252.282,0.9001,0.9344,52.282,0.7173,0.4330
13,2026-06-17T06:17:48.972000+00:00,6.5110,260.972,0.7277,0.8863,0.972,0.0161,64.7430
13,2026-06-17T06:17:57.727500+00:00,6.5134,269.728,0.5071,0.8243,9.727,0.9141,1.1442
13,2026-06-17T06:18:06.666000+00:00,6.5159,278.666,0.2808,0.7285,18.666,1.0000,1.0000
13,2026-06-17T06:18:15.110000+00:00,6.5183,287.110,0.1096,0.5558,27.110,1.0000,1.0000
13,2026-06-17T06:18:23.569000+00:00,6.5206,295.569,0.0134,0.0846,35.569,1.0000,1.0000
13,2026-06-17T06:18:32.002000+00:00,6.5229,4.002,0.0109,3.9642,44.002,1.0000,1.0000
13,2026-06-17T06:18:41.159500+00:00,6.5255,13.159,0.1141,1.5919,53.160,0.6091,0.3455
13,2026-06-17T06:18:50.237500+00:00,6.5280,22.238,0.3023,1.2970,2.237,0.0833,7.8873
13,2026-06-17T06:18:58.902000+00:00,6.5304,30.902,0.5236,1.1781,10.902,0.9795,1.0451
13,2026-06-17T06:19:07.663500+00:00,6.5328,39.663,0.7423,1.1053,19.663,1.0000,1.0000
13,2026-06-17T06:19:16.171500+00:00,6.5352,48.172,0.9071,1.0535,28.172,1.0000,1.0000
13,2026-06-17T06:19:24.652500+00:00,6.5376,56.653,0.9923,1.0101,36.653,1.0000,1.0000
13,2026-06-17T06:19:33.059500+00:00,6.5399,65.059,1.0000,1.0000,45.059,1.0000,0.9999
13,2026-06-17T06:19:41.518500+00:00,6.5423,73.519,1.0000,1.0000,53.519,0.5628,0.3089
13,2026-06-17T06:19:50.075000+00:00,6.5446,82.075,1.0000,1.0000,2.075,0.0720,9.0702
13,2026-06-17T06:19:58.285000+00:00,6.5469,90.285,1.0000,1.0000,10.285,0.9505,1.0890
13,2026-06-17T06:20:06.362500+00:00,6.5492,98.362,1.0000,1.0000,18.363,1.0000,1.0000
13,2026-06-17T06:20:14.856500+00:00,6.5515,106.856,1.0000,1.0000,26.857,1.0000,1.0000
13,2026-06-17T06:20:23.301000+00:00,6.5539,115.301,1.0000,1.0000,35.301,1.0000,1.0000
14,2026-06-17T06:47:57.203500+00:00,7.0133,269.204,0.5208,0.8287,9.204,0.8718,1.2121
14,2026-06-17T06:48:06.163500+00:00,7.0158,278.163,0.2927,0.7354,18.163,1.0000,1.0000
14,2026-06-17T06:48:14.961500+00:00,7.0182,286.962,0.1121,0.5603,26.962,1.0000,1.0000
14,2026-06-17T06:48:23.697500+00:00,7.0206,295.697,0.0126,0.0739,35.697,1.0000,1.0000
14,2026-06-17T06:48:32.134000+00:00,7.0230,4.134,0.0117,3.8208,44.134,1.0000,1.0000
14,2026-06-17T06:48:40.433500+00:00,7.0253,12.434,0.1023,1.6361,52.434,0.6993,0.4181
14,2026-06-17T06:48:49.184000+00:00,7.0277,21.184,0.2773,1.3177,1.184,0.0238,34.0120
14,2026-06-17T06:48:57.545500+00:00,7.0300,29.546,0.4881,1.1925,9.546,0.9002,1.1659
14,2026-06-17T06:49:06.142000+00:00,7.0324,38.142,0.7068,1.1161,18.142,1.0000,1.0000
14,2026-06-17T06:49:14.715500+00:00,7.0348,46.715,0.8838,1.0616,26.715,1.0000,1.0000
14,2026-06-17T06:49:23.432000+00:00,7.0372,55.432,0.9858,1.0161,35.432,1.0000,1.0000
14,2026-06-17T06:49:32.164000+00:00,7.0397,64.164,1.0000,1.0000,44.164,1.0000,1.0000
14,2026-06-17T06:49:41.673500+00:00,7.0423,73.674,1.0000,1.0000,53.673,0.5426,0.2929
14,2026-06-17T06:49:50.471000+00:00,7.0447,82.471,1.0000,1.0000,2.471,0.1010,6.6200
14,2026-06-17T06:49:59.018000+00:00,7.0471,91.018,1.0000,1.0000,11.018,0.9836,1.0386
14,2026-06-17T06:50:07.931500+00:00,7.0496,99.931,1.0000,1.0000,19.931,1.0000,1.0000
14,2026-06-17T06:50:16.323000+00:00,7.0519,108.323,1.0000,1.0000,28.323,1.0000,1.0000
14,2026-06-17T06:50:24.939500+00:00,7.0543,116.939,1.0000,1.0000,36.940,1.0000,1.0000
14,2026-06-17T06:50:33.404500+00:00,7.0567,125.404,1.0000,1.0000,45.404,1.0000,0.9972
14,2026-06-17T06:50:41.870500+00:00,7.0590,133.870,1.0000,1.0000,53.870,0.5169,0.2725
15,2026-06-17T07:17:59.428000+00:00,7.5139,271.428,0.4626,0.8095,11.428,0.9944,1.0199
15,2026-06-17T07:18:08.288500+00:00,7.5164,280.288,0.2435,0.7045,20.288,1.0000,1.0000
15,2026-06-17T07:18:16.868000+00:00,7.5187,288.868,0.0825,0.4965,28.868,1.0000,1.0000
15,2026-06-17T07:18:25.369500+00:00,7.5211,297.370,nan,nan,37.370,nan,nan
15,2026-06-17T07:18:33.809500+00:00,7.5234,5.809,0.0230,2.7222,45.809,1.0000,0.9888
15,2026-06-17T07:18:42.549000+00:00,7.5259,14.549,0.1382,1.5209,54.549,0.4283,0.2014
15,2026-06-17T07:18:51.127000+00:00,7.5283,23.127,0.3239,1.2809,3.127,0.1584,4.5453
15,2026-06-17T07:18:59.431500+00:00,7.5306,31.431,0.5374,1.1728,11.431,0.9945,1.0198
15,2026-06-17T07:19:07.856000+00:00,7.5329,39.856,0.7467,1.1040,19.856,1.0000,1.0000
15,2026-06-17T07:19:16.497500+00:00,7.5353,48.498,0.9120,1.0517,28.497,1.0000,1.0000
15,2026-06-17T07:19:24.924000+00:00,7.5376,56.924,0.9935,1.0088,36.924,1.0000,1.0000
15,2026-06-17T07:19:33.120000+00:00,7.5399,65.120,1.0000,1.0000,45.120,1.0000,0.9997
15,2026-06-17T07:19:41.674500+00:00,7.5423,73.674,1.0000,1.0000,53.675,0.5425,0.2928
15,2026-06-17T07:19:50.786500+00:00,7.5448,82.787,1.0000,1.0000,2.787,0.1272,5.4314
15,2026-06-17T07:19:59.999500+00:00,7.5474,91.999,1.0000,1.0000,11.999,1.0000,1.0043
15,2026-06-17T07:20:08.730000+00:00,7.5498,100.730,1.0000,1.0000,20.730,1.0000,1.0000
15,2026-06-17T07:20:17.412500+00:00,7.5522,109.412,1.0000,1.0000,29.413,1.0000,1.0000
15,2026-06-17T07:20:25.955000+00:00,7.5546,117.955,1.0000,1.0000,37.955,1.0000,1.0000
15,2026-06-17T07:20:34.423500+00:00,7.5569,126.424,1.0000,1.0000,46.423,1.0000,0.9657
15,2026-06-17T07:20:43.034000+00:00,7.5593,135.034,1.0000,1.0000,55.034,0.3662,0.1504
16,2026-06-17T07:48:23.707500+00:00,8.0206,295.707,0.0126,0.0730,35.708,1.0000,1.0000
16,2026-06-17T07:48:32.220500+00:00,8.0230,4.221,0.0122,3.7341,44.221,1.0000,1.0000
16,2026-06-17T07:48:41.178000+00:00,8.0255,13.178,0.1144,1.5908,53.178,0.6067,0.3435
16,2026-06-17T07:48:51.165500+00:00,8.0283,23.166,0.3249,1.2802,3.166,0.1620,4.4642
16,2026-06-17T07:49:00.072000+00:00,8.0307,32.072,0.5541,1.1665,12.072,1.0000,1.0031
16,2026-06-17T07:49:09.024000+00:00,8.0332,41.024,0.7728,1.0962,21.024,1.0000,1.0000
16,2026-06-17T07:49:17.954000+00:00,8.0357,49.954,0.9324,1.0439,29.954,1.0000,1.0000
16,2026-06-17T07:49:26.833500+00:00,8.0382,58.834,0.9991,1.0019,38.834,1.0000,1.0000
16,2026-06-17T07:49:35.380000+00:00,8.0405,67.380,1.0000,1.0000,47.380,1.0000,0.9060
16,2026-06-17T07:49:44.088000+00:00,8.0430,76.088,1.0000,1.0000,56.088,0.2400,0.0475
16,2026-06-17T07:49:52.553500+00:00,8.0453,84.553,1.0000,1.0000,4.553,0.3151,2.7252
16,2026-06-17T07:50:01.308000+00:00,8.0477,93.308,1.0000,1.0000,13.308,1.0000,1.0000
16,2026-06-17T07:50:10.343500+00:00,8.0503,102.344,1.0000,1.0000,22.343,1.0000,1.0000
16,2026-06-17T07:50:19.947500+00:00,8.0529,111.948,1.0000,1.0000,31.948,1.0000,1.0000
16,2026-06-17T07:50:28.657500+00:00,8.0553,120.657,1.0000,1.0000,40.657,1.0000,1.0000
16,2026-06-17T07:50:37.229000+00:00,8.0577,129.229,1.0000,1.0000,49.229,0.9743,0.7301
16,2026-06-17T07:50:45.570000+00:00,8.0600,137.570,nan,nan,57.570,nan,nan
16,2026-06-17T07:50:54.034000+00:00,8.0624,146.034,1.0000,1.0000,6.034,0.5045,1.9505
16,2026-06-17T07:51:03.177500+00:00,8.0649,155.178,1.0000,1.0000,15.178,1.0000,1.0000
16,2026-06-17T07:51:11.901500+00:00,8.0674,163.901,1.0000,1.0000,23.901,1.0000,1.0000
16,2026-06-17T07:51:20.445500+00:00,8.0697,172.446,1.0000,1.0000,32.446,1.0000,1.0000
17,2026-06-17T08:18:07.204000+00:00,8.5161,279.204,0.2682,0.7209,19.204,1.0000,1.0000
17,2026-06-17T08:18:16.003000+00:00,8.5185,288.003,0.0954,0.5273,28.003,1.0000,1.0000
17,2026-06-17T08:18:24.582000+00:00,8.5209,296.582,0.0080,0.0114,36.582,1.0000,1.0000
17,2026-06-17T08:18:33.145000+00:00,8.5233,5.145,0.0180,3.0434,45.145,1.0000,0.9996
17,2026-06-17T08:18:41.976500+00:00,8.5257,13.976,0.1280,1.5483,53.977,0.5030,0.2615
17,2026-06-17T08:18:51.822000+00:00,8.5284,23.822,0.3411,1.2691,3.822,0.2301,3.4190
17,2026-06-17T08:19:00.324000+00:00,8.5308,32.324,0.5607,1.1642,12.324,1.0000,1.0005
17,2026-06-17T08:19:08.638500+00:00,8.5331,40.639,0.7643,1.0987,20.639,1.0000,1.0000
17,2026-06-17T08:19:17.144500+00:00,8.5355,49.145,0.9214,1.0482,29.145,1.0000,1.0000
17,2026-06-17T08:19:25.456500+00:00,8.5378,57.456,0.9956,1.0064,37.456,1.0000,1.0000
17,2026-06-17T08:19:33.677000+00:00,8.5401,65.677,1.0000,1.0000,45.677,1.0000,0.9921
17,2026-06-17T08:19:42.294500+00:00,8.5425,74.294,1.0000,1.0000,54.294,0.4614,0.2282
17,2026-06-17T08:19:50.595500+00:00,8.5448,82.596,1.0000,1.0000,2.595,0.1110,6.0962
17,2026-06-17T08:20:00.129000+00:00,8.5474,92.129,1.0000,1.0000,12.129,1.0000,1.0024
17,2026-06-17T08:20:08.507000+00:00,8.5497,100.507,1.0000,1.0000,20.507,1.0000,1.0000
17,2026-06-17T08:20:16.967500+00:00,8.5521,108.968,1.0000,1.0000,28.968,1.0000,1.0000
17,2026-06-17T08:20:25.269000+00:00,8.5544,117.269,1.0000,1.0000,37.269,1.0000,1.0000
17,2026-06-17T08:20:33.660000+00:00,8.5567,125.660,1.0000,1.0000,45.660,1.0000,0.9925
17,2026-06-17T08:20:42.250500+00:00,8.5591,134.250,1.0000,1.0000,54.251,0.4672,0.2328
17,2026-06-17T08:20:50.740000+00:00,8.5615,142.740,1.0000,1.0000,2.740,0.1232,5.5781
18,2026-06-17T08:48:33.617000+00:00,9.0234,5.617,0.0215,2.8048,45.617,1.0000,0.9935
18,2026-06-17T08:48:42.343000+00:00,9.0258,14.343,0.1345,1.5305,54.343,0.4550,0.2231
18,2026-06-17T08:48:51.895500+00:00,9.0285,23.895,0.3429,1.2680,3.896,0.2382,3.3332
18,2026-06-17T08:49:00.869000+00:00,9.0310,32.869,0.5748,1.1591,12.869,1.0000,1.0000
18,2026-06-17T08:49:09.983000+00:00,9.0335,41.983,0.7935,1.0899,21.983,1.0000,1.0000
18,2026-06-17T08:49:18.790000+00:00,9.0359,50.790,0.9430,1.0395,30.790,1.0000,1.0000
18,2026-06-17T08:49:27.592500+00:00,9.0384,59.593,0.9999,1.0006,39.593,1.0000,1.0000
18,2026-06-17T08:49:36.316500+00:00,9.0408,68.317,1.0000,1.0000,48.316,0.9983,0.8230
18,2026-06-17T08:49:45.188500+00:00,9.0433,77.189,nan,nan,57.188,nan,nan
18,2026-06-17T08:49:54.055500+00:00,9.0457,86.055,1.0000,1.0000,6.056,0.5072,1.9431
18,2026-06-17T08:50:02.766500+00:00,9.0482,94.766,1.0000,1.0000,14.767,1.0000,1.0000
18,2026-06-17T08:50:11.427000+00:00,9.0506,103.427,1.0000,1.0000,23.427,1.0000,1.0000
18,2026-06-17T08:50:20.072000+00:00,9.0530,112.072,1.0000,1.0000,32.072,1.0000,1.0000
18,2026-06-17T08:50:28.698000+00:00,9.0554,120.698,1.0000,1.0000,40.698,1.0000,1.0000
18,2026-06-17T08:50:37.537500+00:00,9.0578,129.537,1.0000,1.0000,49.538,0.9600,0.6996
18,2026-06-17T08:50:46.567000+00:00,9.0603,138.567,nan,nan,58.567,nan,nan
18,2026-06-17T08:50:55.354500+00:00,9.0628,147.355,1.0000,1.0000,7.354,0.6736,1.5622
18,2026-06-17T08:51:03.941000+00:00,9.0651,155.941,1.0000,1.0000,15.941,1.0000,1.0000
18,2026-06-17T08:51:12.485000+00:00,9.0675,164.485,1.0000,1.0000,24.485,1.0000,1.0000
18,2026-06-17T08:51:21.330000+00:00,9.0700,173.330,1.0000,1.0000,33.330,1.0000,1.0000
19,2026-06-17T09:18:25.070000+00:00,9.5210,297.070,nan,nan,37.070,nan,nan
19,2026-06-17T09:18:34.038500+00:00,9.5235,6.038,0.0248,2.6325,46.038,1.0000,0.9816
19,2026-06-17T09:18:43.263000+00:00,9.5261,15.263,0.1513,1.4898,55.263,0.3376,0.1267
19,2026-06-17T09:18:52.319500+00:00,9.5286,24.320,0.3535,1.2611,4.319,0.2870,2.9127
19,2026-06-17T09:19:01.656500+00:00,9.5312,33.657,0.5951,1.1520,13.656,1.0000,1.0000
19,2026-06-17T09:19:10.449500+00:00,9.5336,42.450,0.8033,1.0870,22.450,1.0000,1.0000
19,2026-06-17T09:19:19.288500+00:00,9.5361,51.288,0.9489,1.0370,31.288,1.0000,1.0000
19,2026-06-17T09:19:28.348500+00:00,9.5386,60.349,1.0000,1.0000,40.349,1.0000,1.0000
19,2026-06-17T09:19:37.665000+00:00,9.5412,69.665,1.0000,1.0000,49.665,0.9532,0.6870
19,2026-06-17T09:19:47.166000+00:00,9.5438,79.166,nan,nan,59.166,nan,nan
19,2026-06-17T09:19:56.158500+00:00,9.5463,88.159,1.0000,1.0000,8.159,0.7677,1.3908
19,2026-06-17T09:20:05.062000+00:00,9.5488,97.062,1.0000,1.0000,17.062,1.0000,1.0000
19,2026-06-17T09:20:13.991000+00:00,9.5513,105.991,1.0000,1.0000,25.991,1.0000,1.0000
19,2026-06-17T09:20:22.961500+00:00,9.5538,114.962,1.0000,1.0000,34.962,1.0000,1.0000
19,2026-06-17T09:20:31.990500+00:00,9.5563,123.990,1.0000,1.0000,43.990,1.0000,1.0000
19,2026-06-17T09:20:40.969000+00:00,9.5588,132.969,1.0000,1.0000,52.969,0.6332,0.3646
19,2026-06-17T09:20:49.732500+00:00,9.5612,141.732,1.0000,1.0000,1.732,0.0505,13.0726
19,2026-06-17T09:20:58.698500+00:00,9.5637,150.698,1.0000,1.0000,10.698,0.9712,1.0578
19,2026-06-17T09:21:07.453500+00:00,9.5661,159.453,1.0000,1.0000,19.453,1.0000,1.0000
19,2026-06-17T09:21:16.140000+00:00,9.5685,168.140,1.0000,1.0000,28.140,1.0000,1.0000
20,2026-06-17T09:48:21.302500+00:00,10.0200,293.303,0.0304,0.2662,33.303,1.0000,1.0000
20,2026-06-17T09:48:30.518000+00:00,10.0225,2.518,0.0043,7.4393,42.518,1.0000,1.0000
20,2026-06-17T09:48:39.710500+00:00,10.0251,11.710,0.0911,1.6863,51.711,0.7820,0.4889
20,2026-06-17T09:48:48.457500+00:00,10.0275,20.457,nan,nan,0.458,nan,nan
20,2026-06-17T09:48:57.159000+00:00,10.0299,29.159,0.4780,1.1968,9.159,0.8680,1.2186
20,2026-06-17T09:49:05.668000+00:00,10.0323,37.668,0.6954,1.1196,17.668,1.0000,1.0000
20,2026-06-17T09:49:14.878500+00:00,10.0349,46.879,0.8866,1.0607,26.878,1.0000,1.0000
20,2026-06-17T09:49:23.864500+00:00,10.0373,55.864,0.9883,1.0140,35.864,1.0000,1.0000
20,2026-06-17T09:49:32.734500+00:00,10.0398,64.734,1.0000,1.0000,44.734,1.0000,1.0000
20,2026-06-17T09:49:41.475000+00:00,10.0422,73.475,1.0000,1.0000,53.475,0.5684,0.3133
20,2026-06-17T09:49:50.205500+00:00,10.0447,82.206,1.0000,1.0000,2.205,0.0810,8.0973
20,2026-06-17T09:49:59.164500+00:00,10.0472,91.165,1.0000,1.0000,11.165,0.9881,1.0312
20,2026-06-17T09:50:09.029000+00:00,10.0499,101.029,1.0000,1.0000,21.029,1.0000,1.0000
20,2026-06-17T09:50:17.864500+00:00,10.0523,109.865,1.0000,1.0000,29.864,1.0000,1.0000
20,2026-06-17T09:50:26.961000+00:00,10.0549,118.961,1.0000,1.0000,38.961,1.0000,1.0000
20,2026-06-17T09:50:35.752500+00:00,10.0573,127.752,1.0000,1.0000,47.752,1.0000,0.8757
20,2026-06-17T09:50:44.393000+00:00,10.0597,136.393,1.0000,1.0000,56.393,0.2067,0.0240
20,2026-06-17T09:50:53.246500+00:00,10.0622,145.246,1.0000,1.0000,5.247,0.4020,2.2945
20,2026-06-17T09:51:02.020000+00:00,10.0646,154.020,1.0000,1.0000,14.020,1.0000,1.0000
20,2026-06-17T09:51:10.836500+00:00,10.0671,162.837,1.0000,1.0000,22.837,1.0000,1.0000
21,2026-06-17T10:18:57.508000+00:00,10.5300,29.508,0.4871,1.1928,9.508,0.8973,1.1705
21,2026-06-17T10:19:06.506000+00:00,10.5325,38.506,0.7154,1.1135,18.506,1.0000,1.0000
21,2026-06-17T10:19:15.632500+00:00,10.5351,47.633,0.8988,1.0565,27.633,1.0000,1.0000
21,2026-06-17T10:19:24.133000+00:00,10.5374,56.133,0.9898,1.0127,36.133,1.0000,1.0000
21,2026-06-17T10:19:33.116000+00:00,10.5399,65.116,1.0000,1.0000,45.116,1.0000,0.9998
21,2026-06-17T10:19:42.076500+00:00,10.5424,74.076,1.0000,1.0000,54.077,0.4899,0.2510
21,2026-06-17T10:19:50.670500+00:00,10.5448,82.671,1.0000,1.0000,2.671,0.1173,5.8169
21,2026-06-17T10:19:59.245500+00:00,10.5472,91.246,1.0000,1.0000,11.245,0.9903,1.0275
21,2026-06-17T10:20:07.922500+00:00,10.5496,99.922,1.0000,1.0000,19.922,1.0000,1.0000
21,2026-06-17T10:20:17.263000+00:00,10.5522,109.263,1.0000,1.0000,29.263,1.0000,1.0000
21,2026-06-17T10:20:25.921500+00:00,10.5546,117.921,1.0000,1.0000,37.922,1.0000,1.0000
21,2026-06-17T10:20:35.912500+00:00,10.5574,127.912,1.0000,1.0000,47.913,1.0000,0.8615
21,2026-06-17T10:20:44.759000+00:00,10.5598,136.759,1.0000,1.0000,56.759,0.1693,0.0045
21,2026-06-17T10:20:53.869000+00:00,10.5623,145.869,1.0000,1.0000,5.869,0.4829,2.0135
21,2026-06-17T10:21:02.746000+00:00,10.5648,154.746,1.0000,1.0000,14.746,1.0000,1.0000
21,2026-06-17T10:21:11.428500+00:00,10.5672,163.429,1.0000,1.0000,23.428,1.0000,1.0000
21,2026-06-17T10:21:20.310500+00:00,10.5697,172.310,1.0000,1.0000,32.310,1.0000,1.0000
21,2026-06-17T10:21:29.486000+00:00,10.5722,181.486,1.0000,1.0000,41.486,1.0000,1.0000
21,2026-06-17T10:21:38.264500+00:00,10.5747,190.264,1.0000,1.0000,50.264,0.9147,0.6286
21,2026-06-17T10:21:46.977000+00:00,10.5771,198.977,nan,nan,58.977,nan,nan
22,2026-06-17T10:48:41.139000+00:00,11.0255,13.139,0.1137,1.5931,53.139,0.6116,0.3475
22,2026-06-17T10:48:50.763500+00:00,11.0282,22.764,0.3150,1.2873,2.764,0.1252,5.5038
22,2026-06-17T10:49:00.060500+00:00,11.0307,32.060,0.5538,1.1667,12.060,1.0000,1.0033
22,2026-06-17T10:49:09.305000+00:00,11.0333,41.305,0.7790,1.0943,21.305,1.0000,1.0000
22,2026-06-17T10:49:18.767500+00:00,11.0359,50.767,0.9427,1.0397,30.767,1.0000,1.0000
22,2026-06-17T10:49:28.296500+00:00,11.0386,60.297,1.0000,1.0000,40.297,1.0000,1.0000
22,2026-06-17T10:49:37.759000+00:00,11.0412,69.759,1.0000,1.0000,49.759,0.9479,0.6778
22,2026-06-17T10:49:47.504500+00:00,11.0439,79.504,nan,nan,59.505,nan,nan
22,2026-06-17T10:49:57.045500+00:00,11.0466,89.046,1.0000,1.0000,9.046,0.8577,1.2360
22,2026-06-17T10:50:06.684000+00:00,11.0492,98.684,1.0000,1.0000,18.684,1.0000,1.0000
22,2026-06-17T10:50:16.296000+00:00,11.0519,108.296,1.0000,1.0000,28.296,1.0000,1.0000
22,2026-06-17T10:50:26.212500+00:00,11.0547,118.213,1.0000,1.0000,38.212,1.0000,1.0000
22,2026-06-17T10:50:35.617000+00:00,11.0573,127.617,1.0000,1.0000,47.617,1.0000,0.8871
22,2026-06-17T10:50:45.018000+00:00,11.0599,137.018,nan,nan,57.018,nan,nan
22,2026-06-17T10:50:53.940500+00:00,11.0624,145.940,1.0000,1.0000,5.941,0.4922,1.9860
22,2026-06-17T10:51:03.354500+00:00,11.0650,155.355,1.0000,1.0000,15.354,1.0000,1.0000
22,2026-06-17T10:51:12.561500+00:00,11.0675,164.561,1.0000,1.0000,24.561,1.0000,1.0000
22,2026-06-17T10:51:21.833500+00:00,11.0701,173.833,1.0000,1.0000,33.834,1.0000,1.0000
22,2026-06-17T10:51:31.496000+00:00,11.0728,183.496,1.0000,1.0000,43.496,1.0000,1.0000
22,2026-06-17T10:51:40.730500+00:00,11.0754,192.731,1.0000,1.0000,52.730,0.6631,0.3886
23,2026-06-17T11:18:46.230000+00:00,11.5269,18.230,nan,nan,58.230,nan,nan
23,2026-06-17T11:18:56.291500+00:00,11.5297,28.291,0.4553,1.2068,8.291,0.7822,1.3657
23,2026-06-17T11:19:06.050000+00:00,11.5324,38.050,0.7046,1.1168,18.050,1.0000,1.0000
23,2026-06-17T11:19:15.574000+00:00,11.5350,47.574,0.8979,1.0568,27.574,1.0000,1.0000
23,2026-06-17T11:19:25.127000+00:00,11.5377,57.127,0.9944,1.0078,37.127,1.0000,1.0000
23,2026-06-17T11:19:34.539500+00:00,11.5403,66.540,1.0000,1.0000,46.539,1.0000,0.9599
23,2026-06-17T11:19:44.359500+00:00,11.5430,76.359,1.0000,1.0000,56.359,0.2104,0.0263
23,2026-06-17T11:19:54.156000+00:00,11.5458,86.156,1.0000,1.0000,6.156,0.5204,1.9067
23,2026-06-17T11:20:03.835000+00:00,11.5485,95.835,1.0000,1.0000,15.835,1.0000,1.0000
23,2026-06-17T11:20:13.540500+00:00,11.5511,105.540,1.0000,1.0000,25.541,1.0000,1.0000
23,2026-06-17T11:20:23.845500+00:00,11.5540,115.846,1.0000,1.0000,35.846,1.0000,1.0000
23,2026-06-17T11:20:33.739000+00:00,11.5568,125.739,1.0000,1.0000,45.739,1.0000,0.9907
23,2026-06-17T11:20:43.512000+00:00,11.5595,135.512,1.0000,1.0000,55.512,0.3071,0.1014
23,2026-06-17T11:20:53.504000+00:00,11.5622,145.504,1.0000,1.0000,5.504,0.4353,2.1687
23,2026-06-17T11:21:03.453500+00:00,11.5650,155.453,1.0000,1.0000,15.454,1.0000,1.0000
23,2026-06-17T11:21:13.021000+00:00,11.5677,165.021,1.0000,1.0000,25.021,1.0000,1.0000
23,2026-06-17T11:21:22.710000+00:00,11.5704,174.710,1.0000,1.0000,34.710,1.0000,1.0000
23,2026-06-17T11:21:32.681500+00:00,11.5731,184.681,1.0000,1.0000,44.681,1.0000,1.0000
23,2026-06-17T11:21:43.662500+00:00,11.5762,195.662,1.0000,1.0000,55.663,0.2891,0.0866
24,2026-06-17T11:49:49.946500+00:00,12.0446,81.947,1.0000,1.0000,1.946,0.0635,10.2757
24,2026-06-17T11:49:58.931000+00:00,12.0471,90.931,1.0000,1.0000,10.931,0.9806,1.0434
24,2026-06-17T11:50:07.807000+00:00,12.0496,99.807,1.0000,1.0000,19.807,1.0000,1.0000
24,2026-06-17T11:50:16.672000+00:00,12.0520,108.672,1.0000,1.0000,28.672,1.0000,1.0000
24,2026-06-17T11:50:25.257500+00:00,12.0544,117.257,1.0000,1.0000,37.258,1.0000,1.0000
24,2026-06-17T11:50:34.354000+00:00,12.0569,126.354,1.0000,1.0000,46.354,1.0000,0.9689
24,2026-06-17T11:50:43.288500+00:00,12.0594,135.288,1.0000,1.0000,55.288,0.3345,0.1241
24,2026-06-17T11:50:52.195500+00:00,12.0619,144.196,1.0000,1.0000,4.196,0.2724,3.0236
24,2026-06-17T11:51:01.136500+00:00,12.0644,153.137,1.0000,1.0000,13.136,1.0000,1.0000
24,2026-06-17T11:51:10.097500+00:00,12.0669,162.097,1.0000,1.0000,22.098,1.0000,1.0000
24,2026-06-17T11:51:18.519000+00:00,12.0692,170.519,1.0000,1.0000,30.519,1.0000,1.0000
24,2026-06-17T11:51:27.246000+00:00,12.0716,179.246,1.0000,1.0000,39.246,1.0000,1.0000
24,2026-06-17T11:51:35.760500+00:00,12.0740,187.761,1.0000,1.0000,47.761,1.0000,0.8750
24,2026-06-17T11:51:44.620000+00:00,12.0764,196.620,1.0000,1.0000,56.620,0.1832,0.0104
24,2026-06-17T11:51:53.786500+00:00,12.0790,205.786,1.0000,1.0000,5.787,0.4720,2.0467
24,2026-06-17T11:52:02.574500+00:00,12.0814,214.575,1.0000,1.0000,14.575,1.0000,1.0000
24,2026-06-17T11:52:11.446000+00:00,12.0839,223.446,1.0000,1.0000,23.446,1.0000,1.0000
24,2026-06-17T11:52:20.343000+00:00,12.0864,232.343,1.0000,1.0000,32.343,1.0000,1.0000
24,2026-06-17T11:52:29.494500+00:00,12.0889,241.494,0.9985,0.9869,41.495,1.0000,1.0000
24,2026-06-17T11:52:38.354000+00:00,12.0914,250.354,0.9283,0.9441,50.354,0.9080,0.6199
25,2026-06-17T12:18:51.864500+00:00,12.5285,23.864,0.3421,1.2685,3.865,0.2348,3.3691
25,2026-06-17T12:19:02.373000+00:00,12.5314,34.373,0.6135,1.1458,14.373,1.0000,1.0000
25,2026-06-17T12:19:12.597000+00:00,12.5342,44.597,0.8460,1.0738,24.597,1.0000,1.0000
25,2026-06-17T12:19:22.816500+00:00,12.5371,54.816,0.9817,1.0191,34.816,1.0000,1.0000
25,2026-06-17T12:19:32.841000+00:00,12.5398,64.841,1.0000,1.0000,44.841,1.0000,1.0000
25,2026-06-17T12:19:42.940000+00:00,12.5426,74.940,1.0000,1.0000,54.940,0.3781,0.1603
25,2026-06-17T12:19:53.373500+00:00,12.5455,85.374,1.0000,1.0000,5.373,0.4183,2.2307
25,2026-06-17T12:20:03.828500+00:00,12.5484,95.829,1.0000,1.0000,15.829,1.0000,1.0000
25,2026-06-17T12:20:13.915000+00:00,12.5513,105.915,1.0000,1.0000,25.915,1.0000,1.0000
25,2026-06-17T12:20:23.943000+00:00,12.5540,115.943,1.0000,1.0000,35.943,1.0000,1.0000
25,2026-06-17T12:20:33.836500+00:00,12.5568,125.837,1.0000,1.0000,45.837,1.0000,0.9880
25,2026-06-17T12:20:43.847500+00:00,12.5596,135.847,1.0000,1.0000,55.847,0.2674,0.0690
25,2026-06-17T12:20:53.650000+00:00,12.5623,145.650,1.0000,1.0000,5.650,0.4543,2.1037
25,2026-06-17T12:21:03.800500+00:00,12.5651,155.800,1.0000,1.0000,15.800,1.0000,1.0000
25,2026-06-17T12:21:14.108500+00:00,12.5680,166.108,1.0000,1.0000,26.108,1.0000,1.0000
25,2026-06-17T12:21:24.131500+00:00,12.5708,176.131,1.0000,1.0000,36.132,1.0000,1.0000
25,2026-06-17T12:21:34.064000+00:00,12.5735,186.064,1.0000,1.0000,46.064,1.0000,0.9807
25,2026-06-17T12:21:43.908000+00:00,12.5762,195.908,1.0000,1.0000,55.908,0.2604,0.0634
25,2026-06-17T12:21:53.836000+00:00,12.5790,205.836,1.0000,1.0000,5.836,0.4786,2.0266
25,2026-06-17T12:22:03.624500+00:00,12.5817,215.625,1.0000,1.0000,15.624,1.0000,1.0000
26,2026-06-17T12:48:42.907000+00:00,13.0260,14.907,0.1447,1.5050,54.907,0.3823,0.1637
26,2026-06-17T12:48:52.148500+00:00,13.0285,24.148,0.3492,1.2639,4.149,0.2670,3.0681
26,2026-06-17T12:49:01.328500+00:00,13.0311,33.328,0.5867,1.1549,13.329,1.0000,1.0000
26,2026-06-17T12:49:10.463000+00:00,13.0336,42.463,0.8036,1.0869,22.463,1.0000,1.0000
26,2026-06-17T12:49:19.492500+00:00,13.0361,51.492,0.9512,1.0359,31.492,1.0000,1.0000
26,2026-06-17T12:49:28.574000+00:00,13.0387,60.574,1.0000,1.0000,40.574,1.0000,1.0000
26,2026-06-17T12:49:37.772000+00:00,13.0412,69.772,1.0000,1.0000,49.772,0.9471,0.6765
26,2026-06-17T12:49:47.446000+00:00,13.0439,79.446,nan,nan,59.446,nan,nan
26,2026-06-17T12:49:56.791000+00:00,13.0465,88.791,1.0000,1.0000,8.791,0.8337,1.2774
26,2026-06-17T12:50:05.915500+00:00,13.0490,97.915,1.0000,1.0000,17.916,1.0000,1.0000
26,2026-06-17T12:50:15.288000+00:00,13.0516,107.288,1.0000,1.0000,27.288,1.0000,1.0000
26,2026-06-17T12:50:25.232000+00:00,13.0544,117.232,1.0000,1.0000,37.232,1.0000,1.0000
26,2026-06-17T12:50:34.769000+00:00,13.0570,126.769,1.0000,1.0000,46.769,1.0000,0.9473
26,2026-06-17T12:50:43.939000+00:00,13.0596,135.939,1.0000,1.0000,55.939,0.2568,0.0605
26,2026-06-17T12:50:53.075500+00:00,13.0621,145.076,1.0000,1.0000,5.075,0.3801,2.3868
26,2026-06-17T12:51:01.945000+00:00,13.0646,153.945,1.0000,1.0000,13.945,1.0000,1.0000
26,2026-06-17T12:51:10.708000+00:00,13.0670,162.708,1.0000,1.0000,22.708,1.0000,1.0000
26,2026-06-17T12:51:20.685000+00:00,13.0698,172.685,1.0000,1.0000,32.685,1.0000,1.0000
26,2026-06-17T12:51:29.687500+00:00,13.0723,181.688,1.0000,1.0000,41.688,1.0000,1.0000
27,2026-06-17T13:18:41.540500+00:00,13.5256,13.540,0.1205,1.5709,53.541,0.5600,0.3066
27,2026-06-17T13:18:50.338000+00:00,13.5280,22.338,0.3047,1.2951,2.338,0.0908,7.2877
27,2026-06-17T13:18:59.780500+00:00,13.5307,31.780,0.5465,1.1694,11.780,0.9992,1.0089
27,2026-06-17T13:19:08.838000+00:00,13.5332,40.838,0.7688,1.0974,20.838,1.0000,1.0000
27,2026-06-17T13:19:18.193500+00:00,13.5358,50.194,0.9355,1.0427,30.194,1.0000,1.0000
27,2026-06-17T13:19:27.319000+00:00,13.5383,59.319,0.9997,1.0010,39.319,1.0000,1.0000
27,2026-06-17T13:19:36.956000+00:00,13.5410,68.956,1.0000,1.0000,48.956,0.9844,0.7576
27,2026-06-17T13:19:46.176000+00:00,13.5435,78.176,nan,nan,58.176,nan,nan
27,2026-06-17T13:19:55.777000+00:00,13.5462,87.777,1.0000,1.0000,7.777,0.7243,1.4676
27,2026-06-17T13:20:04.751000+00:00,13.5487,96.751,1.0000,1.0000,16.751,1.0000,1.0000
27,2026-06-17T13:20:13.877500+00:00,13.5512,105.877,1.0000,1.0000,25.878,1.0000,1.0000
27,2026-06-17T13:20:23.168000+00:00,13.5538,115.168,1.0000,1.0000,35.168,1.0000,1.0000
27,2026-06-17T13:20:32.190500+00:00,13.5563,124.191,1.0000,1.0000,44.191,1.0000,1.0000
27,2026-06-17T13:20:41.002500+00:00,13.5588,133.002,1.0000,1.0000,53.002,0.6290,0.3613
27,2026-06-17T13:20:49.934000+00:00,13.5613,141.934,1.0000,1.0000,1.934,0.0627,10.4029
27,2026-06-17T13:20:58.996000+00:00,13.5638,150.996,1.0000,1.0000,10.996,0.9828,1.0398
27,2026-06-17T13:21:08.143500+00:00,13.5663,160.143,1.0000,1.0000,20.143,1.0000,1.0000
27,2026-06-17T13:21:17.164500+00:00,13.5688,169.165,1.0000,1.0000,29.165,1.0000,1.0000
27,2026-06-17T13:21:26.880500+00:00,13.5715,178.881,1.0000,1.0000,38.880,1.0000,1.0000
27,2026-06-17T13:21:36.066500+00:00,13.5741,188.066,1.0000,1.0000,48.066,0.9999,0.8473
28,2026-06-17T13:46:19.116500+00:00,13.9860,171.117,1.0000,1.0000,31.116,1.0000,1.0000
28,2026-06-17T13:46:28.245000+00:00,13.9886,180.245,1.0000,1.0000,40.245,1.0000,1.0000
28,2026-06-17T13:46:37.382000+00:00,13.9911,189.382,1.0000,1.0000,49.382,0.9676,0.7149
28,2026-06-17T13:46:46.539000+00:00,13.9936,198.539,nan,nan,58.539,nan,nan
28,2026-06-17T13:46:55.882500+00:00,13.9962,207.882,1.0000,1.0000,7.883,0.7365,1.4457
28,2026-06-17T13:47:05.072500+00:00,13.9988,217.072,1.0000,1.0000,17.073,1.0000,1.0000
28,2026-06-17T13:47:14.369000+00:00,14.0014,226.369,1.0000,1.0000,26.369,1.0000,1.0000
28,2026-06-17T13:47:23.788000+00:00,14.0040,235.788,1.0000,1.0000,35.788,1.0000,1.0000
28,2026-06-17T13:47:32.781000+00:00,14.0065,244.781,0.9844,0.9712,44.781,1.0000,1.0000
28,2026-06-17T13:47:41.993500+00:00,14.0091,253.994,0.8717,0.9256,53.993,0.5008,0.2597
28,2026-06-17T13:47:50.986500+00:00,14.0115,262.986,0.6795,0.8737,2.986,0.1452,4.8739
28,2026-06-17T13:48:00.082500+00:00,14.0141,272.082,0.4456,0.8035,12.082,1.0000,1.0030
28,2026-06-17T13:48:09.140000+00:00,14.0166,281.140,0.2246,0.6905,21.140,1.0000,1.0000
28,2026-06-17T13:48:18.356000+00:00,14.0192,290.356,0.0624,0.4348,30.356,1.0000,1.0000
28,2026-06-17T13:48:27.204000+00:00,14.0216,299.204,nan,nan,39.204,nan,nan
28,2026-06-17T13:48:36.567000+00:00,14.0242,8.567,0.0495,2.0238,48.567,0.9945,0.7973
28,2026-06-17T13:48:45.966000+00:00,14.0268,17.966,nan,nan,57.966,nan,nan
28,2026-06-17T13:48:55.028500+00:00,14.0293,27.029,0.4225,1.2225,7.029,0.6330,1.6432
28,2026-06-17T13:49:04.234000+00:00,14.0319,36.234,0.6603,1.1305,16.234,1.0000,1.0000
28,2026-06-17T13:49:13.151000+00:00,14.0344,45.151,0.8563,1.0706,25.151,1.0000,1.0000
29,2026-06-17T14:16:53.643500+00:00,14.4956,205.643,1.0000,1.0000,5.644,0.4533,2.1067
29,2026-06-17T14:17:02.740500+00:00,14.4981,214.740,1.0000,1.0000,14.741,1.0000,1.0000
29,2026-06-17T14:17:11.591500+00:00,14.5006,223.591,1.0000,1.0000,23.591,1.0000,1.0000
29,2026-06-17T14:17:20.336000+00:00,14.5030,232.336,1.0000,1.0000,32.336,1.0000,1.0000
29,2026-06-17T14:17:28.952000+00:00,14.5054,240.952,0.9994,0.9895,40.952,1.0000,1.0000
29,2026-06-17T14:17:37.611000+00:00,14.5078,249.611,0.9380,0.9478,49.611,0.9561,0.6923
29,2026-06-17T14:17:46.401500+00:00,14.5103,258.401,nan,nan,58.401,nan,nan
29,2026-06-17T14:17:55.155000+00:00,14.5127,267.155,0.5742,0.8447,7.155,0.6489,1.6107
29,2026-06-17T14:18:03.776000+00:00,14.5151,275.776,0.3511,0.7652,15.776,1.0000,1.0000
29,2026-06-17T14:18:12.442500+00:00,14.5175,284.442,0.1569,0.6259,24.442,1.0000,1.0000
29,2026-06-17T14:18:20.955000+00:00,14.5199,292.955,0.0336,0.2900,32.955,1.0000,1.0000
29,2026-06-17T14:18:29.604000+00:00,14.5223,1.604,0.0018,17.3121,41.604,1.0000,1.0000
29,2026-06-17T14:18:38.152500+00:00,14.5247,10.152,0.0690,1.8230,50.153,0.9227,0.6394
29,2026-06-17T14:18:47.055500+00:00,14.5271,19.055,nan,nan,59.056,nan,nan
29,2026-06-17T14:18:55.604500+00:00,14.5295,27.605,0.4374,1.2152,7.604,0.7039,1.5050
29,2026-06-17T14:19:04.005000+00:00,14.5318,36.005,0.6546,1.1323,16.005,1.0000,1.0000
29,2026-06-17T14:19:12.588000+00:00,14.5342,44.588,0.8458,1.0739,24.588,1.0000,1.0000
29,2026-06-17T14:19:21.246500+00:00,14.5366,53.246,0.9691,1.0270,33.246,1.0000,1.0000
29,2026-06-17T14:19:30.055500+00:00,14.5391,62.056,1.0000,1.0000,42.056,1.0000,1.0000
29,2026-06-17T14:19:39.221000+00:00,14.5416,71.221,1.0000,1.0000,51.221,0.8324,0.5362
30,2026-06-17T14:45:57.163000+00:00,14.9799,149.163,1.0000,1.0000,9.163,0.8683,1.2180
30,2026-06-17T14:46:07.126500+00:00,14.9827,159.126,1.0000,1.0000,19.127,1.0000,1.0000
30,2026-06-17T14:46:17.030500+00:00,14.9855,169.030,1.0000,1.0000,29.030,1.0000,1.0000
30,2026-06-17T14:46:26.693500+00:00,14.9881,178.694,1.0000,1.0000,38.694,1.0000,1.0000
30,2026-06-17T14:46:36.222000+00:00,14.9908,188.222,1.0000,1.0000,48.222,0.9991,0.8323
30,2026-06-17T14:46:45.920500+00:00,14.9935,197.921,nan,nan,57.920,nan,nan
30,2026-06-17T14:46:55.526500+00:00,14.9961,207.526,1.0000,1.0000,7.527,0.6945,1.5224
30,2026-06-17T14:47:05.166500+00:00,14.9988,217.167,1.0000,1.0000,17.166,1.0000,1.0000
30,2026-06-17T14:47:15.035500+00:00,15.0016,227.036,1.0000,1.0000,27.035,1.0000,1.0000
30,2026-06-17T14:47:25.159000+00:00,15.0044,237.159,1.0000,1.0000,37.159,1.0000,1.0000
30,2026-06-17T14:47:35.080500+00:00,15.0071,247.081,0.9660,0.9602,47.081,1.0000,0.9276
30,2026-06-17T14:47:44.727500+00:00,15.0098,256.728,0.8202,0.9109,56.727,0.1725,0.0056
30,2026-06-17T14:47:54.417000+00:00,15.0125,266.417,0.5932,0.8501,6.417,0.5545,1.8195
30,2026-06-17T14:48:04.137500+00:00,15.0152,276.137,0.3421,0.7610,16.137,1.0000,1.0000
30,2026-06-17T14:48:13.790000+00:00,15.0179,285.790,0.1321,0.5930,25.790,1.0000,1.0000
30,2026-06-17T14:48:23.568500+00:00,15.0206,295.568,0.0134,0.0846,35.569,1.0000,1.0000
30,2026-06-17T14:48:33.050000+00:00,15.0232,5.050,0.0174,3.0987,45.050,1.0000,1.0000
30,2026-06-17T14:48:42.718500+00:00,15.0259,14.719,0.1413,1.5133,54.718,0.4064,0.1836
30,2026-06-17T14:48:52.427000+00:00,15.0286,24.427,0.3562,1.2595,4.427,0.2999,2.8241
30,2026-06-17T14:49:02.380500+00:00,15.0314,34.380,0.6137,1.1457,14.380,1.0000,1.0000
31,2026-06-17T15:16:20.681500+00:00,15.4865,172.681,1.0000,1.0000,32.681,1.0000,1.0000
31,2026-06-17T15:16:30.049500+00:00,15.4891,182.049,1.0000,1.0000,42.050,1.0000,1.0000
31,2026-06-17T15:16:39.562500+00:00,15.4917,191.562,1.0000,1.0000,51.562,0.7978,0.5032
31,2026-06-17T15:16:48.528000+00:00,15.4942,200.528,1.0000,1.0000,0.528,0.0048,14779.0037
31,2026-06-17T15:16:57.848000+00:00,15.4968,209.848,1.0000,1.0000,9.848,0.9227,1.1309
31,2026-06-17T15:17:07.263000+00:00,15.4994,219.263,1.0000,1.0000,19.263,1.0000,1.0000
31,2026-06-17T15:17:16.174000+00:00,15.5019,228.174,1.0000,1.0000,28.174,1.0000,1.0000
31,2026-06-17T15:17:24.742500+00:00,15.5043,236.743,1.0000,1.0000,36.742,1.0000,1.0000
31,2026-06-17T15:17:33.912000+00:00,15.5068,245.912,0.9762,0.9658,45.912,1.0000,0.9858
31,2026-06-17T15:17:42.753500+00:00,15.5093,254.754,0.8581,0.9216,54.754,0.4020,0.1799
31,2026-06-17T15:17:51.898500+00:00,15.5118,263.899,0.6570,0.8677,3.898,0.2385,3.3298
31,2026-06-17T15:18:00.941000+00:00,15.5143,272.941,0.4233,0.7953,12.941,1.0000,1.0000
31,2026-06-17T15:18:09.916500+00:00,15.5168,281.916,0.2079,0.6770,21.916,1.0000,1.0000
31,2026-06-17T15:18:18.649000+00:00,15.5192,290.649,0.0587,0.4210,30.649,1.0000,1.0000
31,2026-06-17T15:18:27.560500+00:00,15.5217,299.560,nan,nan,39.560,nan,nan
31,2026-06-17T15:18:36.446000+00:00,15.5242,8.446,0.0481,2.0429,48.446,0.9966,0.8099
31,2026-06-17T15:18:45.282500+00:00,15.5266,17.282,nan,nan,57.282,nan,nan
31,2026-06-17T15:18:54.561000+00:00,15.5292,26.561,0.4105,1.2286,6.561,0.5732,1.7746
31,2026-06-17T15:19:03.503000+00:00,15.5317,35.503,0.6421,1.1364,15.503,1.0000,1.0000
31,2026-06-17T15:19:12.369500+00:00,15.5342,44.370,0.8417,1.0752,24.369,1.0000,1.0000
32,2026-06-17T15:47:02.306000+00:00,15.9980,214.306,1.0000,1.0000,14.306,1.0000,1.0000
32,2026-06-17T15:47:12.137500+00:00,16.0008,224.137,1.0000,1.0000,24.137,1.0000,1.0000
32,2026-06-17T15:47:21.959000+00:00,16.0035,233.959,1.0000,1.0000,33.959,1.0000,1.0000
32,2026-06-17T15:47:31.653000+00:00,16.0062,243.653,0.9909,0.9766,43.653,1.0000,1.0000
32,2026-06-17T15:47:41.445500+00:00,16.0089,253.446,0.8811,0.9284,53.446,0.5723,0.3163
32,2026-06-17T15:47:51.659000+00:00,16.0117,263.659,0.6630,0.8693,3.659,0.2124,3.6282
32,2026-06-17T15:48:01.230000+00:00,16.0144,273.230,0.4158,0.7924,13.230,1.0000,1.0000
32,2026-06-17T15:48:10.592500+00:00,16.0170,282.592,0.1937,0.6644,22.593,1.0000,1.0000
32,2026-06-17T15:48:20.104500+00:00,16.0196,292.104,0.0421,0.3436,32.105,1.0000,1.0000
32,2026-06-17T15:48:29.625500+00:00,16.0223,1.625,0.0018,16.8237,41.626,1.0000,1.0000
32,2026-06-17T15:48:39.346000+00:00,16.0250,11.346,0.0857,1.7144,51.346,0.8200,0.5241
32,2026-06-17T15:48:48.961000+00:00,16.0277,20.961,0.2721,1.3224,0.961,0.0157,67.8180
32,2026-06-17T15:48:58.585000+00:00,16.0303,30.585,0.5153,1.1814,10.585,0.9661,1.0656
32,2026-06-17T15:49:08.363000+00:00,16.0330,40.363,0.7582,1.1006,20.363,1.0000,1.0000
32,2026-06-17T15:49:17.886000+00:00,16.0357,49.886,0.9315,1.0443,29.886,1.0000,1.0000
32,2026-06-17T15:49:27.580500+00:00,16.0384,59.581,0.9999,1.0006,39.581,1.0000,1.0000
32,2026-06-17T15:49:37.205000+00:00,16.0411,69.205,1.0000,1.0000,49.205,0.9753,0.7325
32,2026-06-17T15:49:46.741500+00:00,16.0437,78.742,nan,nan,58.742,nan,nan
32,2026-06-17T15:49:56.702000+00:00,16.0465,88.702,1.0000,1.0000,8.702,0.8249,1.2924
32,2026-06-17T15:50:06.344000+00:00,16.0491,98.344,1.0000,1.0000,18.344,1.0000,1.0000
33,2026-06-17T16:16:07.245500+00:00,16.4827,159.245,1.0000,1.0000,19.245,1.0000,1.0000
33,2026-06-17T16:16:16.580500+00:00,16.4853,168.581,1.0000,1.0000,28.581,1.0000,1.0000
33,2026-06-17T16:16:25.708000+00:00,16.4879,177.708,1.0000,1.0000,37.708,1.0000,1.0000
33,2026-06-17T16:16:34.763000+00:00,16.4904,186.763,1.0000,1.0000,46.763,1.0000,0.9476
33,2026-06-17T16:16:43.826000+00:00,16.4929,195.826,1.0000,1.0000,55.826,0.2699,0.0709
33,2026-06-17T16:16:52.765000+00:00,16.4954,204.765,1.0000,1.0000,4.765,0.3412,2.5761
33,2026-06-17T16:17:01.704500+00:00,16.4979,213.704,1.0000,1.0000,13.704,1.0000,1.0000
33,2026-06-17T16:17:10.595000+00:00,16.5003,222.595,1.0000,1.0000,22.595,1.0000,1.0000
33,2026-06-17T16:17:19.621500+00:00,16.5028,231.621,1.0000,1.0000,31.622,1.0000,1.0000
33,2026-06-17T16:17:28.448500+00:00,16.5053,240.448,0.9999,0.9919,40.449,1.0000,1.0000
33,2026-06-17T16:17:37.673500+00:00,16.5079,249.673,0.9372,0.9475,49.673,0.9528,0.6862
33,2026-06-17T16:17:46.968000+00:00,16.5104,258.968,nan,nan,58.968,nan,nan
33,2026-06-17T16:17:55.881500+00:00,16.5129,267.882,0.5553,0.8392,7.881,0.7364,1.4459
33,2026-06-17T16:18:05.004500+00:00,16.5154,277.005,0.3207,0.7505,17.005,1.0000,1.0000
33,2026-06-17T16:18:13.917500+00:00,16.5179,285.918,0.1299,0.5896,25.918,1.0000,1.0000
33,2026-06-17T16:18:23.048000+00:00,16.5205,295.048,0.0167,0.1289,35.048,1.0000,1.0000
33,2026-06-17T16:18:31.801000+00:00,16.5229,3.801,0.0099,4.2106,43.801,1.0000,1.0000
33,2026-06-17T16:18:41.066500+00:00,16.5255,13.066,0.1125,1.5973,53.066,0.6209,0.3549
33,2026-06-17T16:18:50.300500+00:00,16.5280,22.300,0.3038,1.2958,2.300,0.0879,7.5028
33,2026-06-17T16:18:59.144500+00:00,16.5305,31.145,0.5299,1.1756,11.145,0.9875,1.0322
34,2026-06-17T16:47:04.074500+00:00,16.9985,216.075,1.0000,1.0000,16.075,1.0000,1.0000
34,2026-06-17T16:47:14.151500+00:00,17.0013,226.151,1.0000,1.0000,26.151,1.0000,1.0000
34,2026-06-17T16:47:24.095500+00:00,17.0041,236.095,1.0000,1.0000,36.096,1.0000,1.0000
34,2026-06-17T16:47:33.992500+00:00,17.0068,245.993,0.9756,0.9654,45.992,1.0000,0.9832
34,2026-06-17T16:47:44.048000+00:00,17.0096,256.048,0.8336,0.9146,56.048,0.2445,0.0509
34,2026-06-17T16:47:53.687000+00:00,17.0123,265.687,0.6119,0.8554,5.687,0.4591,2.0879
34,2026-06-17T16:48:03.564000+00:00,17.0150,275.564,0.3564,0.7676,15.564,1.0000,1.0000
34,2026-06-17T16:48:13.560000+00:00,17.0178,285.560,0.1362,0.5989,25.560,1.0000,1.0000
34,2026-06-17T16:48:23.549000+00:00,17.0206,295.549,0.0135,0.0862,35.549,1.0000,1.0000
34,2026-06-17T16:48:33.232500+00:00,17.0233,5.232,0.0186,2.9951,45.233,1.0000,0.9991
34,2026-06-17T16:48:42.922500+00:00,17.0260,14.922,0.1450,1.5044,54.922,0.3804,0.1621
34,2026-06-17T16:48:52.756000+00:00,17.0287,24.756,0.3644,1.2544,4.756,0.3400,2.5821
34,2026-06-17T16:49:02.573500+00:00,17.0314,34.574,0.6186,1.1441,14.573,1.0000,1.0000
34,2026-06-17T16:49:12.142500+00:00,17.0341,44.142,0.8373,1.0766,24.142,1.0000,1.0000
34,2026-06-17T16:49:21.709500+00:00,17.0368,53.709,0.9731,1.0246,33.709,1.0000,1.0000
34,2026-06-17T16:49:31.596500+00:00,17.0395,63.596,1.0000,1.0000,43.596,1.0000,1.0000
34,2026-06-17T16:49:41.369500+00:00,17.0422,73.370,1.0000,1.0000,53.370,0.5821,0.3241
34,2026-06-17T16:49:53.196500+00:00,17.0455,85.197,1.0000,1.0000,5.197,0.3955,2.3207
34,2026-06-17T16:50:02.604000+00:00,17.0481,94.604,1.0000,1.0000,14.604,1.0000,1.0000
34,2026-06-17T16:50:12.373000+00:00,17.0508,104.373,1.0000,1.0000,24.373,1.0000,1.0000
34,2026-06-17T16:50:22.099000+00:00,17.0535,114.099,1.0000,1.0000,34.099,1.0000,1.0000
35,2026-06-17T17:16:28.127000+00:00,17.4885,180.127,1.0000,1.0000,40.127,1.0000,1.0000
35,2026-06-17T17:16:38.277000+00:00,17.4914,190.277,1.0000,1.0000,50.277,0.9137,0.6273
35,2026-06-17T17:16:48.240500+00:00,17.4941,200.240,nan,nan,0.240,nan,nan
35,2026-06-17T17:16:58.629000+00:00,17.4970,210.629,1.0000,1.0000,10.629,0.9681,1.0625
35,2026-06-17T17:17:08.439000+00:00,17.4997,220.439,1.0000,1.0000,20.439,1.0000,1.0000
35,2026-06-17T17:17:17.885000+00:00,17.5024,229.885,1.0000,1.0000,29.885,1.0000,1.0000
35,2026-06-17T17:17:27.658500+00:00,17.5051,239.659,1.0000,0.9952,39.658,1.0000,1.0000
35,2026-06-17T17:17:39.759000+00:00,17.5084,251.759,0.9082,0.9371,51.759,0.7767,0.4841
35,2026-06-17T17:17:49.581000+00:00,17.5112,261.581,0.7133,0.8826,1.581,0.0422,16.0069
35,2026-06-17T17:17:59.028500+00:00,17.5138,271.029,0.4731,0.8131,11.028,0.9839,1.0381
35,2026-06-17T17:18:08.669000+00:00,17.5165,280.669,0.2350,0.6984,20.669,1.0000,1.0000
35,2026-06-17T17:18:18.358000+00:00,17.5192,290.358,0.0624,0.4347,30.358,1.0000,1.0000
35,2026-06-17T17:18:28.426500+00:00,17.5219,0.426,nan,nan,40.426,nan,nan
35,2026-06-17T17:18:38.127000+00:00,17.5246,10.127,0.0687,1.8256,50.127,0.9244,0.6419
35,2026-06-17T17:18:47.846500+00:00,17.5273,19.846,nan,nan,59.846,nan,nan
35,2026-06-17T17:18:57.625500+00:00,17.5301,29.625,0.4902,1.1916,9.626,0.9064,1.1561
35,2026-06-17T17:19:07.036500+00:00,17.5327,39.036,0.7278,1.1097,19.037,1.0000,1.0000
35,2026-06-17T17:19:16.900000+00:00,17.5354,48.900,0.9179,1.0496,28.900,1.0000,1.0000
35,2026-06-17T17:19:26.592500+00:00,17.5381,58.593,0.9986,1.0025,38.593,1.0000,1.0000
35,2026-06-17T17:19:36.476000+00:00,17.5409,68.476,1.0000,1.0000,48.476,0.9961,0.8068
36,2026-06-17T17:47:37.450500+00:00,18.0078,249.451,0.9400,0.9486,49.450,0.9644,0.7082
36,2026-06-17T17:47:47.303500+00:00,18.0105,259.303,nan,nan,59.303,nan,nan
36,2026-06-17T17:47:57.063000+00:00,18.0132,269.063,0.5245,0.8298,9.063,0.8594,1.2332
36,2026-06-17T17:48:06.611500+00:00,18.0159,278.611,0.2821,0.7293,18.611,1.0000,1.0000
36,2026-06-17T17:48:16.218000+00:00,18.0186,288.218,0.0921,0.5200,28.218,1.0000,1.0000
36,2026-06-17T17:48:25.746500+00:00,18.0212,297.747,nan,nan,37.746,nan,nan
36,2026-06-17T17:48:35.176500+00:00,18.0238,7.176,0.0349,2.2922,47.176,1.0000,0.9210
36,2026-06-17T17:48:44.713500+00:00,18.0265,16.713,0.1795,1.4359,56.714,0.1739,0.0062
36,2026-06-17T17:48:54.234000+00:00,18.0291,26.234,0.4020,1.2330,6.234,0.5306,1.8799
36,2026-06-17T17:49:03.814000+00:00,18.0318,35.814,0.6499,1.1339,15.814,1.0000,1.0000
36,2026-06-17T17:49:13.464000+00:00,18.0345,45.464,0.8620,1.0688,25.464,1.0000,1.0000
36,2026-06-17T17:49:22.932000+00:00,18.0371,54.932,0.9825,1.0186,34.932,1.0000,1.0000
36,2026-06-17T17:49:32.528000+00:00,18.0398,64.528,1.0000,1.0000,44.528,1.0000,1.0000
36,2026-06-17T17:49:42.270500+00:00,18.0425,74.270,1.0000,1.0000,54.270,0.4646,0.2307
36,2026-06-17T17:49:51.603000+00:00,18.0451,83.603,1.0000,1.0000,3.603,0.2064,3.7064
36,2026-06-17T17:50:01.791000+00:00,18.0479,93.791,1.0000,1.0000,13.791,1.0000,1.0000
36,2026-06-17T17:50:11.132000+00:00,18.0505,103.132,1.0000,1.0000,23.132,1.0000,1.0000
36,2026-06-17T17:50:20.451500+00:00,18.0531,112.451,1.0000,1.0000,32.452,1.0000,1.0000
36,2026-06-17T17:50:30.175500+00:00,18.0558,122.175,1.0000,1.0000,42.175,1.0000,1.0000
36,2026-06-17T17:50:39.642500+00:00,18.0584,131.643,1.0000,1.0000,51.642,0.7893,0.4955
36,2026-06-17T17:50:49.073000+00:00,18.0610,141.073,1.0000,1.0000,1.073,0.0196,46.0030
37,2026-06-17T18:16:22.858000+00:00,18.4871,174.858,1.0000,1.0000,34.858,1.0000,1.0000
37,2026-06-17T18:16:31.380000+00:00,18.4894,183.380,1.0000,1.0000,43.380,1.0000,1.0000
37,2026-06-17T18:16:39.866000+00:00,18.4918,191.866,1.0000,1.0000,51.866,0.7649,0.4737
37,2026-06-17T18:16:48.407500+00:00,18.4942,200.407,nan,nan,0.407,nan,nan
37,2026-06-17T18:16:56.991000+00:00,18.4966,208.991,1.0000,1.0000,8.991,0.8527,1.2446
37,2026-06-17T18:17:05.379500+00:00,18.4989,217.380,1.0000,1.0000,17.380,1.0000,1.0000
37,2026-06-17T18:17:13.998000+00:00,18.5013,225.998,1.0000,1.0000,25.998,1.0000,1.0000
37,2026-06-17T18:17:22.833500+00:00,18.5037,234.833,1.0000,1.0000,34.834,1.0000,1.0000
37,2026-06-17T18:17:31.413000+00:00,18.5061,243.413,0.9920,0.9777,43.413,1.0000,1.0000
37,2026-06-17T18:17:39.801500+00:00,18.5084,251.802,0.9075,0.9369,51.801,0.7721,0.4800
37,2026-06-17T18:17:49.377500+00:00,18.5111,261.377,0.7181,0.8839,1.377,0.0321,22.3979
37,2026-06-17T18:17:58.116000+00:00,18.5135,270.116,0.4969,0.8211,10.116,0.9404,1.1041
37,2026-06-17T18:18:07.365500+00:00,18.5161,279.365,0.2645,0.7185,19.366,1.0000,1.0000
37,2026-06-17T18:18:16.287500+00:00,18.5186,288.288,0.0911,0.5176,28.288,1.0000,1.0000
37,2026-06-17T18:18:25.012500+00:00,18.5210,297.012,nan,nan,37.013,nan,nan
37,2026-06-17T18:18:33.699000+00:00,18.5234,5.699,0.0221,2.7686,45.699,1.0000,0.9916
37,2026-06-17T18:18:42.302500+00:00,18.5258,14.303,0.1338,1.5324,54.303,0.4604,0.2274
37,2026-06-17T18:18:50.743000+00:00,18.5281,22.743,0.3146,1.2877,2.743,0.1235,5.5683
37,2026-06-17T18:18:59.622500+00:00,18.5306,31.622,0.5424,1.1709,11.623,0.9976,1.0133
37,2026-06-17T18:19:08.672000+00:00,18.5331,40.672,0.7651,1.0985,20.672,1.0000,1.0000
38,2026-06-17T18:46:12.717000+00:00,18.9843,164.717,1.0000,1.0000,24.717,1.0000,1.0000
38,2026-06-17T18:46:22.324500+00:00,18.9869,174.325,1.0000,1.0000,34.325,1.0000,1.0000
38,2026-06-17T18:46:31.035000+00:00,18.9893,183.035,1.0000,1.0000,43.035,1.0000,1.0000
38,2026-06-17T18:46:39.877500+00:00,18.9918,191.877,1.0000,1.0000,51.877,0.7637,0.4726
38,2026-06-17T18:46:48.608500+00:00,18.9942,200.608,1.0000,1.0000,0.609,0.0063,1035.5700
38,2026-06-17T18:46:57.318000+00:00,18.9966,209.318,1.0000,1.0000,9.318,0.8817,1.1957
38,2026-06-17T18:47:06.227500+00:00,18.9991,218.227,1.0000,1.0000,18.227,1.0000,1.0000
38,2026-06-17T18:47:15.141500+00:00,19.0016,227.142,1.0000,1.0000,27.142,1.0000,1.0000
38,2026-06-17T18:47:24.117500+00:00,19.0041,236.118,1.0000,1.0000,36.117,1.0000,1.0000
38,2026-06-17T18:47:34.224000+00:00,19.0069,246.224,0.9737,0.9643,46.224,1.0000,0.9745
38,2026-06-17T18:47:43.296000+00:00,19.0094,255.296,0.8480,0.9187,55.296,0.3335,0.1233
38,2026-06-17T18:47:52.097500+00:00,19.0119,264.098,0.6521,0.8664,4.098,0.2611,3.1179
38,2026-06-17T18:48:00.951000+00:00,19.0143,272.951,0.4230,0.7952,12.951,1.0000,1.0000
38,2026-06-17T18:48:09.496000+00:00,19.0167,281.496,0.2169,0.6844,21.496,1.0000,1.0000
38,2026-06-17T18:48:18.190500+00:00,19.0191,290.190,0.0645,0.4423,30.191,1.0000,1.0000
38,2026-06-17T18:48:27.016000+00:00,19.0216,299.016,nan,nan,39.016,nan,nan
38,2026-06-17T18:48:35.858500+00:00,19.0240,7.859,0.0417,2.1460,47.858,1.0000,0.8664
38,2026-06-17T18:48:44.740500+00:00,19.0265,16.741,0.1801,1.4349,56.740,0.1712,0.0051
38,2026-06-17T18:48:53.603500+00:00,19.0289,25.604,0.3859,1.2419,5.604,0.4481,2.1242
38,2026-06-17T18:49:02.410000+00:00,19.0314,34.410,0.6144,1.1455,14.410,1.0000,1.0000
39,2026-06-17T19:16:16.012000+00:00,19.4852,168.012,1.0000,1.0000,28.012,1.0000,1.0000
39,2026-06-17T19:16:25.305000+00:00,19.4877,177.305,1.0000,1.0000,37.305,1.0000,1.0000
39,2026-06-17T19:16:34.525000+00:00,19.4903,186.525,1.0000,1.0000,46.525,1.0000,0.9606
39,2026-06-17T19:16:43.772000+00:00,19.4929,195.772,1.0000,1.0000,55.772,0.2762,0.0760
39,2026-06-17T19:16:53.170500+00:00,19.4955,205.171,1.0000,1.0000,5.170,0.3922,2.3346
39,2026-06-17T19:17:02.584500+00:00,19.4981,214.584,1.0000,1.0000,14.585,1.0000,1.0000
39,2026-06-17T19:17:11.890000+00:00,19.5007,223.890,1.0000,1.0000,23.890,1.0000,1.0000
39,2026-06-17T19:17:20.847500+00:00,19.5032,232.847,1.0000,1.0000,32.847,1.0000,1.0000
39,2026-06-17T19:17:29.986000+00:00,19.5057,241.986,0.9973,0.9845,41.986,1.0000,1.0000
39,2026-06-17T19:17:39.451000+00:00,19.5083,251.451,0.9128,0.9386,51.451,0.8094,0.5140
39,2026-06-17T19:17:48.440500+00:00,19.5108,260.440,nan,nan,0.441,nan,nan
39,2026-06-17T19:17:57.485000+00:00,19.5134,269.485,0.5135,0.8263,9.485,0.8955,1.1735
39,2026-06-17T19:18:06.463500+00:00,19.5158,278.464,0.2856,0.7314,18.463,1.0000,1.0000
39,2026-06-17T19:18:15.440500+00:00,19.5183,287.440,0.1043,0.5456,27.441,1.0000,1.0000
39,2026-06-17T19:18:24.396500+00:00,19.5208,296.397,0.0089,0.0217,36.397,1.0000,1.0000
39,2026-06-17T19:18:33.157000+00:00,19.5233,5.157,0.0181,3.0366,45.157,1.0000,0.9996
39,2026-06-17T19:18:41.995500+00:00,19.5257,13.995,0.1283,1.5474,53.995,0.5005,0.2595
39,2026-06-17T19:18:51.081500+00:00,19.5282,23.081,0.3228,1.2817,3.082,0.1540,4.6474
39,2026-06-17T19:19:00.306500+00:00,19.5308,32.306,0.5602,1.1643,12.306,1.0000,1.0006
39,2026-06-17T19:19:09.256500+00:00,19.5333,41.257,0.7779,1.0946,21.256,1.0000,1.0000
39,2026-06-17T19:19:18.064500+00:00,19.5357,50.065,0.9339,1.0434,30.064,1.0000,1.0000
39,2026-06-17T19:19:27.639000+00:00,19.5384,59.639,0.9999,1.0005,39.639,1.0000,1.0000
39,2026-06-17T19:19:36.708500+00:00,19.5409,68.709,1.0000,1.0000,48.709,0.9914,0.7828
40,2026-06-17T19:46:45.694000+00:00,19.9934,197.694,nan,nan,57.694,nan,nan
40,2026-06-17T19:46:56.332500+00:00,19.9964,208.333,1.0000,1.0000,8.332,0.7867,1.3581
40,2026-06-17T19:47:05.474500+00:00,19.9989,217.475,1.0000,1.0000,17.474,1.0000,1.0000
40,2026-06-17T19:47:14.977000+00:00,20.0015,226.977,1.0000,1.0000,26.977,1.0000,1.0000
40,2026-06-17T19:47:24.207500+00:00,20.0041,236.208,1.0000,1.0000,36.208,1.0000,1.0000
40,2026-06-17T19:47:33.894500+00:00,20.0068,245.894,0.9764,0.9659,45.895,1.0000,0.9863
40,2026-06-17T19:47:43.187000+00:00,20.0094,255.187,0.8501,0.9193,55.187,0.3470,0.1345
40,2026-06-17T19:47:52.638000+00:00,20.0120,264.638,0.6385,0.8627,4.638,0.3255,2.6632
40,2026-06-17T19:48:01.870500+00:00,20.0146,273.870,0.3994,0.7860,13.870,1.0000,1.0000
40,2026-06-17T19:48:11.045500+00:00,20.0171,283.046,0.1844,0.6556,23.046,1.0000,1.0000
40,2026-06-17T19:48:20.408000+00:00,20.0197,292.408,0.0390,0.3253,32.408,1.0000,1.0000
40,2026-06-17T19:48:29.499000+00:00,20.0222,1.499,0.0015,20.1925,41.499,1.0000,1.0000
40,2026-06-17T19:48:38.831500+00:00,20.0248,10.832,0.0783,1.7578,50.831,0.8688,0.5738
40,2026-06-17T19:48:48.332000+00:00,20.0275,20.332,nan,nan,0.332,nan,nan
40,2026-06-17T19:48:57.881500+00:00,20.0301,29.881,0.4969,1.1888,9.882,0.9250,1.1274
40,2026-06-17T19:49:07.347500+00:00,20.0328,39.347,0.7351,1.1075,19.348,1.0000,1.0000
40,2026-06-17T19:49:16.555500+00:00,20.0353,48.556,0.9129,1.0514,28.555,1.0000,1.0000
40,2026-06-17T19:49:25.766500+00:00,20.0379,57.767,0.9966,1.0051,37.767,1.0000,1.0000
40,2026-06-17T19:49:35.447500+00:00,20.0406,67.448,1.0000,1.0000,47.447,1.0000,0.9008
40,2026-06-17T19:49:45.366000+00:00,20.0433,77.366,nan,nan,57.366,nan,nan
40,2026-06-17T19:49:54.872500+00:00,20.0460,86.873,1.0000,1.0000,6.872,0.6132,1.6849
41,2026-06-17T20:16:44.576500+00:00,20.4931,196.577,1.0000,1.0000,56.577,0.1877,0.0127
41,2026-06-17T20:16:53.933000+00:00,20.4957,205.933,1.0000,1.0000,5.933,0.4912,1.9887
41,2026-06-17T20:17:03.484500+00:00,20.4984,215.484,1.0000,1.0000,15.485,1.0000,1.0000
41,2026-06-17T20:17:12.659500+00:00,20.5009,224.660,1.0000,1.0000,24.660,1.0000,1.0000
41,2026-06-17T20:17:22.145000+00:00,20.5035,234.145,1.0000,1.0000,34.145,1.0000,1.0000
41,2026-06-17T20:17:31.103500+00:00,20.5060,243.103,0.9934,0.9792,43.103,1.0000,1.0000
41,2026-06-17T20:17:40.523500+00:00,20.5086,252.524,0.8963,0.9332,52.523,0.6885,0.4092
41,2026-06-17T20:17:51.618500+00:00,20.5117,263.618,0.6640,0.8696,3.619,0.2080,3.6851
41,2026-06-17T20:18:00.843500+00:00,20.5143,272.844,0.4258,0.7962,12.844,1.0000,1.0000
41,2026-06-17T20:18:09.911000+00:00,20.5168,281.911,0.2080,0.6771,21.911,1.0000,1.0000
41,2026-06-17T20:18:18.673000+00:00,20.5192,290.673,0.0584,0.4199,30.673,1.0000,1.0000
41,2026-06-17T20:18:27.273500+00:00,20.5216,299.274,nan,nan,39.273,nan,nan
41,2026-06-17T20:18:36.046000+00:00,20.5241,8.046,0.0437,2.1116,48.046,1.0000,0.8492
41,2026-06-17T20:18:45.195000+00:00,20.5266,17.195,nan,nan,57.195,nan,nan
41,2026-06-17T20:18:54.106500+00:00,20.5291,26.107,0.3988,1.2348,6.106,0.5139,1.9246
41,2026-06-17T20:19:03.197000+00:00,20.5316,35.197,0.6344,1.1389,15.197,1.0000,1.0000
41,2026-06-17T20:19:12.236000+00:00,20.5341,44.236,0.8391,1.0760,24.236,1.0000,1.0000
41,2026-06-17T20:19:21.077500+00:00,20.5366,53.078,0.9675,1.0278,33.078,1.0000,1.0000
41,2026-06-17T20:19:30.039000+00:00,20.5391,62.039,1.0000,1.0000,42.039,1.0000,1.0000
41,2026-06-17T20:19:39.242500+00:00,20.5416,71.243,1.0000,1.0000,51.242,0.8304,0.5342
42,2026-06-17T20:46:32.279000+00:00,20.9897,184.279,1.0000,1.0000,44.279,1.0000,1.0000
42,2026-06-17T20:46:41.349500+00:00,20.9922,193.350,1.0000,1.0000,53.349,0.5847,0.3261
42,2026-06-17T20:46:50.392000+00:00,20.9947,202.392,1.0000,1.0000,2.392,0.0949,6.9995
42,2026-06-17T20:46:59.168000+00:00,20.9972,211.168,1.0000,1.0000,11.168,0.9882,1.0310
42,2026-06-17T20:47:08.233500+00:00,20.9997,220.233,1.0000,1.0000,20.233,1.0000,1.0000
42,2026-06-17T20:47:17.157000+00:00,21.0022,229.157,1.0000,1.0000,29.157,1.0000,1.0000
42,2026-06-17T20:47:26.040000+00:00,21.0046,238.040,1.0000,0.9993,38.040,1.0000,1.0000
42,2026-06-17T20:47:35.072000+00:00,21.0071,247.072,0.9661,0.9602,47.072,1.0000,0.9282
42,2026-06-17T20:47:43.895500+00:00,21.0096,255.895,0.8366,0.9154,55.895,0.2619,0.0645
42,2026-06-17T20:47:52.722000+00:00,21.0120,264.722,0.6364,0.8621,4.722,0.3358,2.6049
42,2026-06-17T20:48:01.581000+00:00,21.0145,273.581,0.4068,0.7889,13.581,1.0000,1.0000
42,2026-06-17T20:48:10.363000+00:00,21.0169,282.363,0.1985,0.6688,22.363,1.0000,1.0000
42,2026-06-17T20:48:19.252000+00:00,21.0194,291.252,0.0515,0.3909,31.252,1.0000,1.0000
42,2026-06-17T20:48:28.168000+00:00,21.0219,0.168,nan,nan,40.168,nan,nan
42,2026-06-17T20:48:37.312000+00:00,21.0244,9.312,0.0583,1.9193,49.312,0.9708,0.7219
42,2026-06-17T20:48:46.318500+00:00,21.0269,18.319,nan,nan,58.319,nan,nan
42,2026-06-17T20:48:55.349500+00:00,21.0294,27.349,0.4308,1.2184,7.349,0.6730,1.5634
42,2026-06-17T20:49:04.401500+00:00,21.0319,36.401,0.6645,1.1292,16.401,1.0000,1.0000
42,2026-06-17T20:49:14.539000+00:00,21.0348,46.539,0.8809,1.0626,26.539,1.0000,1.0000
42,2026-06-17T20:49:23.975500+00:00,21.0374,55.975,0.9889,1.0134,35.975,1.0000,1.0000
42,2026-06-17T20:49:33.074500+00:00,21.0399,65.075,1.0000,1.0000,45.075,1.0000,0.9999
43,2026-06-17T21:16:43.803500+00:00,21.4929,195.804,1.0000,1.0000,55.803,0.2725,0.0731
43,2026-06-17T21:16:53.172000+00:00,21.4955,205.172,1.0000,1.0000,5.172,0.3925,2.3335
43,2026-06-17T21:17:02.391000+00:00,21.4981,214.391,1.0000,1.0000,14.391,1.0000,1.0000
43,2026-06-17T21:17:11.244500+00:00,21.5005,223.244,1.0000,1.0000,23.244,1.0000,1.0000
43,2026-06-17T21:17:20.309500+00:00,21.5030,232.310,1.0000,1.0000,32.309,1.0000,1.0000
43,2026-06-17T21:17:29.021000+00:00,21.5054,241.021,0.9993,0.9891,41.021,1.0000,1.0000
43,2026-06-17T21:17:37.872500+00:00,21.5079,249.873,0.9347,0.9465,49.873,0.9411,0.6667
43,2026-06-17T21:17:46.711000+00:00,21.5104,258.711,nan,nan,58.711,nan,nan
43,2026-06-17T21:17:55.564000+00:00,21.5128,267.564,0.5636,0.8416,7.564,0.6991,1.5139
43,2026-06-17T21:18:04.683500+00:00,21.5154,276.683,0.3286,0.7544,16.683,1.0000,1.0000
43,2026-06-17T21:18:13.532000+00:00,21.5178,285.532,0.1367,0.5996,25.532,1.0000,1.0000
43,2026-06-17T21:18:22.443500+00:00,21.5203,294.443,0.0210,0.1794,34.444,1.0000,1.0000
43,2026-06-17T21:18:31.303000+00:00,21.5227,3.303,0.0075,5.0198,43.303,1.0000,1.0000
43,2026-06-17T21:18:40.270500+00:00,21.5252,12.271,0.0997,1.6469,52.270,0.7187,0.4342
43,2026-06-17T21:18:49.093000+00:00,21.5277,21.093,0.2752,1.3196,1.093,0.0203,43.3396
43,2026-06-17T21:18:58.014500+00:00,21.5302,30.015,0.5004,1.1874,10.014,0.9339,1.1138
43,2026-06-17T21:19:06.791500+00:00,21.5326,38.791,0.7221,1.1114,18.791,1.0000,1.0000
43,2026-06-17T21:19:15.704500+00:00,21.5351,47.705,0.8999,1.0561,27.704,1.0000,1.0000
43,2026-06-17T21:19:24.533500+00:00,21.5375,56.533,0.9918,1.0107,36.533,1.0000,1.0000
43,2026-06-17T21:19:33.532000+00:00,21.5400,65.532,1.0000,1.0000,45.532,1.0000,0.9951
44,2026-06-17T21:45:39.468500+00:00,21.9750,131.469,1.0000,1.0000,51.468,0.8076,0.5123
44,2026-06-17T21:45:48.792500+00:00,21.9776,140.792,1.0000,1.0000,0.792,0.0107,155.3159
44,2026-06-17T21:45:59.277500+00:00,21.9805,151.278,1.0000,1.0000,11.277,0.9911,1.0261
44,2026-06-17T21:46:10.006000+00:00,21.9835,162.006,1.0000,1.0000,22.006,1.0000,1.0000
44,2026-06-17T21:46:19.269000+00:00,21.9861,171.269,1.0000,1.0000,31.269,1.0000,1.0000
44,2026-06-17T21:46:28.302000+00:00,21.9886,180.302,1.0000,1.0000,40.302,1.0000,1.0000
44,2026-06-17T21:46:37.324000+00:00,21.9911,189.324,1.0000,1.0000,49.324,0.9702,0.7207
44,2026-06-17T21:46:46.314500+00:00,21.9936,198.315,nan,nan,58.315,nan,nan
44,2026-06-17T21:46:54.990000+00:00,21.9960,206.990,1.0000,1.0000,6.990,0.6282,1.6532
44,2026-06-17T21:47:03.849000+00:00,21.9985,215.849,1.0000,1.0000,15.849,1.0000,1.0000
44,2026-06-17T21:47:12.671000+00:00,22.0009,224.671,1.0000,1.0000,24.671,1.0000,1.0000
44,2026-06-17T21:47:21.501500+00:00,22.0034,233.501,1.0000,1.0000,33.502,1.0000,1.0000
44,2026-06-17T21:47:30.209500+00:00,22.0058,242.209,0.9967,0.9835,42.209,1.0000,1.0000
44,2026-06-17T21:47:38.916500+00:00,22.0082,250.917,0.9205,0.9413,50.916,0.8612,0.5656
44,2026-06-17T21:47:47.629500+00:00,22.0106,259.630,nan,nan,59.630,nan,nan
44,2026-06-17T21:47:56.612500+00:00,22.0131,268.613,0.5363,0.8334,8.613,0.8159,1.3079
44,2026-06-17T21:48:05.616500+00:00,22.0156,277.616,0.3058,0.7427,17.616,1.0000,1.0000
44,2026-06-17T21:48:14.535000+00:00,22.0181,286.535,0.1192,0.5727,26.535,1.0000,1.0000
44,2026-06-17T21:48:23.545000+00:00,22.0206,295.545,0.0135,0.0866,35.545,1.0000,1.0000
44,2026-06-17T21:48:32.319500+00:00,22.0230,4.319,0.0127,3.6402,44.319,1.0000,1.0000
45,2026-06-17T22:16:23.969500+00:00,22.4874,175.970,1.0000,1.0000,35.969,1.0000,1.0000
45,2026-06-17T22:16:33.256500+00:00,22.4900,185.256,1.0000,1.0000,45.257,1.0000,0.9989
45,2026-06-17T22:16:42.261000+00:00,22.4925,194.261,1.0000,1.0000,54.261,0.4657,0.2317
45,2026-06-17T22:16:51.217000+00:00,22.4949,203.217,1.0000,1.0000,3.217,0.1671,4.3580
45,2026-06-17T22:17:00.294500+00:00,22.4975,212.294,1.0000,1.0000,12.294,1.0000,1.0007
45,2026-06-17T22:17:09.328500+00:00,22.5000,221.328,1.0000,1.0000,21.328,1.0000,1.0000
45,2026-06-17T22:17:18.357500+00:00,22.5025,230.357,1.0000,1.0000,30.358,1.0000,1.0000
45,2026-06-17T22:17:27.432500+00:00,22.5050,239.433,1.0000,0.9959,39.432,1.0000,1.0000
45,2026-06-17T22:17:36.528000+00:00,22.5075,248.528,0.9510,0.9531,48.528,0.9952,0.8014
45,2026-06-17T22:17:45.688500+00:00,22.5101,257.688,nan,nan,57.688,nan,nan
45,2026-06-17T22:17:54.585000+00:00,22.5125,266.585,0.5889,0.8489,6.585,0.5763,1.7674
45,2026-06-17T22:18:04.237500+00:00,22.5152,276.238,0.3396,0.7598,16.238,1.0000,1.0000
45,2026-06-17T22:18:13.328000+00:00,22.5178,285.328,0.1404,0.6048,25.328,1.0000,1.0000
45,2026-06-17T22:18:22.334500+00:00,22.5203,294.334,0.0218,0.1882,34.334,1.0000,1.0000
45,2026-06-17T22:18:31.433000+00:00,22.5228,3.433,0.0081,4.7747,43.433,1.0000,1.0000
45,2026-06-17T22:18:40.255500+00:00,22.5252,12.255,0.0995,1.6479,52.255,0.7205,0.4356
45,2026-06-17T22:18:49.694000+00:00,22.5279,21.694,0.2893,1.3074,1.694,0.0484,13.7169
45,2026-06-17T22:18:58.662000+00:00,22.5303,30.662,0.5173,1.1806,10.662,0.9696,1.0602
45,2026-06-17T22:19:07.825500+00:00,22.5329,39.825,0.7460,1.1042,19.826,1.0000,1.0000
45,2026-06-17T22:19:17.114000+00:00,22.5355,49.114,0.9210,1.0484,29.114,1.0000,1.0000
46,2026-06-17T22:46:18.553000+00:00,22.9859,170.553,nan,nan,nan,nan,nan
46,2026-06-17T22:46:27.653500+00:00,22.9884,179.654,nan,nan,nan,nan,nan
46,2026-06-17T22:46:36.968500+00:00,22.9910,188.969,nan,nan,nan,nan,nan
46,2026-06-17T22:46:46.127500+00:00,22.9935,198.127,nan,nan,nan,nan,nan
46,2026-06-17T22:46:54.974000+00:00,22.9960,206.974,nan,nan,nan,nan,nan
46,2026-06-17T22:47:03.955500+00:00,22.9985,215.956,nan,nan,nan,nan,nan
46,2026-06-17T22:47:12.978500+00:00,23.0010,224.978,nan,nan,nan,nan,nan
46,2026-06-17T22:47:22.133500+00:00,23.0035,234.133,nan,nan,nan,nan,nan
46,2026-06-17T22:47:31.281000+00:00,23.0061,243.281,nan,nan,nan,nan,nan
46,2026-06-17T22:47:40.556000+00:00,23.0087,252.556,nan,nan,nan,nan,nan
46,2026-06-17T22:47:49.426000+00:00,23.0111,261.426,nan,nan,nan,nan,nan
46,2026-06-17T22:47:58.352500+00:00,23.0136,270.353,nan,nan,nan,nan,nan
46,2026-06-17T22:48:07.499000+00:00,23.0161,279.499,nan,nan,nan,nan,nan
46,2026-06-17T22:48:16.202000+00:00,23.0186,288.202,nan,nan,nan,nan,nan
46,2026-06-17T22:48:25.384000+00:00,23.0211,297.384,nan,nan,nan,nan,nan
46,2026-06-17T22:48:34.169500+00:00,23.0235,6.170,nan,nan,nan,nan,nan
46,2026-06-17T22:48:42.973000+00:00,23.0260,14.973,nan,nan,nan,nan,nan
46,2026-06-17T22:48:51.752000+00:00,23.0284,23.752,nan,nan,nan,nan,nan
46,2026-06-17T22:49:00.792000+00:00,23.0309,32.792,nan,nan,nan,nan,nan
46,2026-06-17T22:49:09.679500+00:00,23.0334,41.679,nan,nan,nan,nan,nan
46,2026-06-17T22:49:18.500500+00:00,23.0359,50.501,nan,nan,nan,nan,nan
46,2026-06-17T22:49:28.200000+00:00,23.0386,60.200,nan,nan,nan,nan,nan
47,2026-06-17T23:16:40.227000+00:00,23.4919,192.227,nan,nan,nan,nan,nan
47,2026-06-17T23:16:49.240000+00:00,23.4944,201.240,nan,nan,nan,nan,nan
47,2026-06-17T23:16:58.057500+00:00,23.4968,210.058,nan,nan,nan,nan,nan
47,2026-06-17T23:17:06.868000+00:00,23.4993,218.868,nan,nan,nan,nan,nan
47,2026-06-17T23:17:15.541000+00:00,23.5017,227.541,nan,nan,nan,nan,nan
47,2026-06-17T23:17:24.722500+00:00,23.5043,236.722,nan,nan,nan,nan,nan
47,2026-06-17T23:17:33.324000+00:00,23.5066,245.324,nan,nan,nan,nan,nan
47,2026-06-17T23:17:42.092500+00:00,23.5091,254.093,nan,nan,nan,nan,nan
47,2026-06-17T23:17:51.319000+00:00,23.5116,263.319,nan,nan,nan,nan,nan
47,2026-06-17T23:18:00.373000+00:00,23.5142,272.373,nan,nan,nan,nan,nan
47,2026-06-17T23:18:09.502500+00:00,23.5167,281.502,nan,nan,nan,nan,nan
47,2026-06-17T23:18:18.712000+00:00,23.5193,290.712,nan,nan,nan,nan,nan
47,2026-06-17T23:18:27.746500+00:00,23.5218,299.747,nan,nan,nan,nan,nan
47,2026-06-17T23:18:36.734500+00:00,23.5243,8.735,nan,nan,nan,nan,nan
47,2026-06-17T23:18:45.550500+00:00,23.5267,17.550,nan,nan,nan,nan,nan
47,2026-06-17T23:18:54.557000+00:00,23.5292,26.557,nan,nan,nan,nan,nan
47,2026-06-17T23:19:03.425000+00:00,23.5317,35.425,nan,nan,nan,nan,nan
47,2026-06-17T23:19:12.249500+00:00,23.5341,44.249,nan,nan,nan,nan,nan
47,2026-06-17T23:19:21.208500+00:00,23.5366,53.209,nan,nan,nan,nan,nan
47,2026-06-17T23:19:29.816500+00:00,23.5390,61.816,nan,nan,nan,nan,nan
48,2026-06-17T23:44:31.824000+00:00,23.9562,63.824,nan,nan,nan,nan,nan
48,2026-06-17T23:44:41.511500+00:00,23.9589,73.511,nan,nan,nan,nan,nan
48,2026-06-17T23:44:50.986500+00:00,23.9615,82.987,nan,nan,nan,nan,nan
48,2026-06-17T23:45:00.091000+00:00,23.9641,92.091,nan,nan,nan,nan,nan
48,2026-06-17T23:45:09.700500+00:00,23.9667,101.701,nan,nan,nan,nan,nan
48,2026-06-17T23:45:19.113000+00:00,23.9694,111.113,nan,nan,nan,nan,nan
48,2026-06-17T23:45:28.457500+00:00,23.9720,120.457,nan,nan,nan,nan,nan
48,2026-06-17T23:45:37.728000+00:00,23.9745,129.728,nan,nan,nan,nan,nan
48,2026-06-17T23:45:47.011500+00:00,23.9771,139.012,nan,nan,nan,nan,nan
48,2026-06-17T23:45:56.837500+00:00,23.9798,148.838,nan,nan,nan,nan,nan
48,2026-06-17T23:46:05.986500+00:00,23.9824,157.987,nan,nan,nan,nan,nan
48,2026-06-17T23:46:15.516500+00:00,23.9850,167.517,nan,nan,nan,nan,nan
48,2026-06-17T23:46:24.779500+00:00,23.9876,176.780,nan,nan,nan,nan,nan
48,2026-06-17T23:46:34.158000+00:00,23.9902,186.158,nan,nan,nan,nan,nan
48,2026-06-17T23:46:43.542000+00:00,23.9928,195.542,nan,nan,nan,nan,nan
48,2026-06-17T23:46:53.104500+00:00,23.9955,205.105,nan,nan,nan,nan,nan
48,2026-06-17T23:47:02.763000+00:00,23.9982,214.763,nan,nan,nan,nan,nan
48,2026-06-17T23:47:12.295000+00:00,24.0008,224.295,nan,nan,nan,nan,nan
48,2026-06-17T23:47:21.818500+00:00,24.0034,233.819,nan,nan,nan,nan,nan
48,2026-06-17T23:47:31.292000+00:00,24.0061,243.292,nan,nan,nan,nan,nan
